20221107,09:15:00,1070.00,1,347725
20221107,09:15:00,1160.00,50,347725
20221107,09:15:01,1075.00,25,347725
20221107,09:15:02,1005.00,100,347725
20221107,09:15:04,1103.95,100,347725
20221107,09:15:05,1104.55,175,347725
20221107,09:15:06,1101.90,400,347725
20221107,09:15:07,1094.05,525,347725
20221107,09:15:08,1075.00,275,347725
20221107,09:15:10,1054.90,275,347725
20221107,09:15:11,1038.45,275,347725
20221107,09:15:12,1044.00,125,347725
20221107,09:15:13,1050.95,125,347725
20221107,09:15:15,1047.95,200,347725
20221107,09:15:16,1052.05,125,347725
20221107,09:15:17,1060.05,25,347725
20221107,09:15:20,1061.45,150,347725
20221107,09:15:22,1068.05,150,347725
20221107,09:15:23,1070.00,25,347725
20221107,09:15:25,1076.15,225,347725
20221107,09:15:26,1088.50,400,347725
20221107,09:15:28,1092.10,525,347725
20221107,09:15:30,1103.75,325,347725
20221107,09:15:31,1100.00,450,347725
20221107,09:15:33,1090.00,1400,347725
20221107,09:15:34,1109.90,375,347725
20221107,09:15:36,1099.55,1050,347725
20221107,09:15:37,1108.40,125,347725
20221107,09:15:39,1110.95,2775,347725
20221107,09:15:41,1112.10,325,347725
20221107,09:15:42,1121.25,175,347725
20221107,09:15:44,1114.55,325,347725
20221107,09:15:46,1125.00,275,347725
20221107,09:15:47,1131.65,2250,347725
20221107,09:15:49,1131.15,325,347725
20221107,09:15:50,1125.00,900,347725
20221107,09:15:52,1140.00,775,347725
20221107,09:15:54,1147.65,850,347725
20221107,09:15:55,1146.80,650,347725
20221107,09:15:57,1150.00,400,347725
20221107,09:15:59,1150.00,1475,347725
20221107,09:16:00,1149.90,100,347725
20221107,09:16:02,1150.00,775,347725
20221107,09:16:03,1149.95,125,347725
20221107,09:16:05,1150.00,350,347725
20221107,09:16:07,1152.20,1925,347725
20221107,09:16:08,1150.70,325,347725
20221107,09:16:10,1160.85,175,347725
20221107,09:16:12,1161.95,175,347725
20221107,09:16:13,1163.20,300,347725
20221107,09:16:15,1166.40,450,347725
20221107,09:16:16,1170.25,175,347725
20221107,09:16:18,1177.30,475,347725
20221107,09:16:20,1179.00,875,347725
20221107,09:16:21,1173.95,300,347725
20221107,09:16:23,1171.55,225,347725
20221107,09:16:24,1165.35,75,347725
20221107,09:16:26,1164.50,200,347725
20221107,09:16:28,1177.00,175,347725
20221107,09:16:29,1177.00,2325,347725
20221107,09:16:31,1177.00,725,347725
20221107,09:16:33,1178.60,725,347725
20221107,09:16:34,1178.85,425,347725
20221107,09:16:36,1179.00,25,347725
20221107,09:16:38,1165.05,100,347725
20221107,09:16:39,1164.00,50,347725
20221107,09:16:41,1169.00,150,347725
20221107,09:16:42,1171.70,75,347725
20221107,09:16:44,1165.00,125,347725
20221107,09:16:46,1167.00,225,347725
20221107,09:16:47,1158.20,200,347725
20221107,09:16:49,1157.10,700,347725
20221107,09:16:51,1150.00,300,347725
20221107,09:16:52,1141.00,275,347725
20221107,09:16:54,1141.00,725,347725
20221107,09:16:56,1130.30,75,347725
20221107,09:16:57,1127.00,150,347725
20221107,09:16:59,1120.00,350,347725
20221107,09:17:00,1121.00,675,347725
20221107,09:17:02,1127.00,575,347725
20221107,09:17:04,1132.00,1375,347725
20221107,09:17:05,1135.00,525,347725
20221107,09:17:07,1145.00,250,347725
20221107,09:17:09,1147.00,100,347725
20221107,09:17:10,1147.00,800,347725
20221107,09:17:12,1137.55,300,347725
20221107,09:17:17,1140.00,25,347725
20221107,09:17:18,1141.90,50,347725
20221107,09:17:20,1144.00,575,347725
20221107,09:17:22,1140.95,75,347725
20221107,09:17:23,1142.95,100,347725
20221107,09:17:25,1133.00,50,339325
20221107,09:17:27,1137.85,150,339325
20221107,09:17:28,1140.00,25,339325
20221107,09:17:30,1144.85,75,339325
20221107,09:17:31,1138.00,175,339325
20221107,09:17:33,1140.00,200,339325
20221107,09:17:35,1145.65,50,339325
20221107,09:17:36,1145.00,50,339325
20221107,09:17:40,1139.00,775,339325
20221107,09:17:41,1137.00,125,339325
20221107,09:17:51,1129.65,50,339325
20221107,09:17:53,1130.10,25,339325
20221107,09:17:54,1135.00,50,339325
20221107,09:17:56,1135.20,75,339325
20221107,09:17:59,1134.25,125,339325
20221107,09:18:03,1136.00,100,339325
20221107,09:18:04,1135.60,100,339325
20221107,09:18:06,1138.60,1650,339325
20221107,09:18:08,1139.00,150,339325
20221107,09:18:11,1136.20,400,339325
20221107,09:18:13,1132.00,25,339325
20221107,09:18:14,1140.90,250,339325
20221107,09:18:19,1136.05,25,339325
20221107,09:18:21,1136.00,325,339325
20221107,09:18:22,1138.00,125,339325
20221107,09:18:24,1132.00,25,339325
20221107,09:18:26,1130.00,125,339325
20221107,09:18:27,1130.00,75,339325
20221107,09:18:29,1128.70,375,339325
20221107,09:18:31,1132.20,50,339325
20221107,09:18:34,1137.00,25,339325
20221107,09:18:36,1133.75,75,339325
20221107,09:18:41,1130.00,200,339325
20221107,09:18:42,1124.60,25,339325
20221107,09:18:46,1128.60,50,339325
20221107,09:18:47,1132.85,50,339325
20221107,09:18:49,1130.95,75,339325
20221107,09:18:51,1130.00,125,339325
20221107,09:18:52,1132.90,150,339325
20221107,09:18:56,1132.25,125,339325
20221107,09:19:01,1134.05,150,339325
20221107,09:19:02,1130.05,25,339325
20221107,09:19:06,1132.65,250,339325
20221107,09:19:07,1135.00,25,339325
20221107,09:19:09,1134.00,100,339325
20221107,09:19:14,1140.00,50,339325
20221107,09:19:16,1145.40,75,339325
20221107,09:19:17,1144.80,25,339325
20221107,09:19:19,1142.80,25,339325
20221107,09:19:21,1138.05,50,339325
20221107,09:19:22,1136.40,50,339325
20221107,09:19:26,1137.95,25,339325
20221107,09:19:29,1136.15,100,339325
20221107,09:19:31,1141.90,50,339325
20221107,09:19:32,1144.00,100,339325
20221107,09:19:34,1140.00,175,339325
20221107,09:19:37,1137.95,25,339325
20221107,09:19:39,1140.00,50,339325
20221107,09:19:41,1139.30,50,339325
20221107,09:19:44,1135.00,50,339325
20221107,09:19:54,1138.00,25,339325
20221107,09:20:01,1140.00,50,339325
20221107,09:20:02,1144.00,550,339325
20221107,09:20:04,1145.00,1800,339325
20221107,09:20:06,1147.90,25,339325
20221107,09:20:07,1148.00,75,339325
20221107,09:20:09,1149.00,400,339325
20221107,09:20:11,1148.95,600,339325
20221107,09:20:12,1150.35,100,339325
20221107,09:20:14,1146.65,100,339325
20221107,09:20:17,1143.10,300,339325
20221107,09:20:19,1147.60,50,339325
20221107,09:20:22,1143.30,350,339325
20221107,09:20:26,1146.65,2000,334600
20221107,09:20:32,1143.95,75,334600
20221107,09:20:34,1139.85,75,334600
20221107,09:20:36,1137.30,25,334600
20221107,09:20:39,1143.05,25,334600
20221107,09:20:44,1131.80,275,334600
20221107,09:20:47,1130.80,25,334600
20221107,09:20:49,1133.00,100,334600
20221107,09:20:51,1136.45,675,334600
20221107,09:20:52,1141.95,25,334600
20221107,09:20:54,1139.05,50,334600
20221107,09:20:56,1138.20,25,334600
20221107,09:20:59,1130.00,100,334600
20221107,09:21:02,1130.00,125,334600
20221107,09:21:04,1133.95,50,334600
20221107,09:21:09,1133.85,50,334600
20221107,09:21:11,1133.95,25,334600
20221107,09:21:14,1132.25,600,334600
20221107,09:21:16,1138.00,150,334600
20221107,09:21:17,1136.65,125,334600
20221107,09:21:19,1142.55,1900,334600
20221107,09:21:21,1145.00,425,334600
20221107,09:21:22,1146.70,300,334600
20221107,09:21:24,1146.90,25,334600
20221107,09:21:27,1146.70,500,334600
20221107,09:21:29,1144.00,250,334600
20221107,09:21:31,1147.00,175,334600
20221107,09:21:34,1149.00,975,334600
20221107,09:21:36,1147.00,200,334600
20221107,09:21:37,1147.95,50,334600
20221107,09:21:39,1146.00,300,334600
20221107,09:21:42,1149.95,950,334600
20221107,09:21:44,1146.00,25,334600
20221107,09:21:46,1148.95,300,334600
20221107,09:21:47,1146.00,200,334600
20221107,09:21:49,1149.95,175,334600
20221107,09:21:51,1150.00,400,334600
20221107,09:21:52,1148.40,275,334600
20221107,09:21:54,1152.50,125,334600
20221107,09:21:56,1147.05,100,334600
20221107,09:21:57,1148.85,50,334600
20221107,09:22:06,1146.20,50,334600
20221107,09:22:11,1144.00,75,334600
20221107,09:22:22,1144.00,75,334600
20221107,09:22:24,1141.10,25,334600
20221107,09:22:27,1140.00,25,334600
20221107,09:22:31,1139.55,25,334600
20221107,09:22:34,1142.40,75,334600
20221107,09:22:46,1145.00,75,334600
20221107,09:22:47,1142.85,25,334600
20221107,09:22:49,1142.20,100,334600
20221107,09:22:51,1136.70,25,334600
20221107,09:22:56,1142.00,75,334600
20221107,09:22:57,1129.05,50,334600
20221107,09:22:59,1134.10,50,334600
20221107,09:23:02,1125.25,25,334600
20221107,09:23:04,1128.90,50,334600
20221107,09:23:09,1115.85,50,334600
20221107,09:23:11,1112.00,25,334600
20221107,09:23:14,1120.00,50,334600
20221107,09:23:17,1118.65,100,334600
20221107,09:23:19,1116.55,150,334600
20221107,09:23:20,1118.00,100,334600
20221107,09:23:22,1118.65,25,334600
20221107,09:23:24,1116.55,900,328800
20221107,09:23:25,1125.00,75,328800
20221107,09:23:29,1128.40,75,328800
20221107,09:23:30,1131.90,125,328800
20221107,09:23:34,1126.00,375,328800
20221107,09:23:39,1124.35,75,328800
20221107,09:23:44,1129.35,250,328800
20221107,09:23:45,1129.45,75,328800
20221107,09:23:49,1130.00,25,328800
20221107,09:23:52,1129.45,500,328800
20221107,09:23:57,1135.00,25,328800
20221107,09:24:00,1133.15,50,328800
20221107,09:24:02,1137.00,75,328800
20221107,09:24:04,1138.00,125,328800
20221107,09:24:05,1138.90,125,328800
20221107,09:24:07,1139.00,225,328800
20221107,09:24:40,1125.00,25,328800
20221107,09:24:45,1125.15,25,328800
20221107,09:24:49,1125.00,50,328800
20221107,09:24:50,1121.95,25,328800
20221107,09:24:55,1123.20,100,328800
20221107,09:25:00,1119.10,75,328800
20221107,09:25:05,1117.80,50,328800
20221107,09:25:15,1114.65,350,328800
20221107,09:25:17,1116.25,75,328800
20221107,09:25:19,1116.00,50,328800
20221107,09:25:30,1125.00,25,328800
20221107,09:25:32,1129.75,50,328800
20221107,09:25:35,1117.15,75,328800
20221107,09:25:39,1120.45,25,328800
20221107,09:25:55,1116.10,25,328800
20221107,09:26:00,1124.00,25,328800
20221107,09:26:05,1116.00,25,328800
20221107,09:26:07,1118.95,25,328800
20221107,09:26:12,1117.00,25,328800
20221107,09:26:25,1125.00,1050,327900
20221107,09:26:27,1126.45,75,327900
20221107,09:26:29,1117.95,225,327900
20221107,09:26:32,1119.00,50,327900
20221107,09:26:40,1122.90,25,327900
20221107,09:26:44,1122.65,50,327900
20221107,09:26:45,1122.65,25,327900
20221107,09:26:49,1127.00,75,327900
20221107,09:26:52,1128.60,100,327900
20221107,09:26:54,1128.00,25,327900
20221107,09:26:55,1132.70,375,327900
20221107,09:26:59,1124.05,25,327900
20221107,09:27:02,1129.45,25,327900
20221107,09:27:04,1129.70,25,327900
20221107,09:27:07,1135.00,50,327900
20221107,09:27:09,1134.90,50,327900
20221107,09:27:10,1138.30,125,327900
20221107,09:27:12,1134.00,50,327900
20221107,09:27:14,1136.15,100,327900
20221107,09:27:15,1136.40,25,327900
20221107,09:27:19,1139.00,25,327900
20221107,09:27:20,1142.00,50,327900
20221107,09:27:22,1144.00,25,327900
20221107,09:27:24,1141.00,175,327900
20221107,09:27:27,1140.00,125,327900
20221107,09:27:30,1135.25,25,327900
20221107,09:27:32,1136.55,175,327900
20221107,09:27:34,1140.00,25,327900
20221107,09:27:37,1140.00,100,327900
20221107,09:27:39,1138.50,75,327900
20221107,09:27:45,1145.45,375,327900
20221107,09:27:47,1147.00,250,327900
20221107,09:27:49,1149.45,25,327900
20221107,09:27:50,1145.00,100,327900
20221107,09:27:54,1144.65,125,327900
20221107,09:28:04,1149.05,300,327900
20221107,09:28:05,1154.85,75,327900
20221107,09:28:09,1153.30,100,327900
20221107,09:28:10,1154.70,1800,327900
20221107,09:28:12,1161.00,25,327900
20221107,09:28:14,1160.00,500,327900
20221107,09:28:15,1157.30,150,327900
20221107,09:28:17,1157.85,25,327900
20221107,09:28:19,1154.75,175,327900
20221107,09:28:20,1155.00,25,327900
20221107,09:28:22,1152.10,100,327900
20221107,09:28:25,1149.65,75,327900
20221107,09:28:27,1148.95,250,327900
20221107,09:28:29,1150.40,50,327900
20221107,09:28:30,1151.10,25,327900
20221107,09:28:32,1148.95,125,327900
20221107,09:28:34,1146.25,25,327900
20221107,09:28:35,1148.30,200,327900
20221107,09:28:37,1145.00,250,327900
20221107,09:28:39,1148.00,50,327900
20221107,09:28:40,1142.25,50,327900
20221107,09:28:44,1137.00,400,327900
20221107,09:28:52,1140.00,75,327900
20221107,09:28:55,1144.45,50,327900
20221107,09:28:59,1143.55,50,327900
20221107,09:29:02,1143.75,25,327900
20221107,09:29:05,1141.20,50,327900
20221107,09:29:07,1142.95,75,327900
20221107,09:29:08,1141.60,50,327900
20221107,09:29:15,1145.80,125,327900
20221107,09:29:17,1150.40,25,327900
20221107,09:29:18,1151.00,25,327900
20221107,09:29:20,1151.00,100,327900
20221107,09:29:23,1149.70,75,327900
20221107,09:29:25,1145.00,100,325975
20221107,09:29:30,1146.70,75,325975
20221107,09:29:33,1145.45,25,325975
20221107,09:29:38,1149.00,50,325975
20221107,09:29:40,1147.75,50,325975
20221107,09:29:45,1146.00,25,325975
20221107,09:29:48,1150.65,50,325975
20221107,09:29:52,1149.05,50,325975
20221107,09:29:53,1148.10,25,325975
20221107,09:29:55,1149.65,100,325975
20221107,09:29:57,1149.70,25,325975
20221107,09:30:05,1152.00,50,325975
20221107,09:30:20,1149.40,225,325975
20221107,09:30:22,1148.05,2925,325975
20221107,09:30:23,1148.50,50,325975
20221107,09:30:28,1151.00,150,325975
20221107,09:30:30,1150.00,25,325975
20221107,09:30:33,1156.80,3525,325975
20221107,09:30:35,1151.35,5950,325975
20221107,09:30:37,1151.05,675,325975
20221107,09:30:40,1145.00,25,325975
20221107,09:30:45,1140.00,150,325975
20221107,09:30:47,1140.15,150,325975
20221107,09:30:48,1140.50,75,325975
20221107,09:30:50,1142.25,225,325975
20221107,09:30:52,1144.65,275,325975
20221107,09:30:53,1145.00,1650,325975
20221107,09:30:55,1141.70,50,325975
20221107,09:30:57,1139.20,125,325975
20221107,09:30:58,1142.95,25,325975
20221107,09:31:00,1137.80,300,325975
20221107,09:31:02,1142.85,275,325975
20221107,09:31:05,1141.95,25,325975
20221107,09:31:12,1143.00,50,325975
20221107,09:31:15,1150.00,150,325975
20221107,09:31:17,1147.90,25,325975
20221107,09:31:20,1151.70,25,325975
20221107,09:31:22,1149.35,75,325975
20221107,09:31:24,1155.00,25,325975
20221107,09:31:29,1154.00,25,325975
20221107,09:31:30,1153.85,75,325975
20221107,09:31:37,1155.00,50,325975
20221107,09:31:47,1158.60,25,325975
20221107,09:31:50,1156.25,25,325975
20221107,09:31:57,1157.50,125,325975
20221107,09:32:00,1153.55,25,325975
20221107,09:32:18,1155.00,25,325975
20221107,09:32:27,1160.00,50,332825
20221107,09:32:30,1159.00,25,332825
20221107,09:32:31,1160.85,50,332825
20221107,09:32:33,1160.00,50,332825
20221107,09:32:38,1161.65,25,332825
20221107,09:32:44,1157.95,50,332825
20221107,09:32:53,1154.15,125,332825
20221107,09:32:56,1154.30,50,332825
20221107,09:32:58,1156.70,50,332825
20221107,09:33:02,1151.65,25,332825
20221107,09:33:04,1147.80,375,332825
20221107,09:33:06,1154.05,100,332825
20221107,09:33:14,1149.25,50,332825
20221107,09:33:16,1147.10,25,332825
20221107,09:33:19,1149.15,50,332825
20221107,09:33:23,1148.00,100,332825
20221107,09:33:24,1148.00,25,332825
20221107,09:33:34,1148.00,25,332825
20221107,09:33:51,1147.75,25,332825
20221107,09:33:53,1147.80,25,332825
20221107,09:33:58,1148.65,100,332825
20221107,09:33:59,1148.40,100,332825
20221107,09:34:06,1149.95,25,332825
20221107,09:34:09,1151.35,150,332825
20221107,09:34:13,1145.00,175,332825
20221107,09:34:27,1133.70,25,332825
20221107,09:34:29,1138.45,225,332825
20221107,09:34:30,1134.75,25,332825
20221107,09:34:34,1139.95,50,332825
20221107,09:34:42,1138.55,75,332825
20221107,09:34:45,1133.50,25,332825
20221107,09:34:47,1128.20,125,332825
20221107,09:34:49,1127.95,75,332825
20221107,09:34:50,1123.00,50,332825
20221107,09:34:54,1121.90,25,332825
20221107,09:34:55,1130.00,50,332825
20221107,09:35:04,1115.80,50,332825
20221107,09:35:09,1110.30,25,332825
20221107,09:35:12,1115.80,25,332825
20221107,09:35:15,1118.60,50,332825
20221107,09:35:17,1115.60,25,332825
20221107,09:35:39,1128.00,50,332700
20221107,09:35:44,1116.05,25,332700
20221107,09:35:49,1116.40,25,332700
20221107,09:35:54,1116.00,250,332700
20221107,09:36:03,1111.35,500,332700
20221107,09:36:05,1113.75,275,332700
20221107,09:36:07,1115.00,250,332700
20221107,09:36:11,1118.30,100,332700
20221107,09:36:18,1125.00,125,332700
20221107,09:36:20,1126.45,450,332700
20221107,09:36:23,1128.10,25,332700
20221107,09:36:30,1140.00,25,332700
20221107,09:36:35,1133.95,25,332700
20221107,09:36:48,1128.70,50,332700
20221107,09:36:57,1135.00,25,332700
20221107,09:37:07,1133.00,25,332700
20221107,09:37:08,1127.05,50,332700
20221107,09:37:15,1124.80,25,332700
20221107,09:37:23,1129.65,25,332700
20221107,09:37:26,1125.40,25,332700
20221107,09:37:30,1125.20,25,332700
20221107,09:37:31,1130.00,50,332700
20221107,09:37:35,1128.75,25,332700
20221107,09:37:38,1131.70,300,332700
20221107,09:37:55,1135.00,25,332700
20221107,09:37:56,1135.00,75,332700
20221107,09:38:01,1131.85,25,332700
20221107,09:38:10,1129.80,75,332700
20221107,09:38:11,1131.05,25,332700
20221107,09:38:21,1128.00,100,332700
20221107,09:38:35,1127.25,500,332650
20221107,09:38:36,1127.50,50,332650
20221107,09:38:45,1125.75,50,332650
20221107,09:38:50,1124.00,100,332650
20221107,09:39:06,1115.00,100,332650
20221107,09:39:08,1112.95,900,332650
20221107,09:39:11,1116.90,25,332650
20221107,09:39:18,1116.55,350,332650
20221107,09:39:23,1120.00,25,332650
20221107,09:39:24,1122.70,100,332650
20221107,09:39:33,1122.70,25,332650
20221107,09:39:48,1118.95,50,332650
20221107,09:40:00,1118.60,25,332650
20221107,09:40:01,1118.00,25,332650
20221107,09:40:06,1114.80,25,332650
20221107,09:40:10,1116.25,25,332650
20221107,09:40:18,1119.90,25,332650
20221107,09:40:19,1117.25,350,332650
20221107,09:40:23,1114.75,25,332650
20221107,09:40:46,1113.90,100,332650
20221107,09:40:48,1112.00,25,332650
20221107,09:40:49,1111.00,50,332650
20221107,09:40:53,1113.50,200,332650
20221107,09:40:54,1110.00,175,332650
20221107,09:41:06,1115.00,25,332650
20221107,09:41:17,1120.00,50,332650
20221107,09:41:19,1120.00,25,332650
20221107,09:41:29,1120.00,100,333100
20221107,09:41:36,1122.55,25,333100
20221107,09:41:37,1123.50,150,333100
20221107,09:41:42,1121.20,25,333100
20221107,09:41:46,1126.00,50,333100
20221107,09:41:55,1127.50,25,333100
20221107,09:41:59,1130.00,100,333100
20221107,09:42:10,1133.85,25,333100
20221107,09:42:14,1130.00,225,333100
20221107,09:42:15,1133.00,25,333100
20221107,09:42:27,1136.50,25,333100
20221107,09:42:30,1138.55,25,333100
20221107,09:42:34,1136.45,100,333100
20221107,09:42:35,1136.25,75,333100
20221107,09:42:37,1135.50,50,333100
20221107,09:42:40,1136.95,25,333100
20221107,09:42:47,1136.80,25,333100
20221107,09:42:53,1130.00,300,333100
20221107,09:42:58,1129.65,125,333100
20221107,09:43:00,1131.35,25,333100
20221107,09:43:05,1126.45,50,333100
20221107,09:43:06,1125.55,25,333100
20221107,09:43:08,1125.30,800,333100
20221107,09:43:10,1123.35,100,333100
20221107,09:43:14,1124.05,25,333100
20221107,09:43:21,1122.00,25,333100
20221107,09:43:22,1118.45,25,333100
20221107,09:43:26,1123.65,100,333100
20221107,09:43:31,1117.15,25,333100
20221107,09:43:34,1119.80,50,333100
20221107,09:43:35,1119.25,25,333100
20221107,09:43:40,1120.85,25,333100
20221107,09:43:45,1116.10,75,333100
20221107,09:43:47,1119.95,25,333100
20221107,09:44:08,1117.10,50,333100
20221107,09:44:09,1117.95,25,333100
20221107,09:44:14,1119.95,25,333100
20221107,09:44:23,1123.00,125,333100
20221107,09:44:26,1125.00,25,333925
20221107,09:44:41,1122.45,25,333925
20221107,09:44:43,1120.70,50,333925
20221107,09:44:44,1118.80,25,333925
20221107,09:44:46,1117.10,125,333925
20221107,09:44:56,1120.00,50,333925
20221107,09:45:01,1121.55,25,333925
20221107,09:45:13,1117.10,50,333925
20221107,09:45:18,1110.00,50,333925
20221107,09:45:23,1112.55,25,333925
20221107,09:45:24,1113.95,75,333925
20221107,09:45:31,1111.90,25,333925
20221107,09:45:36,1108.65,25,333925
20221107,09:45:38,1112.65,25,333925
20221107,09:45:59,1105.25,100,333925
20221107,09:46:04,1103.65,25,333925
20221107,09:46:09,1100.85,150,333925
20221107,09:46:11,1100.80,25,333925
20221107,09:46:15,1105.25,50,333925
20221107,09:46:22,1106.00,25,333925
20221107,09:46:24,1105.00,50,333925
20221107,09:46:30,1107.95,25,333925
20221107,09:46:40,1108.95,75,333925
20221107,09:46:43,1106.50,25,333925
20221107,09:46:53,1105.00,25,333925
20221107,09:46:56,1104.65,100,333925
20221107,09:47:00,1106.55,25,333925
20221107,09:47:18,1104.10,175,333925
20221107,09:47:20,1105.00,25,333925
20221107,09:47:21,1104.50,75,333925
20221107,09:47:23,1105.00,50,333925
20221107,09:47:26,1106.05,25,333675
20221107,09:47:29,1105.50,25,333675
20221107,09:47:31,1104.00,25,333675
20221107,09:47:34,1104.50,25,333675
20221107,09:47:36,1103.95,250,333675
20221107,09:47:37,1101.95,100,333675
20221107,09:47:39,1104.00,25,333675
20221107,09:47:41,1104.00,1200,333675
20221107,09:47:42,1105.95,100,333675
20221107,09:47:50,1102.95,75,333675
20221107,09:47:52,1103.95,125,333675
20221107,09:47:54,1104.35,200,333675
20221107,09:47:55,1103.95,75,333675
20221107,09:47:57,1106.95,425,333675
20221107,09:47:59,1110.00,25,333675
20221107,09:48:00,1106.95,75,333675
20221107,09:48:03,1104.00,25,333675
20221107,09:48:05,1105.00,225,333675
20221107,09:48:07,1104.00,50,333675
20221107,09:48:10,1104.00,25,333675
20221107,09:48:12,1101.95,100,333675
20221107,09:48:13,1101.05,275,333675
20221107,09:48:15,1101.00,25,333675
20221107,09:48:16,1102.00,200,333675
20221107,09:48:18,1102.00,25,333675
20221107,09:48:20,1101.95,450,333675
20221107,09:48:21,1101.95,200,333675
20221107,09:48:23,1101.95,200,333675
20221107,09:48:25,1103.00,25,333675
20221107,09:48:30,1103.15,25,333675
20221107,09:48:33,1101.00,100,333675
20221107,09:48:35,1101.00,25,333675
20221107,09:48:36,1100.00,175,333675
20221107,09:48:38,1098.00,275,333675
20221107,09:48:40,1099.90,50,333675
20221107,09:48:41,1097.00,50,333675
20221107,09:48:52,1099.00,25,333675
20221107,09:48:53,1100.50,25,333675
20221107,09:48:55,1105.75,75,333675
20221107,09:49:31,1105.50,100,333675
20221107,09:49:33,1109.00,25,333675
20221107,09:49:40,1103.50,25,333675
20221107,09:49:48,1101.00,25,333675
20221107,09:49:50,1103.00,250,333675
20221107,09:50:00,1103.00,50,333675
20221107,09:50:16,1100.00,50,333675
20221107,09:50:23,1102.00,50,333675
20221107,09:50:41,1102.10,300,329700
20221107,09:50:42,1103.25,175,329700
20221107,09:50:44,1104.10,225,329700
20221107,09:50:57,1099.20,25,329700
20221107,09:51:15,1104.50,25,329700
20221107,09:51:19,1098.25,25,329700
20221107,09:51:22,1097.00,75,329700
20221107,09:51:27,1095.60,750,329700
20221107,09:51:41,1095.65,125,329700
20221107,09:51:46,1096.10,25,329700
20221107,09:51:51,1096.95,100,329700
20221107,09:51:55,1091.00,25,329700
20221107,09:52:03,1091.00,25,329700
20221107,09:52:31,1096.00,100,329700
20221107,09:52:34,1096.35,50,329700
20221107,09:53:11,1095.00,75,329700
20221107,09:53:36,1105.00,25,329800
20221107,09:53:41,1109.65,75,329800
20221107,09:54:27,1106.50,25,329800
20221107,09:54:32,1100.00,75,329800
20221107,09:55:05,1090.20,25,329800
20221107,09:55:19,1096.95,50,329800
20221107,09:55:31,1096.60,50,329800
20221107,09:55:36,1099.75,50,329800
20221107,09:55:38,1096.05,25,329800
20221107,09:55:46,1093.00,25,329800
20221107,09:56:06,1102.70,75,329800
20221107,09:56:19,1107.85,25,329800
20221107,09:56:21,1109.85,50,329800
20221107,09:56:22,1108.75,75,329800
20221107,09:56:24,1113.00,25,329800
20221107,09:56:34,1114.00,25,329700
20221107,09:56:36,1110.00,50,329700
20221107,09:56:39,1109.50,25,329700
20221107,09:56:41,1110.00,25,329700
20221107,09:56:44,1108.50,25,329700
20221107,09:56:50,1111.00,25,329700
20221107,09:56:52,1110.50,25,329700
20221107,09:56:54,1113.70,100,329700
20221107,09:56:57,1115.30,50,329700
20221107,09:57:02,1120.00,25,329700
20221107,09:57:04,1121.00,25,329700
20221107,09:57:05,1125.00,125,329700
20221107,09:57:09,1131.75,25,329700
20221107,09:57:10,1133.85,25,329700
20221107,09:57:14,1131.85,25,329700
20221107,09:57:19,1130.55,25,329700
20221107,09:57:24,1127.20,25,329700
20221107,09:57:29,1120.00,50,329700
20221107,09:57:42,1116.10,50,329700
20221107,09:57:44,1120.00,75,329700
20221107,09:57:47,1117.65,25,329700
20221107,09:58:25,1121.80,25,329700
20221107,09:58:28,1118.85,50,329700
20221107,09:58:31,1119.15,50,329700
20221107,09:58:35,1118.50,125,329700
20221107,09:58:36,1120.00,250,329700
20221107,09:58:41,1122.70,25,329700
20221107,09:58:56,1117.40,175,329700
20221107,09:58:58,1119.00,50,329700
20221107,09:58:59,1118.50,125,329700
20221107,09:59:01,1115.00,150,329700
20221107,09:59:03,1115.00,75,329700
20221107,09:59:06,1115.00,75,329700
20221107,09:59:11,1115.00,25,329700
20221107,09:59:13,1115.00,150,329700
20221107,09:59:19,1115.00,250,329700
20221107,09:59:24,1112.90,25,329700
20221107,09:59:37,1110.35,100,329325
20221107,10:00:00,1110.00,100,329325
20221107,10:00:05,1110.00,75,329325
20221107,10:00:06,1110.00,375,329325
20221107,10:00:08,1110.35,25,329325
20221107,10:00:14,1109.45,25,329325
20221107,10:00:24,1110.35,25,329325
20221107,10:00:31,1120.00,50,329325
20221107,10:00:33,1124.95,25,329325
20221107,10:00:36,1123.70,25,329325
20221107,10:00:39,1121.05,250,329325
20221107,10:00:43,1123.35,200,329325
20221107,10:00:53,1130.00,25,329325
20221107,10:00:59,1126.45,150,329325
20221107,10:01:01,1129.55,100,329325
20221107,10:01:03,1129.95,250,329325
20221107,10:01:06,1130.00,25,329325
20221107,10:01:09,1130.00,125,329325
20221107,10:01:14,1130.00,25,329325
20221107,10:01:17,1127.30,75,329325
20221107,10:01:19,1129.20,50,329325
20221107,10:01:31,1130.00,200,329325
20221107,10:01:32,1130.00,300,329325
20221107,10:01:34,1130.00,50,329325
20221107,10:01:36,1131.40,25,329325
20221107,10:01:37,1135.00,50,329325
20221107,10:01:39,1137.00,25,329325
20221107,10:01:51,1129.20,100,329325
20221107,10:02:04,1122.85,25,329325
20221107,10:02:19,1125.80,50,329325
20221107,10:02:26,1129.20,25,329325
20221107,10:02:51,1132.00,100,328575
20221107,10:02:53,1129.35,25,328575
20221107,10:03:01,1131.00,75,328575
20221107,10:03:14,1135.95,50,328575
20221107,10:03:19,1131.00,25,328575
20221107,10:03:21,1133.25,50,328575
20221107,10:03:23,1132.55,375,328575
20221107,10:03:24,1128.00,100,328575
20221107,10:03:38,1132.00,200,328575
20221107,10:04:08,1130.00,100,328575
20221107,10:04:37,1122.80,25,328575
20221107,10:04:40,1125.00,25,328575
20221107,10:04:42,1127.95,25,328575
20221107,10:04:55,1121.00,250,328575
20221107,10:05:05,1128.35,25,328575
20221107,10:05:15,1133.15,25,328575
20221107,10:05:27,1135.00,225,328575
20221107,10:05:28,1138.50,50,328575
20221107,10:05:30,1138.05,50,328275
20221107,10:05:40,1136.30,25,328275
20221107,10:05:48,1137.00,25,328275
20221107,10:05:52,1136.80,25,328275
20221107,10:05:57,1137.00,25,328275
20221107,10:06:08,1137.70,50,328275
20221107,10:06:12,1139.00,25,328275
20221107,10:06:23,1136.25,25,328275
20221107,10:06:32,1135.70,25,328275
20221107,10:06:35,1134.90,25,328275
20221107,10:06:40,1136.00,75,328275
20221107,10:06:43,1130.35,50,328275
20221107,10:06:57,1133.75,25,328275
20221107,10:07:07,1134.90,25,328275
20221107,10:07:10,1136.50,175,328275
20221107,10:07:15,1131.00,25,328275
20221107,10:07:35,1127.95,100,328275
20221107,10:07:56,1125.35,25,328275
20221107,10:08:00,1129.00,50,328275
20221107,10:08:08,1130.00,25,328275
20221107,10:08:13,1126.25,25,328275
20221107,10:08:16,1126.25,150,328275
20221107,10:08:19,1128.30,50,328275
20221107,10:08:32,1133.75,25,328275
20221107,10:08:36,1127.05,25,328375
20221107,10:08:39,1128.95,75,328375
20221107,10:08:52,1125.05,100,328375
20221107,10:09:11,1125.05,25,328375
20221107,10:09:19,1123.00,25,328375
20221107,10:09:34,1120.90,25,328375
20221107,10:09:40,1123.00,25,328375
20221107,10:10:03,1118.55,100,328375
20221107,10:10:09,1117.40,50,328375
20221107,10:10:11,1116.00,200,328375
20221107,10:10:13,1116.15,25,328375
20221107,10:10:24,1113.70,25,328375
20221107,10:10:26,1113.75,200,328375
20221107,10:10:31,1110.45,125,328375
20221107,10:10:43,1107.75,100,328375
20221107,10:11:15,1105.00,750,328375
20221107,10:11:23,1104.50,25,328375
20221107,10:11:44,1104.50,25,329075
20221107,10:12:11,1100.00,300,329075
20221107,10:12:13,1102.15,25,329075
20221107,10:12:27,1100.00,100,329075
20221107,10:12:31,1100.00,2350,329075
20221107,10:12:51,1102.50,50,329075
20221107,10:12:58,1110.00,25,329075
20221107,10:13:03,1103.40,25,329075
20221107,10:13:14,1100.00,75,329075
20221107,10:13:21,1097.80,25,329075
20221107,10:13:24,1101.50,25,329075
20221107,10:13:26,1098.60,25,329075
20221107,10:13:29,1099.95,25,329075
20221107,10:13:33,1100.00,1875,329075
20221107,10:13:34,1100.00,1000,329075
20221107,10:13:38,1100.00,50,329075
20221107,10:13:39,1101.35,25,329075
20221107,10:13:41,1100.00,250,329075
20221107,10:13:43,1100.00,900,329075
20221107,10:13:49,1093.20,25,329075
20221107,10:14:01,1093.00,25,329075
20221107,10:14:04,1090.00,25,329075
20221107,10:14:12,1089.55,50,329075
20221107,10:14:14,1088.80,125,329075
20221107,10:14:15,1090.00,250,329075
20221107,10:14:36,1088.50,75,327675
20221107,10:14:55,1083.50,25,327675
20221107,10:15:04,1080.00,25,327675
20221107,10:15:05,1082.45,125,327675
20221107,10:15:15,1080.25,75,327675
20221107,10:15:16,1084.50,25,327675
20221107,10:15:33,1091.95,50,327675
20221107,10:15:48,1089.75,25,327675
20221107,10:15:55,1091.95,25,327675
20221107,10:16:03,1090.00,650,327675
20221107,10:16:05,1090.00,100,327675
20221107,10:16:55,1091.30,25,327675
20221107,10:17:01,1092.80,100,327675
20221107,10:17:06,1086.00,50,327675
20221107,10:17:16,1086.00,475,327675
20221107,10:17:19,1086.00,250,327675
20221107,10:17:34,1080.80,75,327750
20221107,10:17:41,1080.00,200,327750
20221107,10:17:48,1080.00,25,327750
20221107,10:17:53,1080.00,50,327750
20221107,10:18:14,1083.00,150,327750
20221107,10:18:39,1094.00,25,327750
20221107,10:18:45,1091.10,50,327750
20221107,10:18:48,1089.85,50,327750
20221107,10:18:52,1085.50,25,327750
20221107,10:18:55,1085.50,50,327750
20221107,10:18:56,1085.50,25,327750
20221107,10:19:27,1081.90,25,327750
20221107,10:19:39,1083.75,100,327750
20221107,10:19:48,1081.10,125,327750
20221107,10:20:07,1080.25,75,327750
20221107,10:20:13,1080.00,25,327750
20221107,10:20:23,1080.00,50,327750
20221107,10:20:27,1080.20,375,327750
20221107,10:20:28,1082.30,25,327750
20221107,10:20:57,1075.00,25,328125
20221107,10:21:03,1070.95,50,328125
20221107,10:21:05,1068.40,600,328125
20221107,10:21:07,1072.00,75,328125
20221107,10:21:08,1068.90,100,328125
20221107,10:21:10,1072.00,500,328125
20221107,10:21:15,1072.20,25,328125
20221107,10:21:28,1074.65,25,328125
20221107,10:21:33,1074.75,150,328125
20221107,10:21:43,1071.00,25,328125
20221107,10:22:02,1073.00,25,328125
20221107,10:22:14,1078.05,25,328125
20221107,10:22:15,1080.40,50,328125
20221107,10:22:19,1080.00,100,328125
20221107,10:22:27,1087.20,50,328125
20221107,10:23:08,1086.55,25,328125
20221107,10:23:10,1085.00,25,328125
20221107,10:23:11,1082.50,125,328125
20221107,10:23:13,1080.00,25,328125
20221107,10:23:49,1080.00,25,327225
20221107,10:23:56,1084.00,125,327225
20221107,10:24:37,1084.00,25,327225
20221107,10:24:40,1085.00,25,327225
20221107,10:24:42,1084.55,25,327225
20221107,10:24:44,1087.55,25,327225
20221107,10:24:49,1088.90,25,327225
20221107,10:24:52,1091.80,50,327225
20221107,10:25:07,1093.65,25,327225
20221107,10:25:09,1096.70,25,327225
20221107,10:25:12,1095.00,25,327225
20221107,10:25:19,1089.00,25,327225
20221107,10:25:56,1089.00,25,327225
20221107,10:26:11,1087.55,25,327225
20221107,10:26:13,1087.20,25,327225
20221107,10:26:36,1088.25,50,327200
20221107,10:26:47,1089.25,25,327200
20221107,10:26:48,1085.05,525,327200
20221107,10:27:03,1087.05,25,327200
20221107,10:27:10,1090.00,100,327200
20221107,10:27:36,1092.85,25,327200
20221107,10:27:57,1097.35,25,327200
20221107,10:28:17,1095.00,25,327200
20221107,10:28:22,1093.00,25,327200
20221107,10:28:29,1095.90,600,327200
20221107,10:28:30,1093.50,25,327200
20221107,10:28:42,1094.15,25,327200
20221107,10:28:47,1090.70,225,327200
20221107,10:28:52,1090.00,125,327200
20221107,10:29:30,1099.65,25,327200
20221107,10:29:48,1097.50,25,326950
20221107,10:29:53,1098.65,50,326950
20221107,10:29:58,1097.75,25,326950
20221107,10:30:01,1093.00,25,326950
20221107,10:30:17,1093.00,25,326950
20221107,10:30:34,1095.15,225,326950
20221107,10:30:36,1098.35,50,326950
20221107,10:30:49,1097.75,25,326950
20221107,10:30:57,1093.55,50,326950
20221107,10:31:29,1093.35,25,326950
20221107,10:31:35,1090.00,25,326950
20221107,10:31:39,1092.75,25,326950
20221107,10:31:40,1092.80,25,326950
20221107,10:31:48,1089.00,25,326950
20221107,10:33:25,1085.00,25,327075
20221107,10:33:30,1085.65,25,327075
20221107,10:33:40,1080.15,50,327075
20221107,10:34:28,1078.60,50,327075
20221107,10:34:43,1076.00,100,327075
20221107,10:34:54,1074.65,25,327075
20221107,10:35:39,1073.00,25,327275
20221107,10:35:54,1075.20,50,327275
20221107,10:36:16,1078.75,25,327275
20221107,10:36:37,1085.50,500,327275
20221107,10:36:39,1084.55,25,327275
20221107,10:36:44,1081.85,50,327275
20221107,10:36:45,1080.00,75,327275
20221107,10:36:55,1085.25,50,327275
20221107,10:37:04,1083.95,300,327275
20221107,10:37:13,1080.00,225,327275
20221107,10:37:25,1072.50,25,327275
20221107,10:37:50,1075.90,25,327275
20221107,10:38:12,1079.40,75,327275
20221107,10:38:33,1080.00,75,327275
20221107,10:39:19,1075.20,50,327875
20221107,10:39:49,1076.50,25,327875
20221107,10:39:59,1074.35,150,327875
20221107,10:40:09,1074.60,25,327875
20221107,10:40:11,1077.35,75,327875
20221107,10:40:16,1075.00,25,327875
20221107,10:40:18,1074.00,25,327875
20221107,10:40:19,1076.35,50,327875
20221107,10:40:26,1073.10,25,327875
20221107,10:40:28,1074.00,25,327875
20221107,10:40:39,1075.55,25,327875
20221107,10:40:59,1077.45,100,327875
20221107,10:41:01,1074.60,25,327875
20221107,10:41:07,1072.45,200,327875
20221107,10:41:12,1075.00,50,327875
20221107,10:41:24,1075.05,25,327875
20221107,10:41:31,1072.20,50,327875
20221107,10:41:41,1070.00,100,328100
20221107,10:41:51,1068.65,50,328100
20221107,10:42:11,1072.85,25,328100
20221107,10:42:32,1070.30,25,328100
20221107,10:42:45,1071.90,50,328100
20221107,10:43:15,1072.95,25,328100
20221107,10:43:16,1067.65,25,328100
20221107,10:43:59,1066.80,50,328100
20221107,10:44:04,1059.35,50,328100
20221107,10:44:22,1058.65,125,328100
20221107,10:44:24,1058.15,50,328100
20221107,10:44:27,1057.35,125,328100
20221107,10:44:29,1058.80,100,328100
20221107,10:44:37,1059.40,50,328525
20221107,10:44:39,1057.85,50,328525
20221107,10:44:40,1060.00,50,328525
20221107,10:44:47,1060.00,25,328525
20221107,10:45:31,1048.90,350,328525
20221107,10:45:33,1045.60,50,328525
20221107,10:45:34,1047.05,25,328525
20221107,10:45:38,1048.00,25,328525
20221107,10:45:39,1047.30,25,328525
20221107,10:45:46,1043.50,1100,328525
20221107,10:45:51,1019.95,2050,328525
20221107,10:45:53,1022.20,950,328525
20221107,10:45:55,1031.35,300,328525
20221107,10:45:56,1028.00,225,328525
20221107,10:45:58,1034.70,200,328525
20221107,10:46:06,1029.15,25,328525
20221107,10:46:23,1025.00,25,328525
20221107,10:46:26,1025.00,50,328525
20221107,10:46:29,1028.70,25,328525
20221107,10:46:32,1025.95,100,328525
20221107,10:46:42,1025.00,100,328525
20221107,10:46:49,1027.10,50,328525
20221107,10:46:52,1026.90,25,328525
20221107,10:46:54,1030.00,125,328525
20221107,10:46:59,1030.00,75,328525
20221107,10:47:11,1027.00,25,328525
20221107,10:47:12,1033.55,125,328525
20221107,10:47:22,1033.55,25,328525
20221107,10:47:24,1030.75,75,328525
20221107,10:47:26,1033.55,50,328525
20221107,10:47:34,1030.00,75,328525
20221107,10:47:39,1032.90,25,329250
20221107,10:47:45,1030.00,350,329250
20221107,10:47:50,1028.85,25,329250
20221107,10:48:02,1028.00,75,329250
20221107,10:48:03,1028.00,175,329250
20221107,10:48:06,1030.00,25,329250
20221107,10:48:21,1028.05,25,329250
20221107,10:48:27,1028.00,25,329250
20221107,10:48:32,1026.10,250,329250
20221107,10:48:39,1028.80,25,329250
20221107,10:48:42,1026.10,25,329250
20221107,10:48:48,1031.00,75,329250
20221107,10:49:12,1030.00,25,329250
20221107,10:49:26,1031.05,50,329250
20221107,10:49:45,1028.80,25,329250
20221107,10:49:49,1028.80,25,329250
20221107,10:49:53,1028.50,400,329250
20221107,10:50:00,1026.10,275,329250
20221107,10:50:02,1026.75,25,329250
20221107,10:50:05,1024.10,250,329250
20221107,10:50:32,1018.10,75,329250
20221107,10:50:35,1018.10,25,329250
20221107,10:50:37,1018.10,150,331125
20221107,10:50:38,1018.10,50,331125
20221107,10:50:45,1018.40,25,331125
20221107,10:50:47,1017.90,25,331125
20221107,10:50:55,1020.60,100,331125
20221107,10:50:58,1017.75,50,331125
20221107,10:51:00,1015.00,50,331125
20221107,10:51:02,1015.95,75,331125
20221107,10:51:03,1015.00,75,331125
20221107,10:51:05,1017.00,450,331125
20221107,10:51:16,1011.00,50,331125
20221107,10:51:21,1014.80,25,331125
20221107,10:51:28,1011.05,75,331125
20221107,10:51:30,1013.35,25,331125
20221107,10:51:31,1015.00,50,331125
20221107,10:51:43,1015.00,25,331125
20221107,10:51:48,1015.80,25,331125
20221107,10:51:50,1015.60,25,331125
20221107,10:51:56,1021.95,150,331125
20221107,10:51:58,1017.00,25,331125
20221107,10:52:06,1012.00,100,331125
20221107,10:52:08,1011.00,50,331125
20221107,10:52:10,1011.00,25,331125
20221107,10:52:13,1014.60,25,331125
20221107,10:52:16,1013.85,25,331125
20221107,10:52:31,1018.00,25,331125
20221107,10:52:39,1018.30,50,331125
20221107,10:52:41,1019.00,25,331125
20221107,10:52:46,1018.00,25,331125
20221107,10:52:54,1026.00,25,331125
20221107,10:52:56,1021.65,50,331125
20221107,10:52:58,1022.95,100,331125
20221107,10:53:04,1020.00,50,331125
20221107,10:53:08,1020.00,25,331125
20221107,10:53:14,1017.95,25,331125
20221107,10:53:16,1018.00,25,331125
20221107,10:53:29,1018.00,25,331125
20221107,10:53:31,1018.00,25,331125
20221107,10:53:33,1015.50,25,331125
20221107,10:53:34,1017.00,50,331125
20221107,10:53:54,1020.00,25,331325
20221107,10:54:03,1020.00,75,331325
20221107,10:54:11,1014.85,25,331325
20221107,10:54:19,1012.55,100,331325
20221107,10:54:29,1012.85,175,331325
20221107,10:54:39,1018.45,25,331325
20221107,10:55:11,1017.20,25,331325
20221107,10:55:14,1017.60,25,331325
20221107,10:55:16,1017.80,25,331325
20221107,10:55:26,1016.75,25,331325
20221107,10:55:37,1018.75,25,331325
20221107,10:55:55,1019.00,25,331325
20221107,10:56:00,1017.50,100,331325
20221107,10:56:02,1018.00,25,331325
20221107,10:56:06,1016.50,100,331325
20221107,10:56:14,1015.00,25,331325
20221107,10:56:21,1015.00,25,331325
20221107,10:56:32,1015.00,50,331325
20221107,10:56:34,1015.00,175,331325
20221107,10:56:35,1015.00,25,331325
20221107,10:56:37,1015.80,350,331325
20221107,10:56:49,1014.50,25,331050
20221107,10:56:51,1014.50,75,331050
20221107,10:56:52,1015.00,50,331050
20221107,10:56:54,1016.00,25,331050
20221107,10:56:59,1015.50,25,331050
20221107,10:57:02,1012.10,50,331050
20221107,10:57:07,1009.00,100,331050
20221107,10:57:11,1008.00,25,331050
20221107,10:57:14,1011.25,50,331050
20221107,10:57:50,1007.20,25,331050
20221107,10:57:52,1003.60,75,331050
20221107,10:57:58,1003.60,25,331050
20221107,10:58:02,1006.70,25,331050
20221107,10:58:05,1006.45,25,331050
20221107,10:58:07,1005.00,25,331050
20221107,10:58:15,1003.00,25,331050
20221107,10:58:17,1000.60,100,331050
20221107,10:58:25,1000.60,25,331050
20221107,10:58:27,1000.95,50,331050
20221107,10:58:30,1001.00,50,331050
20221107,10:58:38,996.60,600,331050
20221107,10:58:42,996.60,75,331050
20221107,10:59:02,994.40,25,331050
20221107,10:59:03,994.25,125,331050
20221107,10:59:10,988.20,100,331050
20221107,10:59:12,988.05,50,331050
20221107,10:59:15,981.95,75,331050
20221107,10:59:17,981.95,25,331050
20221107,10:59:22,989.90,25,331050
20221107,10:59:25,989.60,25,331050
20221107,10:59:28,987.95,25,331050
20221107,10:59:30,986.65,200,331050
20221107,10:59:45,992.10,25,330675
20221107,10:59:51,992.10,25,330675
20221107,10:59:55,988.00,25,330675
20221107,11:00:13,981.85,125,330675
20221107,11:00:16,980.00,50,330675
20221107,11:00:17,979.90,25,330675
20221107,11:00:21,979.90,25,330675
20221107,11:00:24,981.75,25,330675
20221107,11:00:31,982.45,25,330675
20221107,11:00:32,983.65,25,330675
20221107,11:00:34,982.80,475,330675
20221107,11:00:36,988.95,25,330675
20221107,11:01:02,988.95,25,330675
20221107,11:01:16,993.00,150,330675
20221107,11:01:17,992.95,50,330675
20221107,11:01:32,1000.80,50,330675
20221107,11:01:36,1002.30,25,330675
20221107,11:01:37,1002.95,50,330675
20221107,11:01:56,1002.40,25,330675
20221107,11:01:57,1002.45,25,330675
20221107,11:01:59,1003.00,25,330675
20221107,11:02:10,1001.85,25,330675
20221107,11:02:14,999.90,50,330675
20221107,11:02:22,1004.95,150,330675
20221107,11:02:37,1008.00,25,330675
20221107,11:02:39,1007.30,25,330725
20221107,11:02:50,1011.95,25,330725
20221107,11:02:57,1010.70,25,330725
20221107,11:03:00,1010.00,25,330725
20221107,11:03:02,1007.30,50,330725
20221107,11:03:08,1008.00,250,330725
20221107,11:03:10,1003.25,25,330725
20221107,11:03:15,998.40,50,330725
20221107,11:03:17,1001.95,25,330725
20221107,11:03:19,999.95,125,330725
20221107,11:03:22,997.00,25,330725
20221107,11:03:24,998.00,100,330725
20221107,11:03:25,998.95,75,330725
20221107,11:03:30,1002.85,50,330725
20221107,11:03:34,1001.10,50,330725
20221107,11:03:37,1004.55,25,330725
20221107,11:03:44,1003.10,25,330725
20221107,11:03:58,1002.00,50,330725
20221107,11:04:20,1006.95,200,330725
20221107,11:04:33,1007.05,25,330725
20221107,11:04:35,1006.95,275,330725
20221107,11:04:49,1010.85,25,330725
20221107,11:04:52,1010.95,125,330725
20221107,11:04:54,1011.95,75,330725
20221107,11:05:00,1008.95,150,330725
20221107,11:05:02,1010.00,225,330725
20221107,11:05:04,1008.95,225,330725
20221107,11:05:05,1009.65,125,330725
20221107,11:05:12,1006.65,100,330725
20221107,11:05:16,1011.90,25,330725
20221107,11:05:18,1011.35,25,330725
20221107,11:05:25,1013.15,25,330725
20221107,11:05:37,1015.00,50,330725
20221107,11:06:13,1015.00,125,329175
20221107,11:06:33,1015.00,25,329175
20221107,11:06:37,1015.00,25,329175
20221107,11:06:40,1016.80,500,329175
20221107,11:07:01,1012.95,25,329175
20221107,11:07:08,1009.65,25,329175
20221107,11:07:13,1014.80,200,329175
20221107,11:07:36,1011.15,50,329175
20221107,11:07:47,1010.00,25,329175
20221107,11:08:15,1008.00,25,329175
20221107,11:08:20,1010.00,25,329175
20221107,11:08:47,1006.00,25,329125
20221107,11:08:52,1006.00,25,329125
20221107,11:08:54,1006.00,50,329125
20221107,11:09:19,1000.00,50,329125
20221107,11:09:39,1001.05,25,329125
20221107,11:10:04,1002.30,25,329125
20221107,11:10:13,999.00,50,329125
20221107,11:10:27,999.90,250,329125
20221107,11:10:28,1003.15,250,329125
20221107,11:10:53,992.05,25,329125
20221107,11:11:01,993.65,25,329125
20221107,11:11:11,995.35,100,329125
20221107,11:11:16,996.00,100,329125
20221107,11:11:34,992.55,100,329125
20221107,11:11:47,992.60,25,329175
20221107,11:11:49,995.00,25,329175
20221107,11:11:59,992.60,25,329175
20221107,11:12:05,990.00,25,329175
20221107,11:12:10,985.00,75,329175
20221107,11:12:16,980.00,50,329175
20221107,11:12:17,976.85,75,329175
20221107,11:12:19,976.85,125,329175
20221107,11:12:26,986.25,25,329175
20221107,11:12:27,986.00,25,329175
20221107,11:12:32,984.85,600,329175
20221107,11:12:34,985.95,25,329175
20221107,11:12:42,983.00,50,329175
20221107,11:12:47,980.00,125,329175
20221107,11:12:54,986.95,125,329175
20221107,11:13:01,980.10,25,329175
20221107,11:13:05,982.15,100,329175
20221107,11:13:07,983.00,100,329175
20221107,11:13:12,987.80,25,329175
20221107,11:13:18,984.00,25,329175
20221107,11:13:31,987.95,50,329175
20221107,11:14:14,991.30,200,329175
20221107,11:14:29,993.50,25,329175
20221107,11:14:39,1006.15,25,329175
20221107,11:14:42,1002.50,50,329475
20221107,11:14:49,1005.95,25,329475
20221107,11:14:55,1003.00,25,329475
20221107,11:14:57,1001.15,25,329475
20221107,11:14:59,1000.30,50,329475
20221107,11:15:00,1000.00,125,329475
20221107,11:15:05,998.75,25,329475
20221107,11:15:10,998.25,25,329475
20221107,11:15:12,998.00,25,329475
20221107,11:15:14,998.30,75,329475
20221107,11:15:15,996.95,25,329475
20221107,11:15:20,997.70,50,329475
20221107,11:15:28,997.05,25,329475
20221107,11:16:11,1005.85,25,329475
20221107,11:16:14,1005.85,25,329475
20221107,11:16:16,1005.95,25,329475
20221107,11:16:19,1006.00,150,329475
20221107,11:16:23,1009.00,25,329475
20221107,11:16:28,1011.00,25,329475
20221107,11:16:35,1014.75,25,329475
20221107,11:17:04,1011.00,25,329475
20221107,11:17:09,1013.50,75,329475
20221107,11:17:29,1015.00,50,329475
20221107,11:17:32,1015.00,50,329475
20221107,11:17:36,1015.00,25,329475
20221107,11:17:37,1016.75,100,329475
20221107,11:17:41,1012.90,25,329475
20221107,11:18:10,1010.00,25,329200
20221107,11:18:25,1006.60,25,329200
20221107,11:18:34,1006.60,25,329200
20221107,11:18:44,1006.60,25,329200
20221107,11:19:00,1005.00,25,329200
20221107,11:19:02,1005.00,275,329200
20221107,11:19:05,1004.00,25,329200
20221107,11:19:26,998.05,25,329200
20221107,11:19:39,1001.85,50,329200
20221107,11:19:56,1005.70,25,329200
20221107,11:20:08,996.10,25,329200
20221107,11:20:14,1001.40,25,329200
20221107,11:20:27,997.30,25,329200
20221107,11:20:32,999.65,225,329200
20221107,11:20:33,996.90,200,329200
20221107,11:20:55,988.00,100,329150
20221107,11:20:58,990.90,25,329150
20221107,11:21:02,989.40,25,329150
20221107,11:21:13,992.95,25,329150
20221107,11:22:16,998.00,75,329150
20221107,11:22:38,995.00,900,329150
20221107,11:22:52,997.00,300,329150
20221107,11:23:16,995.00,100,329150
20221107,11:23:34,995.40,25,329150
20221107,11:23:36,996.45,25,329150
20221107,11:23:47,994.55,75,329175
20221107,11:23:55,995.90,100,329175
20221107,11:24:08,992.70,25,329175
20221107,11:24:27,992.60,25,329175
20221107,11:24:39,992.60,25,329175
20221107,11:25:09,985.65,75,329175
20221107,11:25:10,992.60,50,329175
20221107,11:26:23,993.85,25,329175
20221107,11:26:27,990.95,25,329175
20221107,11:26:42,992.45,25,329175
20221107,11:27:02,992.10,25,329125
20221107,11:27:09,990.00,25,329125
20221107,11:27:38,992.00,900,329125
20221107,11:28:03,983.05,1750,329125
20221107,11:28:50,987.35,75,329125
20221107,11:28:53,985.00,50,329125
20221107,11:29:01,983.05,25,329125
20221107,11:29:03,980.00,200,329125
20221107,11:29:05,979.05,275,329125
20221107,11:29:06,977.70,25,329125
20221107,11:29:10,975.00,200,329125
20221107,11:29:11,971.65,100,329125
20221107,11:29:13,968.70,325,329125
20221107,11:29:16,969.05,50,329125
20221107,11:29:19,974.00,25,329125
20221107,11:29:21,975.00,75,329125
20221107,11:29:22,974.95,50,329125
20221107,11:29:47,975.00,25,327875
20221107,11:30:02,975.95,75,327875
20221107,11:30:03,975.45,25,327875
20221107,11:30:18,982.00,25,327875
20221107,11:30:46,973.00,325,327875
20221107,11:30:51,977.85,425,327875
20221107,11:31:01,977.00,200,327875
20221107,11:31:13,978.10,100,327875
20221107,11:31:18,977.20,50,327875
20221107,11:31:23,982.00,75,327875
20221107,11:31:24,989.25,100,327875
20221107,11:31:26,985.80,25,327875
20221107,11:31:29,986.00,125,327875
20221107,11:31:31,984.95,100,327875
20221107,11:32:13,988.65,25,327875
20221107,11:32:16,983.20,900,327875
20221107,11:32:19,985.00,50,327875
20221107,11:32:31,988.65,25,327875
20221107,11:32:38,991.70,25,327875
20221107,11:32:41,994.85,25,327875
20221107,11:32:48,995.00,50,327975
20221107,11:32:58,995.00,25,327975
20221107,11:33:04,996.50,25,327975
20221107,11:33:08,994.05,25,327975
20221107,11:33:24,994.25,125,327975
20221107,11:33:26,991.00,25,327975
20221107,11:33:33,991.85,100,327975
20221107,11:33:39,989.20,25,327975
20221107,11:34:26,995.75,25,327975
20221107,11:34:32,992.85,50,327975
20221107,11:34:34,992.85,150,327975
20221107,11:34:39,990.30,25,327975
20221107,11:34:41,994.10,50,327975
20221107,11:35:12,999.05,125,327975
20221107,11:35:19,999.00,250,327975
20221107,11:35:21,1000.10,75,327975
20221107,11:35:42,1005.75,25,327975
20221107,11:35:52,1008.55,25,327800
20221107,11:35:56,1005.75,25,327800
20221107,11:36:09,1006.75,25,327800
20221107,11:36:12,1006.00,25,327800
20221107,11:36:28,1009.95,25,327800
20221107,11:36:31,1008.60,25,327800
20221107,11:36:33,1006.00,25,327800
20221107,11:36:36,1001.05,50,327800
20221107,11:36:49,1001.05,25,327800
20221107,11:36:51,1001.00,350,327800
20221107,11:36:53,998.45,25,327800
20221107,11:36:58,1002.10,25,327800
20221107,11:37:16,1002.00,25,327800
20221107,11:37:18,1000.10,925,327800
20221107,11:37:19,1006.00,900,327800
20221107,11:37:28,1002.00,200,327800
20221107,11:37:31,1000.00,50,327800
20221107,11:37:33,1000.00,25,327800
20221107,11:38:11,1000.00,50,327800
20221107,11:38:34,998.85,25,327800
20221107,11:38:44,1002.70,50,327800
20221107,11:39:04,1004.00,50,330025
20221107,11:39:12,1000.55,25,330025
20221107,11:39:22,996.80,25,330025
20221107,11:39:25,997.50,25,330025
20221107,11:39:51,997.00,25,330025
20221107,11:40:04,996.25,50,330025
20221107,11:40:19,998.00,900,330025
20221107,11:40:32,998.25,150,330025
20221107,11:40:34,999.00,325,330025
20221107,11:41:06,990.00,25,330025
20221107,11:41:09,990.00,50,330025
20221107,11:41:41,985.00,25,330025
20221107,11:41:46,990.75,75,330700
20221107,11:42:10,993.00,50,330700
20221107,11:42:48,993.00,75,330700
20221107,11:43:16,994.00,125,330700
20221107,11:43:17,994.55,25,330700
20221107,11:43:32,990.75,25,330700
20221107,11:43:47,989.10,25,330700
20221107,11:44:16,987.95,75,330700
20221107,11:44:52,995.00,25,330625
20221107,11:45:02,992.00,25,330625
20221107,11:45:33,990.45,25,330625
20221107,11:46:00,985.00,25,330625
20221107,11:46:02,985.00,25,330625
20221107,11:46:07,983.85,25,330625
20221107,11:46:19,989.95,50,330625
20221107,11:46:20,988.15,25,330625
20221107,11:46:31,987.45,25,330625
20221107,11:47:06,991.05,100,330625
20221107,11:47:55,993.00,25,330425
20221107,11:48:27,1000.00,275,330425
20221107,11:48:38,1001.10,25,330425
20221107,11:48:49,1001.10,75,330425
20221107,11:49:04,1004.80,100,330425
20221107,11:49:19,1003.00,25,330425
20221107,11:49:26,1003.85,100,330425
20221107,11:49:52,1000.00,50,330425
20221107,11:50:21,1001.00,25,330425
20221107,11:50:26,1000.05,900,330425
20221107,11:51:20,1009.00,25,330300
20221107,11:51:22,1010.00,225,330300
20221107,11:51:27,1006.80,50,330300
20221107,11:51:32,1004.75,50,330300
20221107,11:51:38,1009.40,25,330300
20221107,11:51:53,1010.00,25,330300
20221107,11:51:56,1013.95,125,330300
20221107,11:52:54,1010.00,1800,330300
20221107,11:53:21,1006.85,25,330300
20221107,11:53:26,1010.00,50,330300
20221107,11:55:44,1004.00,25,331950
20221107,11:56:07,1003.30,25,331950
20221107,11:56:14,1006.20,800,331950
20221107,11:56:37,1003.60,50,331950
20221107,11:57:11,995.00,25,331875
20221107,11:57:17,995.00,150,331875
20221107,11:57:51,996.00,75,331875
20221107,11:58:01,995.00,50,331875
20221107,11:59:50,1004.35,125,331775
20221107,12:00:18,995.00,50,331775
20221107,12:00:38,994.70,50,331775
20221107,12:00:43,992.05,25,331775
20221107,12:00:45,989.45,75,331775
20221107,12:00:47,989.60,50,331775
20221107,12:01:03,988.80,50,331775
20221107,12:01:05,987.30,50,331775
20221107,12:01:10,986.05,125,331775
20221107,12:01:18,988.70,250,331775
20221107,12:01:24,988.55,125,331775
20221107,12:01:44,990.00,125,331775
20221107,12:01:54,992.30,25,331775
20221107,12:02:14,994.00,25,331775
20221107,12:02:33,992.00,25,331775
20221107,12:03:06,995.25,25,331475
20221107,12:03:57,998.15,50,331475
20221107,12:04:13,997.90,25,331475
20221107,12:04:16,998.65,25,331475
20221107,12:04:43,999.90,25,331475
20221107,12:05:21,990.00,25,331475
20221107,12:05:27,990.45,50,331475
20221107,12:06:30,1003.90,75,331575
20221107,12:06:35,1002.35,25,331575
20221107,12:08:00,1007.80,25,331575
20221107,12:08:11,1004.00,75,331575
20221107,12:08:19,1000.40,25,331575
20221107,12:08:35,1000.00,100,331575
20221107,12:09:11,997.10,50,331625
20221107,12:09:51,998.05,50,331625
20221107,12:10:01,996.05,25,331625
20221107,12:10:23,1002.35,25,331625
20221107,12:10:25,1004.00,25,331625
20221107,12:10:27,1004.65,25,331625
20221107,12:10:31,1003.30,25,331625
20221107,12:10:40,1004.55,125,331625
20221107,12:10:41,1000.45,25,331625
20221107,12:10:44,1000.00,25,331625
20221107,12:10:46,999.25,50,331625
20221107,12:10:48,999.15,50,331625
20221107,12:10:56,1000.10,50,331625
20221107,12:10:59,1000.00,50,331625
20221107,12:11:01,1002.90,50,331625
20221107,12:11:04,1000.15,25,331625
20221107,12:11:06,1000.20,100,331625
20221107,12:11:20,1001.10,50,331625
20221107,12:11:22,1001.10,50,331625
20221107,12:11:44,1001.05,25,331625
20221107,12:11:46,1000.80,200,331625
20221107,12:11:47,1001.00,50,331625
20221107,12:11:54,1000.20,25,331900
20221107,12:11:59,1001.80,50,331900
20221107,12:12:02,1001.25,50,331900
20221107,12:12:25,1000.70,25,331900
20221107,12:12:37,996.10,75,331900
20221107,12:12:50,998.00,25,331900
20221107,12:12:51,1002.15,75,331900
20221107,12:12:53,1000.40,50,331900
20221107,12:13:00,996.80,25,331900
20221107,12:13:03,999.75,50,331900
20221107,12:13:23,996.20,50,331900
20221107,12:14:17,1005.00,50,331900
20221107,12:14:23,1009.10,25,331900
20221107,12:14:28,1006.50,50,331900
20221107,12:14:35,1008.30,200,331900
20221107,12:14:48,1006.80,50,331900
20221107,12:15:03,1009.25,25,332425
20221107,12:15:14,1010.00,50,332425
20221107,12:15:17,1010.00,75,332425
20221107,12:15:32,1013.50,25,332425
20221107,12:15:55,1012.90,25,332425
20221107,12:16:05,1014.85,75,332425
20221107,12:16:11,1014.25,75,332425
20221107,12:16:13,1014.85,100,332425
20221107,12:16:14,1010.80,25,332425
20221107,12:16:16,1011.75,25,332425
20221107,12:16:24,1008.40,50,332425
20221107,12:16:41,1004.00,200,332425
20221107,12:16:42,1005.30,25,332425
20221107,12:16:49,1008.45,75,332425
20221107,12:17:00,1020.00,225,332425
20221107,12:17:02,1023.65,50,332425
20221107,12:17:10,1026.80,25,332425
20221107,12:17:12,1023.05,25,332425
20221107,12:17:14,1019.50,25,332425
20221107,12:17:15,1021.95,50,332425
20221107,12:17:22,1022.40,125,332425
20221107,12:17:23,1021.60,200,332425
20221107,12:17:42,1015.50,625,332425
20221107,12:17:45,1014.10,50,332425
20221107,12:17:58,1012.00,100,333400
20221107,12:18:16,1010.65,50,333400
20221107,12:18:19,1012.55,700,333400
20221107,12:18:31,1005.00,125,333400
20221107,12:18:39,1004.00,25,333400
20221107,12:18:44,1004.90,50,333400
20221107,12:18:49,1000.40,50,333400
20221107,12:19:12,1012.00,50,333400
20221107,12:19:14,1012.00,150,333400
20221107,12:19:20,1013.00,50,333400
20221107,12:19:40,1009.50,75,333400
20221107,12:19:57,1014.20,25,333400
20221107,12:19:59,1013.00,300,333400
20221107,12:20:04,1011.55,125,333400
20221107,12:20:09,1014.95,25,333400
20221107,12:20:19,1011.05,25,333400
20221107,12:20:30,1011.55,50,333400
20221107,12:20:40,1008.90,50,333400
20221107,12:21:02,1008.60,50,334450
20221107,12:21:10,1012.65,25,334450
20221107,12:21:23,1006.80,75,334450
20221107,12:23:00,1011.00,200,334450
20221107,12:23:11,1014.15,75,334450
20221107,12:24:58,1007.25,25,334300
20221107,12:25:28,1006.70,100,334300
20221107,12:25:49,1012.05,175,334300
20221107,12:26:11,1016.95,25,334300
20221107,12:28:14,1014.80,25,334475
20221107,12:28:25,1017.00,100,334475
20221107,12:28:37,1015.95,50,334475
20221107,12:28:39,1015.95,100,334475
20221107,12:29:06,1011.85,25,334475
20221107,12:29:29,1015.00,250,334475
20221107,12:30:35,1017.85,50,334325
20221107,12:31:01,1017.50,50,334325
20221107,12:31:04,1020.00,25,334325
20221107,12:31:09,1016.15,200,334325
20221107,12:31:13,1010.00,25,334325
20221107,12:31:37,1010.00,25,334325
20221107,12:31:55,1010.00,25,334325
20221107,12:31:57,1012.45,75,334325
20221107,12:33:17,1000.70,75,334300
20221107,12:33:32,1000.00,50,334300
20221107,12:33:36,998.00,75,334300
20221107,12:33:39,995.00,25,334300
20221107,12:33:44,996.90,25,334300
20221107,12:33:46,995.00,25,334300
20221107,12:33:49,995.00,25,334300
20221107,12:33:59,993.60,75,334300
20221107,12:34:00,992.60,50,334300
20221107,12:34:09,993.85,25,334300
20221107,12:34:16,990.05,25,334300
20221107,12:34:18,990.00,200,334300
20221107,12:34:21,985.75,100,334300
20221107,12:34:24,986.10,125,334300
20221107,12:34:32,982.70,300,334300
20221107,12:34:39,984.05,25,334300
20221107,12:34:58,984.75,25,334300
20221107,12:35:41,985.60,50,334300
20221107,12:35:44,985.00,50,334300
20221107,12:35:46,984.75,50,334300
20221107,12:35:47,985.00,100,334300
20221107,12:35:52,981.00,75,334300
20221107,12:35:57,981.00,25,334900
20221107,12:36:02,981.00,125,334900
20221107,12:36:04,981.00,75,334900
20221107,12:36:05,978.85,75,334900
20221107,12:36:07,979.45,50,334900
20221107,12:36:22,982.70,25,334900
20221107,12:36:29,984.00,25,334900
20221107,12:36:34,987.00,900,334900
20221107,12:36:44,985.65,25,334900
20221107,12:36:45,984.30,125,334900
20221107,12:36:53,986.00,50,334900
20221107,12:37:02,991.30,25,334900
20221107,12:37:03,990.00,25,334900
20221107,12:37:05,993.45,25,334900
20221107,12:37:19,991.00,25,334900
20221107,12:38:37,989.95,25,334900
20221107,12:38:38,989.95,100,334900
20221107,12:38:40,988.75,50,334900
20221107,12:39:35,980.95,100,334600
20221107,12:40:34,985.00,50,334600
20221107,12:40:39,986.00,25,334600
20221107,12:41:37,981.05,300,334600
20221107,12:41:38,981.05,575,334600
20221107,12:42:01,981.30,225,334775
20221107,12:42:03,980.50,50,334775
20221107,12:42:05,979.50,300,334775
20221107,12:42:06,979.55,100,334775
20221107,12:42:08,978.85,75,334775
20221107,12:42:10,978.35,25,334775
20221107,12:42:11,978.00,25,334775
20221107,12:42:13,978.45,50,334775
20221107,12:42:27,982.25,25,334775
20221107,12:42:33,980.95,100,334775
20221107,12:42:58,987.95,25,334775
20221107,12:43:01,990.00,25,334775
20221107,12:43:45,993.00,50,334775
20221107,12:44:53,990.05,25,334775
20221107,12:45:06,986.00,250,333875
20221107,12:45:19,989.90,100,333875
20221107,12:45:29,992.00,75,333875
20221107,12:45:30,993.10,25,333875
20221107,12:46:45,987.70,50,333875
20221107,12:46:46,991.30,25,333875
20221107,12:47:11,994.70,25,333875
20221107,12:47:14,998.00,125,333875
20221107,12:47:17,1000.00,25,333875
20221107,12:47:19,998.00,125,333875
20221107,12:47:27,998.00,25,333875
20221107,12:47:49,998.00,100,333875
20221107,12:47:57,1000.00,100,333500
20221107,12:48:17,1000.75,25,333500
20221107,12:48:34,1002.00,25,333500
20221107,12:49:10,1002.00,50,333500
20221107,12:49:15,1004.00,25,333500
20221107,12:49:58,1010.00,25,333500
20221107,12:50:05,1010.00,50,333500
20221107,12:50:08,1010.00,25,333500
20221107,12:50:31,1009.00,25,333500
20221107,12:50:33,1011.60,50,333500
20221107,12:50:38,1008.80,75,333500
20221107,12:50:41,1007.65,50,333500
20221107,12:50:51,1008.10,150,333500
20221107,12:51:18,1005.00,50,333800
20221107,12:51:57,1012.00,25,333800
20221107,12:52:04,1011.95,75,333800
20221107,12:52:07,1012.60,25,333800
20221107,12:52:09,1012.60,125,333800
20221107,12:52:10,1012.00,50,333800
20221107,12:52:12,1011.65,125,333800
20221107,12:52:15,1010.00,75,333800
20221107,12:52:16,1012.75,25,333800
20221107,12:52:21,1013.40,25,333800
20221107,12:52:26,1012.65,75,333800
20221107,12:53:05,1004.60,25,333800
20221107,12:53:42,1009.75,75,333800
20221107,12:54:10,1004.60,25,334175
20221107,12:55:03,1002.75,50,334175
20221107,12:55:45,1002.75,50,334175
20221107,12:55:55,1005.00,50,334175
20221107,12:56:03,1009.00,25,334175
20221107,12:56:26,1013.60,25,334175
20221107,12:56:29,1014.35,75,334175
20221107,12:57:01,1013.35,25,334225
20221107,12:57:02,1012.70,50,334225
20221107,12:57:04,1013.15,25,334225
20221107,12:57:05,1015.70,50,334225
20221107,12:57:07,1016.25,50,334225
20221107,12:57:18,1016.00,25,334225
20221107,12:57:23,1016.25,50,334225
20221107,12:57:30,1016.95,25,334225
20221107,12:57:42,1011.25,25,334225
20221107,12:57:53,1013.55,25,334225
20221107,12:58:01,1009.00,100,334225
20221107,12:58:03,1009.05,100,334225
20221107,12:58:05,1010.65,50,334225
20221107,12:58:35,1010.00,25,334225
20221107,12:58:37,1009.95,25,334225
20221107,12:59:26,1009.30,25,334225
20221107,12:59:29,1009.95,175,334225
20221107,13:00:24,1011.00,25,334875
20221107,13:00:29,1009.30,25,334875
20221107,13:00:33,1012.55,25,334875
20221107,13:00:34,1013.20,75,334875
20221107,13:00:36,1014.10,25,334875
20221107,13:00:41,1015.90,75,334875
20221107,13:00:46,1016.80,100,334875
20221107,13:00:47,1017.75,100,334875
20221107,13:00:52,1017.65,100,334875
20221107,13:00:54,1017.65,100,334875
20221107,13:01:12,1017.75,25,334875
20221107,13:01:13,1019.00,25,334875
20221107,13:01:15,1020.85,25,334875
20221107,13:01:16,1020.40,25,334875
20221107,13:01:20,1027.25,250,334875
20221107,13:01:23,1029.00,225,334875
20221107,13:01:48,1026.40,25,334875
20221107,13:01:51,1026.90,75,334875
20221107,13:01:54,1025.20,25,334875
20221107,13:01:59,1025.00,25,334875
20221107,13:02:17,1020.00,75,334875
20221107,13:02:20,1017.75,25,334875
20221107,13:02:40,1014.50,100,334875
20221107,13:02:49,1014.00,100,334875
20221107,13:02:51,1013.55,100,334875
20221107,13:02:53,1012.70,100,334875
20221107,13:02:57,1012.00,100,334775
20221107,13:03:02,1010.75,100,334775
20221107,13:03:04,1009.60,200,334775
20221107,13:03:22,1011.00,100,334775
20221107,13:03:37,1009.85,50,334775
20221107,13:03:40,1012.00,25,334775
20221107,13:04:16,1010.75,25,334775
20221107,13:04:36,1006.45,75,334775
20221107,13:04:40,1004.20,50,334775
20221107,13:04:41,1002.00,175,334775
20221107,13:04:48,1000.00,50,334775
20221107,13:05:03,995.00,25,334775
20221107,13:05:06,995.00,900,334775
20221107,13:05:07,994.80,900,334775
20221107,13:05:11,995.00,900,334775
20221107,13:05:26,990.45,125,334775
20221107,13:05:29,990.00,1000,334775
20221107,13:05:32,994.00,450,334775
20221107,13:05:37,994.00,450,334775
20221107,13:05:42,996.00,125,334775
20221107,13:06:00,998.00,50,331750
20221107,13:06:11,1000.00,50,331750
20221107,13:06:14,1000.00,25,331750
20221107,13:06:22,1002.00,75,331750
20221107,13:06:28,1003.00,50,331750
20221107,13:06:36,1002.00,125,331750
20221107,13:06:53,1005.00,50,331750
20221107,13:06:58,1005.75,50,331750
20221107,13:07:32,1000.40,25,331750
20221107,13:07:43,999.00,900,331750
20221107,13:07:48,998.00,900,331750
20221107,13:07:54,1002.00,900,331750
20221107,13:08:05,1003.00,900,331750
20221107,13:08:12,1003.10,100,331750
20221107,13:08:13,1005.95,150,331750
20221107,13:08:15,1006.00,375,331750
20221107,13:08:17,1006.00,375,331750
20221107,13:10:44,1007.80,25,334675
20221107,13:11:00,1010.00,25,334675
20221107,13:11:02,1010.40,150,334675
20221107,13:11:23,1005.55,25,334675
20221107,13:12:13,1002.45,100,334800
20221107,13:12:15,1002.75,150,334800
20221107,13:12:36,1006.00,100,334800
20221107,13:12:46,1006.50,25,334800
20221107,13:12:59,1012.00,25,334800
20221107,13:13:30,1011.00,25,334800
20221107,13:13:38,1010.10,25,334800
20221107,13:13:39,1012.00,25,334800
20221107,13:13:44,1013.65,25,334800
20221107,13:14:15,1013.95,200,334800
20221107,13:15:09,1011.80,25,335050
20221107,13:17:03,1006.00,25,335050
20221107,13:17:33,1006.00,50,335050
20221107,13:17:36,1005.90,25,335050
20221107,13:17:53,1012.00,25,335050
20221107,13:18:43,1015.00,50,335025
20221107,13:19:41,1020.05,75,335025
20221107,13:19:52,1021.00,25,335025
20221107,13:19:54,1021.25,50,335025
20221107,13:19:56,1022.05,275,335025
20221107,13:20:29,1020.00,50,335025
20221107,13:20:39,1020.00,25,335025
20221107,13:20:57,1012.00,25,335025
20221107,13:21:47,1005.75,25,335275
20221107,13:22:20,1000.50,25,335275
20221107,13:22:31,1000.00,75,335275
20221107,13:23:01,1001.95,25,335275
20221107,13:23:03,1002.45,475,335275
20221107,13:23:42,995.00,75,335275
20221107,13:23:43,996.55,25,335275
20221107,13:23:45,987.05,300,335275
20221107,13:23:50,989.15,75,335275
20221107,13:23:58,989.10,75,335275
20221107,13:24:00,989.05,25,335275
20221107,13:24:03,987.00,25,335175
20221107,13:24:07,985.00,250,335175
20221107,13:24:13,985.00,25,335175
20221107,13:24:20,986.00,100,335175
20221107,13:24:22,987.00,25,335175
20221107,13:24:35,982.90,25,335175
20221107,13:24:46,980.00,75,335175
20221107,13:24:48,973.85,425,335175
20221107,13:24:51,970.00,425,335175
20221107,13:24:53,970.00,25,335175
20221107,13:24:56,965.00,900,335175
20221107,13:24:58,965.00,25,335175
20221107,13:24:59,965.25,900,335175
20221107,13:25:01,960.05,1075,335175
20221107,13:25:03,960.00,50,335175
20221107,13:25:04,960.00,900,335175
20221107,13:25:11,955.55,25,335175
20221107,13:25:14,955.50,925,335175
20221107,13:25:29,966.75,50,335175
20221107,13:26:11,966.75,25,335175
20221107,13:26:13,966.75,75,335175
20221107,13:26:21,972.55,50,335175
20221107,13:26:54,970.00,50,335175
20221107,13:27:08,970.00,100,333150
20221107,13:27:33,962.00,25,333150
20221107,13:27:38,958.50,175,333150
20221107,13:27:47,957.45,50,333150
20221107,13:27:49,951.75,250,333150
20221107,13:27:51,951.75,25,333150
20221107,13:28:02,950.00,325,333150
20221107,13:28:04,947.35,125,333150
20221107,13:28:05,947.80,225,333150
20221107,13:28:07,946.00,75,333150
20221107,13:28:09,944.55,25,333150
20221107,13:28:12,944.05,25,333150
20221107,13:28:14,943.10,25,333150
20221107,13:28:21,943.10,300,333150
20221107,13:28:23,950.00,25,333150
20221107,13:28:48,957.00,25,333150
20221107,13:29:27,950.00,175,333150
20221107,13:29:38,945.05,75,333150
20221107,13:29:43,948.90,75,333150
20221107,13:29:48,946.00,25,333150
20221107,13:29:53,946.20,25,333150
20221107,13:30:16,955.00,25,332025
20221107,13:30:21,955.00,50,332025
20221107,13:30:28,948.75,25,332025
20221107,13:30:40,951.90,125,332025
20221107,13:30:50,949.25,600,332025
20221107,13:30:51,947.95,800,332025
20221107,13:30:53,946.35,1775,332025
20221107,13:30:56,941.60,5825,332025
20221107,13:30:58,939.00,4525,332025
20221107,13:31:03,939.60,50,332025
20221107,13:31:08,935.35,75,332025
20221107,13:31:13,928.00,25,332025
20221107,13:31:15,928.00,200,332025
20221107,13:31:20,931.85,25,332025
20221107,13:31:25,930.00,50,332025
20221107,13:31:33,934.95,325,332025
20221107,13:31:36,933.10,75,332025
20221107,13:31:41,930.55,175,332025
20221107,13:31:43,932.25,500,332025
20221107,13:31:45,930.00,125,332025
20221107,13:31:48,928.70,25,332025
20221107,13:31:51,931.20,50,332025
20221107,13:31:55,935.00,75,332025
20221107,13:31:58,936.00,50,332025
20221107,13:32:00,933.45,50,332025
20221107,13:32:01,932.45,25,332025
20221107,13:32:03,932.15,25,332025
20221107,13:32:33,935.00,25,332025
20221107,13:32:41,937.55,25,332025
20221107,13:32:46,936.70,200,332025
20221107,13:32:49,937.70,150,332025
20221107,13:32:52,937.70,25,332025
20221107,13:33:01,936.00,25,332025
20221107,13:33:02,935.70,100,332025
20221107,13:33:22,932.00,100,325350
20221107,13:33:24,930.40,275,325350
20221107,13:33:29,932.60,25,325350
20221107,13:33:32,936.45,25,325350
20221107,13:33:41,940.00,25,325350
20221107,13:33:56,940.95,50,325350
20221107,13:34:01,943.05,75,325350
20221107,13:34:12,945.45,25,325350
20221107,13:34:26,945.45,75,325350
20221107,13:34:54,950.00,50,325350
20221107,13:35:02,953.50,25,325350
20221107,13:35:09,950.00,50,325350
20221107,13:35:11,949.60,50,325350
20221107,13:35:49,956.70,150,325350
20221107,13:35:51,958.30,100,325350
20221107,13:35:52,955.60,25,325350
20221107,13:36:00,954.75,50,325350
20221107,13:36:04,949.15,25,325325
20221107,13:36:14,945.00,50,325325
20221107,13:36:15,949.65,50,325325
20221107,13:36:44,953.90,100,325325
20221107,13:37:25,955.00,50,325325
20221107,13:37:35,957.85,75,325325
20221107,13:37:41,956.65,25,325325
20221107,13:37:49,955.75,50,325325
20221107,13:37:57,958.00,25,325325
20221107,13:38:00,958.90,25,325325
20221107,13:38:08,959.40,250,325325
20221107,13:38:13,958.05,25,325325
20221107,13:38:20,955.60,200,325325
20221107,13:38:25,957.00,25,325325
20221107,13:38:26,955.30,500,325325
20221107,13:38:33,956.95,25,325325
20221107,13:38:54,956.95,300,325325
20221107,13:39:02,953.00,75,325325
20221107,13:39:08,953.80,25,324800
20221107,13:39:15,950.00,50,324800
20221107,13:39:25,945.70,100,324800
20221107,13:39:34,947.10,25,324800
20221107,13:39:38,943.30,25,324800
20221107,13:40:12,948.00,50,324800
20221107,13:40:14,947.00,475,324800
20221107,13:40:26,953.10,25,324800
20221107,13:40:45,952.90,100,324800
20221107,13:40:55,951.95,25,324800
20221107,13:41:00,954.05,75,324800
20221107,13:41:19,955.65,100,324800
20221107,13:41:51,957.00,50,324800
20221107,13:41:53,954.85,150,324800
20221107,13:41:55,952.70,50,324800
20221107,13:42:39,955.50,75,325175
20221107,13:42:52,955.45,50,325175
20221107,13:43:00,955.50,75,325175
20221107,13:43:11,956.15,75,325175
20221107,13:43:28,950.00,50,325175
20221107,13:43:31,948.25,100,325175
20221107,13:43:32,951.00,50,325175
20221107,13:43:45,949.20,25,325175
20221107,13:44:01,949.40,25,325175
20221107,13:44:18,950.55,25,325175
20221107,13:44:25,950.10,50,325175
20221107,13:45:07,950.85,25,325025
20221107,13:45:21,952.45,100,325025
20221107,13:45:40,955.50,50,325025
20221107,13:46:00,955.45,25,325025
20221107,13:46:05,955.50,225,325025
20221107,13:46:58,965.00,75,325025
20221107,13:47:06,965.20,600,325025
20221107,13:47:14,963.35,25,325025
20221107,13:47:26,956.90,75,325025
20221107,13:47:52,968.95,100,325025
20221107,13:47:58,965.95,25,325025
20221107,13:48:03,965.00,50,325025
20221107,13:48:06,967.70,50,324675
20221107,13:48:18,967.35,100,324675
20221107,13:48:32,963.00,50,324675
20221107,13:48:57,965.55,25,324675
20221107,13:49:44,967.05,25,324675
20221107,13:50:10,975.00,50,324675
20221107,13:50:20,964.00,100,324675
20221107,13:50:30,965.45,25,324675
20221107,13:50:34,963.85,50,324675
20221107,13:50:36,961.00,100,324675
20221107,13:50:44,953.55,25,324675
20221107,13:50:49,956.00,100,324675
20221107,13:50:55,955.70,25,324675
20221107,13:50:59,954.00,125,324675
20221107,13:51:05,956.15,50,324675
20221107,13:51:07,954.70,25,324250
20221107,13:51:37,952.25,25,324250
20221107,13:51:44,953.55,50,324250
20221107,13:51:51,953.60,350,324250
20221107,13:51:55,956.15,25,324250
20221107,13:51:57,956.75,25,324250
20221107,13:52:02,951.65,25,324250
20221107,13:52:25,950.00,100,324250
20221107,13:52:26,949.55,25,324250
20221107,13:52:28,946.05,150,324250
20221107,13:52:36,950.00,25,324250
20221107,13:53:25,960.00,25,324250
20221107,13:53:49,959.15,25,324250
20221107,13:53:54,956.95,25,324250
20221107,13:54:25,957.60,50,324150
20221107,13:55:05,957.00,25,324150
20221107,13:55:06,957.00,50,324150
20221107,13:55:47,957.55,100,324150
20221107,13:55:50,958.80,50,324150
20221107,13:57:26,970.00,75,324075
20221107,13:57:42,966.00,25,324075
20221107,13:57:44,966.45,25,324075
20221107,13:57:46,966.75,25,324075
20221107,13:57:57,970.60,100,324075
20221107,13:58:12,968.10,25,324075
20221107,13:58:16,971.90,500,324075
20221107,13:58:52,969.00,125,324075
20221107,13:58:55,969.00,125,324075
20221107,13:59:05,973.70,25,324075
20221107,14:00:07,973.00,25,324075
20221107,14:00:12,976.00,25,324350
20221107,14:00:15,978.00,150,324350
20221107,14:00:25,976.00,50,324350
20221107,14:00:33,977.15,150,324350
20221107,14:00:36,977.15,75,324350
20221107,14:00:43,977.15,25,324350
20221107,14:01:12,983.95,50,324350
20221107,14:01:17,984.90,25,324350
20221107,14:01:24,984.00,25,324350
20221107,14:01:32,980.10,25,324350
20221107,14:01:42,980.80,125,324350
20221107,14:02:01,982.10,50,324350
20221107,14:02:03,985.00,50,324350
20221107,14:02:08,990.00,300,324350
20221107,14:02:13,992.85,125,324350
20221107,14:02:16,995.00,100,324350
20221107,14:02:17,996.60,25,324350
20221107,14:02:47,1000.00,450,324350
20221107,14:02:49,1000.65,200,324350
20221107,14:02:55,1000.00,25,324350
20221107,14:03:00,1001.75,100,324350
20221107,14:03:02,998.00,100,324350
20221107,14:03:25,998.00,125,324025
20221107,14:03:36,995.00,150,324025
20221107,14:03:38,990.70,50,324025
20221107,14:03:41,995.00,600,324025
20221107,14:03:43,995.00,300,324025
20221107,14:03:58,996.00,25,324025
20221107,14:04:22,994.90,25,324025
20221107,14:04:25,995.00,150,324025
20221107,14:04:28,995.00,750,324025
20221107,14:04:30,992.15,25,324025
20221107,14:04:54,1002.45,900,324025
20221107,14:05:05,1005.00,25,324025
20221107,14:05:08,1005.00,25,324025
20221107,14:05:18,999.00,25,324025
20221107,14:06:13,1001.00,900,324025
20221107,14:06:24,1000.80,500,325625
20221107,14:06:27,996.00,50,325625
20221107,14:06:34,994.00,75,325625
20221107,14:06:45,995.30,100,325625
20221107,14:06:49,995.30,325,325625
20221107,14:07:03,991.25,25,325625
20221107,14:07:07,991.05,25,325625
20221107,14:07:35,994.00,25,325625
20221107,14:08:48,998.80,25,325625
20221107,14:09:07,1005.00,50,325625
20221107,14:09:18,1009.05,75,326150
20221107,14:09:36,1006.40,50,326150
20221107,14:10:06,1004.55,100,326150
20221107,14:10:21,1002.40,25,326150
20221107,14:10:39,1004.55,25,326150
20221107,14:10:46,1005.20,50,326150
20221107,14:10:55,1004.70,25,326150
20221107,14:11:00,1008.75,25,326150
20221107,14:11:02,1009.00,25,326150
20221107,14:11:03,1010.00,25,326150
20221107,14:11:10,1017.10,50,326150
20221107,14:12:16,1012.15,275,326125
20221107,14:12:44,1005.00,25,326125
20221107,14:12:57,1002.00,25,326125
20221107,14:13:05,1000.00,25,326125
20221107,14:13:36,998.95,50,326125
20221107,14:14:27,1000.50,50,326125
20221107,14:15:06,1012.00,25,326125
20221107,14:16:30,1008.95,25,326125
20221107,14:16:32,1010.40,100,326125
20221107,14:17:21,1008.95,25,326125
20221107,14:17:30,1000.95,75,326125
20221107,14:17:39,1000.00,25,326125
20221107,14:17:56,1004.10,25,326125
20221107,14:18:01,1004.45,50,326125
20221107,14:18:18,1015.00,25,326100
20221107,14:18:25,1017.00,100,326100
20221107,14:18:26,1016.15,75,326100
20221107,14:18:31,1014.80,25,326100
20221107,14:18:33,1013.00,25,326100
20221107,14:18:34,1015.00,50,326100
20221107,14:18:39,1013.05,25,326100
20221107,14:18:44,1014.10,75,326100
20221107,14:18:47,1014.05,100,326100
20221107,14:18:49,1013.00,450,326100
20221107,14:18:52,1013.00,100,326100
20221107,14:18:55,1013.00,275,326100
20221107,14:19:19,1015.90,50,326100
20221107,14:19:21,1016.15,150,326100
20221107,14:19:31,1013.00,175,326100
20221107,14:19:44,1017.00,175,326100
20221107,14:19:46,1015.85,175,326100
20221107,14:20:09,1011.20,25,326100
20221107,14:20:14,1011.00,25,326100
20221107,14:20:22,1010.15,25,326100
20221107,14:20:24,1010.00,75,326100
20221107,14:20:55,1010.80,25,326100
20221107,14:21:27,1009.90,50,327175
20221107,14:21:33,1006.55,25,327175
20221107,14:21:43,1008.60,100,327175
20221107,14:21:46,1009.50,75,327175
20221107,14:22:54,1016.00,75,327175
20221107,14:22:57,1017.95,100,327175
20221107,14:23:06,1016.90,25,327175
20221107,14:23:15,1017.00,25,327175
20221107,14:23:22,1019.00,100,327175
20221107,14:23:33,1017.95,25,327175
20221107,14:23:57,1026.00,1250,327175
20221107,14:24:02,1027.00,25,327175
20221107,14:24:04,1027.15,75,327175
20221107,14:24:06,1032.00,175,327175
20221107,14:24:09,1030.90,25,327175
20221107,14:24:10,1030.00,50,327175
20221107,14:24:18,1031.00,25,327175
20221107,14:24:20,1030.00,25,327175
20221107,14:24:22,1031.00,25,327175
20221107,14:24:30,1029.95,100,327175
20221107,14:24:41,1031.00,50,327175
20221107,14:24:43,1029.90,25,327175
20221107,14:24:48,1034.15,25,327175
20221107,14:24:53,1036.00,50,327175
20221107,14:24:55,1035.90,150,327175
20221107,14:25:01,1037.00,25,327175
20221107,14:25:04,1037.80,25,327175
20221107,14:25:08,1039.00,25,327175
20221107,14:25:11,1039.40,25,327175
20221107,14:25:13,1040.00,100,327175
20221107,14:25:14,1038.45,75,327175
20221107,14:25:16,1038.15,25,327175
20221107,14:25:28,1040.00,25,327175
20221107,14:25:31,1040.00,25,327175
20221107,14:25:44,1038.75,50,327175
20221107,14:25:54,1033.20,500,327175
20221107,14:25:56,1033.60,25,327175
20221107,14:26:07,1033.60,25,327175
20221107,14:26:20,1026.60,25,327175
20221107,14:26:25,1031.10,500,327175
20221107,14:26:36,1030.80,25,327175
20221107,14:26:43,1031.85,50,327175
20221107,14:27:01,1031.90,25,327175
20221107,14:27:41,1041.00,250,327125
20221107,14:27:46,1041.45,25,327125
20221107,14:27:53,1044.95,25,327125
20221107,14:27:54,1043.05,550,327125
20221107,14:27:58,1043.60,125,327125
20221107,14:27:59,1041.05,50,327125
20221107,14:28:01,1039.90,25,327125
20221107,14:28:11,1042.00,25,327125
20221107,14:28:16,1040.45,25,327125
20221107,14:28:33,1039.85,100,327125
20221107,14:28:40,1035.40,25,327125
20221107,14:28:53,1040.00,25,327125
20221107,14:28:55,1039.70,50,327125
20221107,14:28:56,1040.00,25,327125
20221107,14:28:58,1041.00,25,327125
20221107,14:29:03,1045.80,75,327125
20221107,14:29:13,1041.05,125,327125
20221107,14:29:18,1040.15,25,327125
20221107,14:29:25,1040.15,50,327125
20221107,14:29:31,1040.00,25,327125
20221107,14:29:51,1037.10,100,327125
20221107,14:29:54,1038.00,25,327125
20221107,14:30:03,1043.35,700,327125
20221107,14:30:06,1046.55,25,327125
20221107,14:30:15,1044.95,25,326600
20221107,14:30:43,1038.35,25,326600
20221107,14:31:16,1045.00,900,326600
20221107,14:31:23,1045.80,25,326600
20221107,14:31:29,1042.60,25,326600
20221107,14:31:38,1041.65,25,326600
20221107,14:31:43,1043.45,25,326600
20221107,14:31:58,1040.00,1025,326600
20221107,14:32:03,1045.85,25,326600
20221107,14:32:33,1045.00,25,326600
20221107,14:32:34,1045.85,100,326600
20221107,14:32:43,1050.00,325,326600
20221107,14:32:44,1054.00,25,326600
20221107,14:32:46,1060.00,1350,326600
20221107,14:32:48,1060.00,550,326600
20221107,14:32:53,1062.80,25,326600
20221107,14:32:56,1060.00,25,326600
20221107,14:32:59,1061.25,975,326600
20221107,14:33:01,1063.30,225,326600
20221107,14:33:03,1065.00,400,326600
20221107,14:33:04,1068.75,625,326600
20221107,14:33:06,1067.05,25,326600
20221107,14:33:08,1070.00,75,326600
20221107,14:33:11,1068.65,25,326600
20221107,14:33:13,1067.00,50,326600
20221107,14:33:15,1063.00,200,322675
20221107,14:33:18,1065.75,225,322675
20221107,14:33:20,1064.75,50,322675
20221107,14:33:25,1064.90,150,322675
20221107,14:33:33,1064.90,25,322675
20221107,14:33:38,1066.75,250,322675
20221107,14:33:41,1065.00,450,322675
20221107,14:33:45,1065.85,200,322675
20221107,14:33:48,1066.00,25,322675
20221107,14:33:51,1066.45,25,322675
20221107,14:34:01,1063.95,25,322675
20221107,14:34:03,1061.80,50,322675
20221107,14:34:10,1066.25,25,322675
20221107,14:34:11,1061.25,25,322675
20221107,14:34:35,1062.00,50,322675
20221107,14:34:38,1062.25,125,322675
20221107,14:34:50,1067.85,200,322675
20221107,14:34:51,1064.05,100,322675
20221107,14:35:00,1066.40,100,322675
20221107,14:35:01,1069.00,25,322675
20221107,14:35:03,1070.00,100,322675
20221107,14:35:08,1066.15,25,322675
20221107,14:35:11,1070.65,25,322675
20221107,14:35:13,1065.30,125,322675
20221107,14:35:15,1067.15,25,322675
20221107,14:35:16,1065.00,25,322675
20221107,14:35:20,1065.00,100,322675
20221107,14:35:21,1063.40,275,322675
20221107,14:35:23,1062.05,100,322675
20221107,14:35:25,1061.35,25,322675
20221107,14:35:26,1059.75,150,322675
20221107,14:35:28,1062.75,25,322675
20221107,14:35:30,1063.90,125,322675
20221107,14:35:36,1065.60,25,322675
20221107,14:35:41,1064.80,50,322675
20221107,14:35:56,1062.25,25,322675
20221107,14:35:58,1056.00,125,322675
20221107,14:36:08,1059.00,25,322675
20221107,14:36:36,1061.00,25,322075
20221107,14:36:40,1059.00,25,322075
20221107,14:36:45,1052.40,125,322075
20221107,14:36:51,1053.55,75,322075
20221107,14:37:11,1062.60,25,322075
20221107,14:37:15,1060.00,50,322075
20221107,14:37:45,1059.00,25,322075
20221107,14:37:53,1066.40,150,322075
20221107,14:37:55,1068.90,25,322075
20221107,14:37:58,1070.00,50,322075
20221107,14:38:00,1072.75,75,322075
20221107,14:38:01,1072.20,50,322075
20221107,14:38:03,1073.85,200,322075
20221107,14:38:05,1073.70,50,322075
20221107,14:38:08,1075.00,25,322075
20221107,14:38:10,1070.00,125,322075
20221107,14:38:28,1070.70,50,322075
20221107,14:38:30,1072.00,25,322075
20221107,14:38:31,1072.00,25,322075
20221107,14:38:35,1072.00,200,322075
20221107,14:38:36,1075.00,25,322075
20221107,14:38:38,1075.00,50,322075
20221107,14:38:40,1077.00,350,322075
20221107,14:38:43,1075.00,250,322075
20221107,14:38:46,1070.00,25,322075
20221107,14:38:50,1072.75,100,322075
20221107,14:39:08,1067.75,100,322075
20221107,14:39:11,1068.70,150,322075
20221107,14:39:13,1069.15,100,322075
20221107,14:39:26,1067.10,25,321750
20221107,14:39:38,1070.00,25,321750
20221107,14:39:43,1070.40,200,321750
20221107,14:39:44,1064.55,300,321750
20221107,14:39:49,1064.00,150,321750
20221107,14:39:51,1064.55,75,321750
20221107,14:39:53,1064.25,100,321750
20221107,14:39:58,1064.25,25,321750
20221107,14:39:59,1065.40,150,321750
20221107,14:40:03,1063.80,25,321750
20221107,14:40:09,1069.00,25,321750
20221107,14:40:11,1066.00,125,321750
20221107,14:40:13,1066.00,25,321750
20221107,14:40:14,1068.10,25,321750
20221107,14:40:16,1069.35,25,321750
20221107,14:40:19,1065.55,50,321750
20221107,14:40:23,1068.80,25,321750
20221107,14:40:26,1064.90,100,321750
20221107,14:40:39,1065.45,100,321750
20221107,14:40:42,1065.30,25,321750
20221107,14:40:50,1065.00,100,321750
20221107,14:40:52,1065.00,100,321750
20221107,14:40:55,1065.00,100,321750
20221107,14:41:02,1065.40,25,321750
20221107,14:41:05,1065.40,50,321750
20221107,14:41:09,1066.10,25,321750
20221107,14:41:12,1066.05,25,321750
20221107,14:41:15,1065.95,25,321750
20221107,14:41:17,1065.00,25,321750
20221107,14:41:19,1064.20,50,321750
20221107,14:41:20,1062.20,25,321750
20221107,14:41:32,1062.00,25,321750
20221107,14:41:39,1052.30,150,321750
20221107,14:41:42,1050.25,100,321750
20221107,14:41:54,1056.70,100,321750
20221107,14:42:02,1060.00,50,321750
20221107,14:42:04,1060.85,75,321750
20221107,14:42:05,1060.40,50,321750
20221107,14:42:16,1068.00,75,320300
20221107,14:42:26,1065.25,25,320300
20221107,14:42:30,1069.95,25,320300
20221107,14:42:36,1073.30,25,320300
20221107,14:42:40,1074.30,25,320300
20221107,14:42:41,1071.20,25,320300
20221107,14:42:43,1070.00,25,320300
20221107,14:42:45,1074.50,25,320300
20221107,14:42:46,1071.00,25,320300
20221107,14:42:58,1072.40,225,320300
20221107,14:43:18,1074.00,500,320300
20221107,14:43:23,1072.00,175,320300
20221107,14:43:26,1075.00,175,320300
20221107,14:43:32,1073.40,50,320300
20221107,14:43:34,1070.05,50,320300
20221107,14:43:39,1070.40,25,320300
20221107,14:44:05,1072.35,25,320300
20221107,14:44:17,1068.15,50,320300
20221107,14:44:36,1070.00,100,320300
20221107,14:44:44,1068.60,25,320300
20221107,14:44:57,1070.55,150,320300
20221107,14:44:59,1072.35,50,320300
20221107,14:45:02,1071.20,25,320300
20221107,14:45:06,1075.00,300,320300
20221107,14:45:07,1076.00,25,320300
20221107,14:45:11,1077.95,25,320300
20221107,14:45:14,1075.40,100,319125
20221107,14:45:19,1076.75,25,319125
20221107,14:45:21,1078.00,25,319125
20221107,14:45:22,1078.00,100,319125
20221107,14:45:24,1081.50,50,319125
20221107,14:45:29,1083.00,50,319125
20221107,14:45:31,1085.00,25,319125
20221107,14:45:34,1080.00,125,319125
20221107,14:45:36,1077.25,25,319125
20221107,14:45:41,1082.20,25,319125
20221107,14:45:42,1078.40,25,319125
20221107,14:45:47,1076.00,50,319125
20221107,14:45:52,1079.30,25,319125
20221107,14:45:56,1078.65,150,319125
20221107,14:45:57,1077.95,25,319125
20221107,14:46:02,1077.00,25,319125
20221107,14:46:12,1075.00,25,319125
20221107,14:46:33,1076.75,50,319125
20221107,14:46:41,1073.45,25,319125
20221107,14:47:52,1078.00,25,319125
20221107,14:47:56,1078.00,25,319125
20221107,14:48:27,1071.25,50,318775
20221107,14:48:37,1070.00,225,318775
20221107,14:48:41,1066.35,25,318775
20221107,14:48:47,1067.30,100,318775
20221107,14:48:56,1070.20,25,318775
20221107,14:49:20,1071.20,200,318775
20221107,14:49:39,1073.85,25,318775
20221107,14:49:51,1072.55,575,318775
20221107,14:49:58,1074.65,225,318775
20221107,14:50:01,1075.00,475,318775
20221107,14:50:03,1074.00,25,318775
20221107,14:50:14,1077.80,25,318775
20221107,14:50:35,1079.90,25,318775
20221107,14:50:37,1080.00,50,318775
20221107,14:50:45,1079.85,25,318775
20221107,14:50:53,1079.30,150,318775
20221107,14:50:57,1079.05,25,318775
20221107,14:51:09,1081.80,100,318775
20221107,14:51:18,1080.00,25,318300
20221107,14:51:19,1081.40,25,318300
20221107,14:51:39,1078.30,25,318300
20221107,14:51:46,1078.30,25,318300
20221107,14:51:59,1078.45,25,318300
20221107,14:52:01,1078.30,25,318300
20221107,14:52:02,1078.40,175,318300
20221107,14:52:04,1079.35,50,318300
20221107,14:52:07,1080.00,25,318300
20221107,14:52:17,1083.55,175,318300
20221107,14:52:19,1081.50,75,318300
20221107,14:52:20,1080.90,150,318300
20221107,14:52:22,1079.90,25,318300
20221107,14:52:45,1081.90,25,318300
20221107,14:52:52,1081.00,75,318300
20221107,14:53:00,1080.85,25,318300
20221107,14:53:04,1077.30,100,318300
20221107,14:53:09,1077.00,25,318300
20221107,14:53:10,1075.75,50,318300
20221107,14:53:12,1075.80,25,318300
20221107,14:53:14,1075.40,50,318300
20221107,14:53:15,1075.45,50,318300
20221107,14:53:17,1075.80,25,318300
20221107,14:53:18,1076.20,50,318300
20221107,14:53:20,1076.50,50,318300
20221107,14:53:22,1076.85,25,318300
20221107,14:53:23,1076.35,50,318300
20221107,14:53:25,1076.10,50,318300
20221107,14:53:38,1075.95,75,318300
20221107,14:53:40,1075.00,100,318300
20221107,14:53:43,1077.85,50,318300
20221107,14:54:04,1077.20,25,318300
20221107,14:54:17,1073.75,125,317125
20221107,14:54:19,1072.65,75,317125
20221107,14:54:20,1072.20,100,317125
20221107,14:54:22,1072.85,75,317125
20221107,14:54:26,1071.00,100,317125
20221107,14:54:27,1069.70,175,317125
20221107,14:54:29,1070.60,25,317125
20221107,14:54:32,1070.00,25,317125
20221107,14:55:00,1075.00,25,317125
20221107,14:55:02,1074.90,250,317125
20221107,14:55:10,1075.00,50,317125
20221107,14:55:22,1072.25,100,317125
20221107,14:55:25,1071.00,25,317125
20221107,14:55:28,1071.30,25,317125
20221107,14:55:30,1072.70,25,317125
20221107,14:55:38,1071.15,175,317125
20221107,14:55:45,1071.10,50,317125
20221107,14:55:47,1070.00,50,317125
20221107,14:55:48,1069.25,50,317125
20221107,14:55:50,1068.85,25,317125
20221107,14:55:52,1069.10,25,317125
20221107,14:55:55,1068.65,50,317125
20221107,14:55:57,1067.85,50,317125
20221107,14:55:58,1067.60,25,317125
20221107,14:56:12,1068.05,25,317125
20221107,14:56:17,1065.10,25,317125
20221107,14:56:20,1062.00,75,317125
20221107,14:56:22,1064.60,25,317125
20221107,14:56:23,1061.50,100,317125
20221107,14:56:30,1061.50,300,317125
20221107,14:56:32,1055.50,25,317125
20221107,14:56:33,1057.30,50,317125
20221107,14:56:40,1051.20,50,317125
20221107,14:56:41,1053.70,50,317125
20221107,14:56:46,1053.70,100,317125
20221107,14:56:53,1054.95,25,317125
20221107,14:56:56,1052.95,25,317125
20221107,14:57:01,1058.70,25,317125
20221107,14:57:37,1057.90,25,317125
20221107,14:57:39,1060.40,25,316325
20221107,14:57:44,1061.40,50,316325
20221107,14:57:52,1061.80,25,316325
20221107,14:57:53,1062.00,25,316325
20221107,14:58:32,1061.65,25,316325
20221107,14:59:01,1070.60,25,316325
20221107,14:59:04,1076.65,50,316325
20221107,14:59:41,1072.80,25,316325
20221107,14:59:56,1076.00,25,316325
20221107,15:00:15,1076.90,25,316325
20221107,15:00:19,1078.00,25,316425
20221107,15:00:20,1081.80,225,316425
20221107,15:00:27,1085.60,100,316425
20221107,15:00:30,1088.80,500,316425
20221107,15:00:32,1090.00,25,316425
20221107,15:00:39,1095.00,525,316425
20221107,15:00:40,1095.00,100,316425
20221107,15:00:42,1096.00,25,316425
20221107,15:00:44,1096.05,75,316425
20221107,15:00:47,1097.15,25,316425
20221107,15:00:49,1098.15,50,316425
20221107,15:00:52,1096.00,75,316425
20221107,15:00:54,1097.15,50,316425
20221107,15:00:55,1097.15,150,316425
20221107,15:00:59,1096.30,25,316425
20221107,15:01:00,1097.15,125,316425
20221107,15:01:02,1094.70,550,316425
20221107,15:01:04,1095.85,25,316425
20221107,15:01:07,1099.00,575,316425
20221107,15:01:11,1100.00,525,316425
20221107,15:01:12,1100.00,400,316425
20221107,15:01:16,1101.10,525,316425
20221107,15:01:24,1101.35,25,316425
20221107,15:01:29,1105.00,125,316425
20221107,15:01:31,1108.00,150,316425
20221107,15:01:33,1113.85,175,316425
20221107,15:01:36,1113.20,125,316425
20221107,15:01:38,1111.00,25,316425
20221107,15:01:43,1115.80,75,316425
20221107,15:01:48,1111.15,50,316425
20221107,15:01:54,1108.55,25,316425
20221107,15:01:59,1111.70,25,316425
20221107,15:02:06,1111.60,25,316425
20221107,15:02:16,1110.00,25,316425
20221107,15:02:22,1107.75,25,316425
20221107,15:02:26,1110.45,25,316425
20221107,15:02:29,1118.35,25,316425
20221107,15:02:31,1119.65,25,316425
20221107,15:02:32,1115.35,25,316425
20221107,15:02:34,1116.05,25,316425
20221107,15:02:39,1114.00,50,316425
20221107,15:02:46,1113.65,25,316425
20221107,15:02:54,1111.60,25,316425
20221107,15:02:57,1112.30,200,316425
20221107,15:02:59,1112.40,25,316425
20221107,15:03:04,1115.00,25,316425
20221107,15:03:06,1117.00,50,316425
20221107,15:03:09,1116.05,50,316425
20221107,15:03:11,1116.20,125,316425
20221107,15:03:12,1115.35,25,316425
20221107,15:03:16,1113.55,25,316425
20221107,15:03:34,1117.00,25,313350
20221107,15:03:39,1119.50,25,313350
20221107,15:03:52,1119.60,25,313350
20221107,15:04:04,1120.00,25,313350
20221107,15:04:07,1120.00,225,313350
20221107,15:04:09,1120.00,50,313350
20221107,15:04:12,1120.00,25,313350
20221107,15:04:20,1121.00,75,313350
20221107,15:04:24,1116.50,100,313350
20221107,15:04:37,1113.05,25,313350
20221107,15:04:39,1116.40,50,313350
20221107,15:04:42,1113.30,25,313350
20221107,15:04:47,1113.40,900,313350
20221107,15:04:52,1117.55,25,313350
20221107,15:04:54,1120.00,25,313350
20221107,15:05:02,1123.00,50,313350
20221107,15:05:12,1120.70,50,313350
20221107,15:05:43,1121.00,25,313350
20221107,15:05:56,1120.40,50,313350
20221107,15:06:00,1120.40,25,313350
20221107,15:06:01,1122.25,75,313350
20221107,15:06:05,1125.00,425,313350
20221107,15:06:08,1127.35,25,313350
20221107,15:06:15,1126.35,25,313350
20221107,15:06:22,1121.80,25,312075
20221107,15:06:36,1125.00,50,312075
20221107,15:06:43,1129.30,25,312075
20221107,15:06:50,1124.25,25,312075
20221107,15:06:56,1126.00,25,312075
20221107,15:07:01,1130.00,25,312075
20221107,15:07:08,1129.65,25,312075
20221107,15:07:13,1125.45,25,312075
20221107,15:07:23,1122.70,25,312075
20221107,15:07:33,1120.80,25,312075
20221107,15:07:43,1120.00,100,312075
20221107,15:07:45,1120.00,50,312075
20221107,15:07:46,1118.00,25,312075
20221107,15:07:48,1117.85,25,312075
20221107,15:07:50,1117.55,25,312075
20221107,15:07:51,1118.00,50,312075
20221107,15:08:03,1116.35,25,312075
20221107,15:08:06,1114.40,25,312075
20221107,15:08:10,1117.95,25,312075
20221107,15:08:16,1117.80,25,312075
20221107,15:08:18,1117.15,25,312075
20221107,15:08:24,1116.00,125,312075
20221107,15:08:26,1120.00,150,312075
20221107,15:08:28,1120.80,75,312075
20221107,15:08:36,1122.55,25,312075
20221107,15:08:43,1125.00,25,312075
20221107,15:08:48,1119.00,25,312075
20221107,15:08:51,1117.60,300,312075
20221107,15:08:59,1119.40,25,312075
20221107,15:09:03,1115.00,25,312075
20221107,15:09:09,1114.90,50,312075
20221107,15:09:16,1110.00,100,312075
20221107,15:09:23,1112.05,25,311575
20221107,15:09:25,1112.15,75,311575
20221107,15:09:28,1114.50,100,311575
20221107,15:09:40,1116.00,50,311575
20221107,15:09:41,1121.60,25,311575
20221107,15:10:00,1125.00,50,311575
20221107,15:10:10,1126.55,100,311575
20221107,15:10:13,1127.60,25,311575
20221107,15:10:17,1126.10,25,311575
20221107,15:10:19,1123.05,25,311575
20221107,15:10:22,1124.85,25,311575
20221107,15:10:24,1125.00,50,311575
20221107,15:10:27,1124.80,225,311575
20221107,15:10:29,1126.65,75,311575
20221107,15:10:30,1128.70,250,311575
20221107,15:10:34,1129.00,900,311575
20221107,15:10:35,1129.65,75,311575
20221107,15:10:37,1130.00,1025,311575
20221107,15:10:55,1135.00,850,311575
20221107,15:11:00,1136.55,75,311575
20221107,15:11:04,1133.60,25,311575
20221107,15:11:07,1131.50,25,311575
20221107,15:11:17,1131.50,25,311575
20221107,15:11:30,1123.50,25,311575
20221107,15:11:42,1124.75,200,311575
20221107,15:11:52,1125.00,125,311575
20221107,15:11:53,1122.20,25,311575
20221107,15:11:57,1121.70,50,311575
20221107,15:12:03,1119.40,25,311575
20221107,15:12:10,1118.60,25,311575
20221107,15:12:13,1119.40,25,311575
20221107,15:12:28,1124.80,25,308900
20221107,15:12:47,1126.90,25,308900
20221107,15:12:51,1128.90,200,308900
20221107,15:13:08,1128.45,25,308900
20221107,15:13:13,1128.65,50,308900
20221107,15:13:41,1129.50,25,308900
20221107,15:13:53,1133.00,25,308900
20221107,15:13:58,1134.00,200,308900
20221107,15:13:59,1134.00,75,308900
20221107,15:14:01,1133.85,150,308900
20221107,15:14:04,1134.00,125,308900
20221107,15:14:09,1132.90,25,308900
20221107,15:14:19,1134.00,25,308900
20221107,15:14:21,1132.85,100,308900
20221107,15:14:23,1133.95,50,308900
20221107,15:14:24,1134.00,100,308900
20221107,15:14:26,1134.30,25,308900
20221107,15:14:31,1134.90,25,308900
20221107,15:14:33,1134.35,25,308900
20221107,15:14:36,1134.10,25,308900
20221107,15:14:52,1131.00,25,308900
20221107,15:14:55,1134.00,225,308900
20221107,15:14:57,1134.00,400,308900
20221107,15:14:59,1131.75,25,308900
20221107,15:15:09,1130.10,25,308900
20221107,15:15:23,1131.75,25,307650
20221107,15:15:33,1131.05,50,307650
20221107,15:15:43,1132.45,25,307650
20221107,15:15:48,1134.00,150,307650
20221107,15:15:56,1134.95,50,307650
20221107,15:15:58,1132.90,125,307650
20221107,15:16:03,1132.30,100,307650
20221107,15:16:27,1131.75,25,307650
20221107,15:16:29,1132.65,50,307650
20221107,15:16:34,1130.00,25,307650
20221107,15:16:36,1130.00,25,307650
20221107,15:16:42,1128.15,50,307650
20221107,15:16:57,1130.00,25,307650
20221107,15:16:58,1133.00,25,307650
20221107,15:17:00,1133.40,25,307650
20221107,15:17:11,1132.75,100,307650
20221107,15:17:16,1129.85,50,307650
20221107,15:17:26,1131.85,50,307650
20221107,15:17:29,1131.85,25,307650
20221107,15:17:41,1132.00,25,307650
20221107,15:17:43,1130.55,200,307650
20221107,15:17:46,1129.05,25,307650
20221107,15:17:49,1131.45,25,307650
20221107,15:17:51,1128.65,50,307650
20221107,15:17:54,1128.15,25,307650
20221107,15:17:58,1130.00,25,307650
20221107,15:18:13,1129.95,200,307650
20221107,15:18:14,1129.95,50,307650
20221107,15:18:16,1129.95,100,307650
20221107,15:18:31,1129.05,25,306825
20221107,15:18:37,1129.05,100,306825
20221107,15:18:57,1131.90,25,306825
20221107,15:19:06,1132.05,25,306825
20221107,15:19:07,1134.70,50,306825
20221107,15:19:17,1135.00,50,306825
20221107,15:19:27,1137.50,50,306825
20221107,15:19:34,1135.05,200,306825
20221107,15:19:35,1138.70,150,306825
20221107,15:19:37,1138.70,125,306825
20221107,15:19:45,1140.80,525,306825
20221107,15:19:49,1140.80,175,306825
20221107,15:19:50,1140.80,400,306825
20221107,15:19:54,1140.60,25,306825
20221107,15:20:02,1143.65,25,306825
20221107,15:20:04,1145.90,100,306825
20221107,15:20:05,1146.00,75,306825
20221107,15:20:07,1146.25,1000,306825
20221107,15:20:09,1145.00,100,306825
20221107,15:20:12,1147.20,100,306825
20221107,15:20:25,1145.00,50,306825
20221107,15:20:38,1147.00,25,306825
20221107,15:20:40,1147.60,200,306825
20221107,15:20:45,1147.20,100,306825
20221107,15:20:47,1149.00,25,306825
20221107,15:20:48,1150.00,125,306825
20221107,15:20:50,1150.00,25,306825
20221107,15:20:52,1148.00,100,306825
20221107,15:20:53,1147.70,25,306825
20221107,15:20:55,1147.60,25,306825
20221107,15:21:00,1150.00,50,306825
20221107,15:21:02,1148.15,200,306825
20221107,15:21:05,1149.00,25,306825
20221107,15:21:07,1149.00,25,306825
20221107,15:21:08,1149.10,50,306825
20221107,15:21:10,1149.90,25,306825
20221107,15:21:13,1149.90,25,306825
20221107,15:21:17,1149.85,25,306825
20221107,15:21:22,1149.85,25,305050
20221107,15:21:25,1149.90,600,305050
20221107,15:21:26,1149.85,250,305050
20221107,15:21:28,1150.00,150,305050
20221107,15:21:31,1150.00,50,305050
20221107,15:21:33,1150.00,25,305050
20221107,15:21:34,1150.45,1050,305050
20221107,15:21:39,1151.00,150,305050
20221107,15:21:44,1149.25,25,305050
20221107,15:21:48,1151.40,25,305050
20221107,15:21:53,1152.00,25,305050
20221107,15:21:54,1150.60,25,305050
20221107,15:22:01,1152.85,25,305050
20221107,15:22:02,1156.00,150,305050
20221107,15:22:04,1155.50,200,305050
20221107,15:22:06,1155.95,175,305050
20221107,15:22:07,1155.55,100,305050
20221107,15:22:09,1153.35,50,305050
20221107,15:22:10,1152.50,100,305050
20221107,15:22:12,1152.00,50,305050
20221107,15:22:14,1155.95,300,305050
20221107,15:22:15,1155.10,450,305050
20221107,15:22:17,1155.80,50,305050
20221107,15:22:18,1156.15,75,305050
20221107,15:22:20,1156.65,50,305050
20221107,15:22:21,1158.35,50,305050
20221107,15:22:23,1155.95,150,305050
20221107,15:22:25,1158.00,100,305050
20221107,15:22:26,1158.80,150,305050
20221107,15:22:28,1160.00,100,305050
20221107,15:22:29,1160.00,150,305050
20221107,15:22:31,1159.65,150,305050
20221107,15:22:33,1160.10,200,305050
20221107,15:22:34,1160.00,125,305050
20221107,15:22:36,1159.95,175,305050
20221107,15:22:37,1160.90,100,305050
20221107,15:22:46,1161.10,25,305050
20221107,15:22:47,1161.00,50,305050
20221107,15:22:49,1162.00,50,305050
20221107,15:22:54,1164.00,25,305050
20221107,15:23:00,1165.00,25,305050
20221107,15:23:05,1166.85,100,305050
20221107,15:23:06,1166.85,375,305050
20221107,15:23:11,1169.00,25,305050
20221107,15:23:13,1169.00,125,305050
20221107,15:23:15,1169.00,400,305050
20221107,15:23:16,1170.00,425,305050
20221107,15:23:18,1173.85,75,305050
20221107,15:23:21,1173.95,25,305050
20221107,15:23:26,1173.95,25,305050
20221107,15:23:28,1174.00,25,305050
20221107,15:23:30,1173.00,25,305050
20221107,15:23:31,1173.15,25,305050
20221107,15:23:33,1169.15,25,305050
20221107,15:23:36,1170.00,25,305050
20221107,15:23:38,1170.10,50,305050
20221107,15:23:41,1175.00,25,305050
20221107,15:23:44,1171.20,50,305050
20221107,15:23:49,1171.65,25,305050
20221107,15:23:53,1171.00,50,305050
20221107,15:24:02,1171.90,25,305050
20221107,15:24:09,1175.00,50,305050
20221107,15:24:10,1175.00,700,305050
20221107,15:24:12,1177.00,75,305050
20221107,15:24:24,1174.85,25,305250
20221107,15:24:25,1175.55,25,305250
20221107,15:24:27,1171.00,900,305250
20221107,15:24:29,1175.85,50,305250
20221107,15:24:40,1170.00,975,305250
20221107,15:24:42,1170.95,550,305250
20221107,15:24:43,1174.20,125,305250
20221107,15:24:46,1170.30,325,305250
20221107,15:24:48,1175.00,25,305250
20221107,15:24:50,1174.00,25,305250
20221107,15:24:53,1172.30,100,305250
20221107,15:24:56,1175.85,25,305250
20221107,15:24:58,1174.35,725,305250
20221107,15:25:00,1174.65,425,305250
20221107,15:25:01,1179.00,700,305250
20221107,15:25:06,1176.95,175,305250
20221107,15:25:09,1174.80,25,305250
20221107,15:25:13,1175.00,25,305250
20221107,15:25:19,1172.00,125,305250
20221107,15:25:31,1176.45,25,305250
20221107,15:25:37,1172.50,125,305250
20221107,15:25:39,1176.85,25,305250
20221107,15:25:41,1171.00,75,305250
20221107,15:25:42,1173.00,75,305250
20221107,15:25:46,1174.90,25,305250
20221107,15:25:47,1174.95,50,305250
20221107,15:25:55,1174.45,175,305250
20221107,15:25:59,1172.95,300,305250
20221107,15:26:05,1172.00,100,305250
20221107,15:26:07,1175.00,175,305250
20221107,15:26:10,1175.00,100,305250
20221107,15:26:12,1177.00,150,305250
20221107,15:26:13,1177.05,100,305250
20221107,15:26:15,1179.00,375,305250
20221107,15:26:17,1176.05,100,305250
20221107,15:26:18,1177.05,100,305250
20221107,15:26:22,1172.10,300,305250
20221107,15:26:23,1178.00,50,305250
20221107,15:26:25,1177.60,150,305250
20221107,15:26:30,1172.20,500,305250
20221107,15:26:33,1177.25,25,305250
20221107,15:26:35,1173.60,50,305250
20221107,15:26:36,1176.95,125,305250
20221107,15:26:38,1175.50,25,305250
20221107,15:26:40,1173.10,50,305250
20221107,15:26:41,1174.50,250,305250
20221107,15:26:43,1174.50,25,305250
20221107,15:26:45,1174.00,25,305250
20221107,15:26:48,1172.25,125,305250
20221107,15:26:49,1172.00,300,305250
20221107,15:26:51,1172.00,25,305250
20221107,15:26:54,1171.35,150,305250
20221107,15:26:56,1171.30,175,305250
20221107,15:26:58,1170.00,125,305250
20221107,15:26:59,1172.50,125,305250
20221107,15:27:02,1168.75,50,305250
20221107,15:27:04,1171.00,250,305250
20221107,15:27:06,1171.50,25,305250
20221107,15:27:07,1171.45,150,305250
20221107,15:27:09,1171.00,275,305250
20221107,15:27:17,1171.00,50,305250
20221107,15:27:24,1169.00,25,301100
20221107,15:27:26,1173.00,1050,301100
20221107,15:27:27,1172.00,800,301100
20221107,15:27:31,1172.75,625,301100
20221107,15:27:32,1172.75,250,301100
20221107,15:27:34,1174.50,25,301100
20221107,15:27:37,1172.00,25,301100
20221107,15:27:39,1173.45,25,301100
20221107,15:27:42,1173.00,25,301100
20221107,15:27:48,1172.00,25,301100
20221107,15:27:56,1173.95,100,301100
20221107,15:27:58,1173.90,25,301100
20221107,15:27:59,1172.90,25,301100
20221107,15:28:03,1172.95,50,301100
20221107,15:28:06,1171.00,75,301100
20221107,15:28:11,1171.30,100,301100
20221107,15:28:13,1170.00,100,301100
20221107,15:28:14,1171.95,275,301100
20221107,15:28:16,1170.90,200,301100
20221107,15:28:18,1171.35,100,301100
20221107,15:28:19,1169.75,175,301100
20221107,15:28:23,1168.00,100,301100
20221107,15:28:24,1171.90,25,301100
20221107,15:28:26,1169.75,100,301100
20221107,15:28:31,1166.85,25,301100
20221107,15:28:34,1166.55,250,301100
20221107,15:28:36,1170.00,50,301100
20221107,15:28:38,1168.00,25,301100
20221107,15:28:41,1173.95,75,301100
20221107,15:28:43,1170.00,675,301100
20221107,15:28:46,1168.45,100,301100
20221107,15:28:49,1167.00,100,301100
20221107,15:28:53,1166.50,100,301100
20221107,15:28:54,1172.25,350,301100
20221107,15:28:56,1166.00,175,301100
20221107,15:28:59,1166.00,200,301100
20221107,15:29:06,1166.10,25,301100
20221107,15:29:11,1166.05,50,301100
20221107,15:29:13,1166.10,25,301100
20221107,15:29:21,1170.00,125,301100
20221107,15:29:25,1166.05,125,301100
20221107,15:29:28,1166.00,50,301100
20221107,15:29:29,1166.05,300,301100
20221107,15:29:34,1170.00,50,301100
20221107,15:29:42,1166.00,50,301100
20221107,15:29:46,1166.05,100,301100
20221107,15:29:49,1166.00,75,301100
20221107,15:29:52,1166.05,400,301100
20221107,15:29:54,1166.00,100,301100
20221107,15:29:56,1166.05,50,301100
20221107,15:29:59,1166.05,25,301100
20221107,15:30:01,1166.00,50,301100
