20221116,09:15:00,208.00,1,443250
20221116,09:15:00,207.10,1950,443250
20221116,09:15:01,156.90,150,443250
20221116,09:15:01,156.90,100,443250
20221116,09:15:03,176.35,450,443250
20221116,09:15:04,175.90,800,443250
20221116,09:15:06,172.90,1600,443250
20221116,09:15:07,176.20,350,443250
20221116,09:15:09,177.20,1150,443250
20221116,09:15:10,180.55,1600,443250
20221116,09:15:11,180.45,1900,443250
20221116,09:15:13,179.50,3250,443250
20221116,09:15:14,179.80,800,443250
20221116,09:15:15,179.65,1350,443250
20221116,09:15:17,179.35,2300,443250
20221116,09:15:18,180.45,3650,443250
20221116,09:15:19,181.45,750,443250
20221116,09:15:21,183.45,1600,443250
20221116,09:15:22,183.55,150,443250
20221116,09:15:23,183.65,550,443250
20221116,09:15:25,186.00,4200,443250
20221116,09:15:26,186.30,2000,443250
20221116,09:15:27,184.80,1100,443250
20221116,09:15:29,181.55,4500,443250
20221116,09:15:30,181.55,1250,443250
20221116,09:15:31,180.15,500,443250
20221116,09:15:33,180.15,250,443250
20221116,09:15:34,182.45,1150,443250
20221116,09:15:35,182.60,100,443250
20221116,09:15:36,182.60,600,443250
20221116,09:15:38,182.15,450,443250
20221116,09:15:39,180.45,350,443250
20221116,09:15:40,180.65,200,443250
20221116,09:15:42,180.45,2650,443250
20221116,09:15:43,179.05,550,443250
20221116,09:15:44,179.30,350,443250
20221116,09:15:45,178.80,400,443250
20221116,09:15:47,176.80,850,443250
20221116,09:15:48,176.00,850,443250
20221116,09:15:49,175.70,500,443250
20221116,09:15:50,175.35,1500,443250
20221116,09:15:52,175.65,2050,443250
20221116,09:15:53,173.85,2950,443250
20221116,09:15:54,174.20,1350,443250
20221116,09:15:55,171.50,2500,443250
20221116,09:15:57,168.80,5600,443250
20221116,09:15:58,169.65,1000,443250
20221116,09:15:59,169.20,750,443250
20221116,09:16:00,168.80,2100,443250
20221116,09:16:01,170.75,1200,443250
20221116,09:16:03,169.75,1400,443250
20221116,09:16:04,171.90,200,443250
20221116,09:16:05,171.15,250,443250
20221116,09:16:06,170.70,750,443250
20221116,09:16:07,170.75,1050,443250
20221116,09:16:09,172.80,850,443250
20221116,09:16:10,170.80,450,443250
20221116,09:16:11,171.25,1100,443250
20221116,09:16:12,171.50,150,443250
20221116,09:16:13,170.80,2050,443250
20221116,09:16:14,171.50,700,443250
20221116,09:16:16,171.75,1750,443250
20221116,09:16:17,171.20,400,443250
20221116,09:16:18,170.60,550,443250
20221116,09:16:19,171.05,200,443250
20221116,09:16:21,170.80,750,443250
20221116,09:16:22,170.60,1300,443250
20221116,09:16:23,170.60,300,443250
20221116,09:16:24,170.00,400,443250
20221116,09:16:25,168.00,750,443250
20221116,09:16:26,167.45,1450,443250
20221116,09:16:28,165.80,1600,443250
20221116,09:16:29,165.30,550,443250
20221116,09:16:30,166.30,1300,443250
20221116,09:16:31,164.40,950,443250
20221116,09:16:32,163.40,2850,443250
20221116,09:16:34,162.30,900,443250
20221116,09:16:35,161.95,5500,443250
20221116,09:16:36,162.20,2400,443250
20221116,09:16:37,162.00,500,443250
20221116,09:16:39,161.90,400,443250
20221116,09:16:40,162.75,2550,443250
20221116,09:16:41,162.15,2950,443250
20221116,09:16:42,161.35,1150,443250
20221116,09:16:44,160.60,1800,443250
20221116,09:16:45,160.00,200,443250
20221116,09:16:47,161.35,2300,443250
20221116,09:16:48,160.55,2200,443250
20221116,09:16:49,160.00,600,443250
20221116,09:16:51,158.30,550,443250
20221116,09:16:52,157.45,1100,443250
20221116,09:16:53,158.30,150,443250
20221116,09:16:54,156.80,700,443250
20221116,09:16:56,157.65,2150,443250
20221116,09:16:57,158.20,4250,443250
20221116,09:16:58,158.70,950,443250
20221116,09:16:59,159.10,1300,443250
20221116,09:17:01,157.60,2100,443250
20221116,09:17:02,156.35,4400,443250
20221116,09:17:03,156.70,2900,443250
20221116,09:17:05,154.30,4450,443250
20221116,09:17:06,153.85,4400,443250
20221116,09:17:07,153.80,6700,443250
20221116,09:17:08,153.60,4200,443250
20221116,09:17:10,153.35,800,443250
20221116,09:17:11,152.90,5650,443250
20221116,09:17:12,152.10,1050,443250
20221116,09:17:14,151.10,2800,443250
20221116,09:17:15,152.60,1800,443250
20221116,09:17:16,153.05,1800,443250
20221116,09:17:17,153.55,4100,443250
20221116,09:17:19,155.80,4900,443250
20221116,09:17:20,157.65,3750,443250
20221116,09:17:21,156.60,4650,443250
20221116,09:17:23,157.40,1350,443250
20221116,09:17:24,156.60,850,443250
20221116,09:17:25,157.70,1800,443250
20221116,09:17:26,157.30,1000,443250
20221116,09:17:27,157.60,200,443250
20221116,09:17:28,156.70,1150,443250
20221116,09:17:29,157.10,3600,443250
20221116,09:17:30,156.70,1600,443250
20221116,09:17:31,156.90,2600,443250
20221116,09:17:33,156.60,1600,443250
20221116,09:17:34,156.10,2250,443250
20221116,09:17:35,155.15,1800,443250
20221116,09:17:36,156.00,600,465500
20221116,09:17:37,154.55,2200,465500
20221116,09:17:39,155.70,750,465500
20221116,09:17:40,156.95,4150,465500
20221116,09:17:41,157.05,700,465500
20221116,09:17:42,158.20,5550,465500
20221116,09:17:43,158.25,1550,465500
20221116,09:17:44,159.00,700,465500
20221116,09:17:45,158.40,1250,465500
20221116,09:17:46,158.20,2650,465500
20221116,09:17:47,159.10,3600,465500
20221116,09:17:48,159.55,2300,465500
20221116,09:17:49,160.00,1650,465500
20221116,09:17:51,161.35,550,465500
20221116,09:17:52,159.95,750,465500
20221116,09:17:53,159.25,4300,465500
20221116,09:17:54,160.95,850,465500
20221116,09:17:55,159.85,200,465500
20221116,09:17:56,160.00,4700,465500
20221116,09:17:58,161.00,350,465500
20221116,09:17:59,161.30,2150,465500
20221116,09:18:01,159.85,2100,465500
20221116,09:18:02,159.75,300,465500
20221116,09:18:03,159.80,300,465500
20221116,09:18:04,161.00,650,465500
20221116,09:18:04,161.85,1100,465500
20221116,09:18:06,161.00,800,465500
20221116,09:18:07,162.55,1100,465500
20221116,09:18:08,163.05,850,465500
20221116,09:18:09,163.45,550,465500
20221116,09:18:10,164.00,600,465500
20221116,09:18:11,164.00,300,465500
20221116,09:18:12,163.50,700,465500
20221116,09:18:13,163.10,1950,465500
20221116,09:18:15,163.00,4000,465500
20221116,09:18:16,162.00,900,465500
20221116,09:18:17,162.20,2800,465500
20221116,09:18:18,161.45,350,465500
20221116,09:18:20,161.10,2650,465500
20221116,09:18:21,160.50,700,465500
20221116,09:18:22,161.60,150,465500
20221116,09:18:23,160.75,250,465500
20221116,09:18:24,161.30,2200,465500
20221116,09:18:25,161.65,1600,465500
20221116,09:18:26,160.55,100,465500
20221116,09:18:27,161.00,4400,465500
20221116,09:18:28,159.40,4050,465500
20221116,09:18:29,159.50,400,465500
20221116,09:18:30,159.00,700,465500
20221116,09:18:31,159.05,1350,465500
20221116,09:18:33,160.35,300,465500
20221116,09:18:35,160.20,50,465500
20221116,09:18:35,160.65,450,465500
20221116,09:18:38,161.90,50,465500
20221116,09:18:39,161.70,550,465500
20221116,09:18:39,161.10,200,465500
20221116,09:18:41,160.60,350,465500
20221116,09:18:42,159.45,900,465500
20221116,09:18:43,159.75,2300,465500
20221116,09:18:44,159.90,250,465500
20221116,09:18:44,160.55,1450,465500
20221116,09:18:45,161.05,4650,465500
20221116,09:18:47,160.00,800,465500
20221116,09:18:48,160.70,200,465500
20221116,09:18:49,159.95,50,465500
20221116,09:18:51,162.20,1300,465500
20221116,09:18:52,161.90,1650,465500
20221116,09:18:53,161.60,700,465500
20221116,09:18:55,161.80,350,465500
20221116,09:18:56,160.60,500,465500
20221116,09:18:57,160.30,250,465500
20221116,09:18:58,161.80,350,465500
20221116,09:19:00,163.15,2950,465500
20221116,09:19:01,162.70,200,465500
20221116,09:19:03,162.25,1100,465500
20221116,09:19:04,161.80,750,465500
20221116,09:19:07,162.15,650,465500
20221116,09:19:08,161.90,250,465500
20221116,09:19:09,160.35,600,465500
20221116,09:19:10,161.45,600,465500
20221116,09:19:11,160.65,500,465500
20221116,09:19:14,159.95,1350,465500
20221116,09:19:15,159.90,300,465500
20221116,09:19:16,159.55,200,465500
20221116,09:19:17,159.00,200,465500
20221116,09:19:18,159.00,200,465500
20221116,09:19:19,157.30,450,465500
20221116,09:19:20,157.70,250,465500
20221116,09:19:21,159.30,2400,465500
20221116,09:19:22,160.15,300,465500
20221116,09:19:23,160.10,500,465500
20221116,09:19:24,160.40,900,465500
20221116,09:19:25,159.50,100,465500
20221116,09:19:26,159.50,100,465500
20221116,09:19:27,160.05,2300,465500
20221116,09:19:28,161.00,500,465500
20221116,09:19:29,160.25,350,465500
20221116,09:19:30,160.15,150,465500
20221116,09:19:31,160.35,100,465500
20221116,09:19:32,161.00,300,465500
20221116,09:19:33,162.00,550,465500
20221116,09:19:34,162.15,300,465500
20221116,09:19:36,163.55,300,465500
20221116,09:19:37,163.15,1100,465500
20221116,09:19:37,163.60,200,465500
20221116,09:19:39,164.25,3850,465500
20221116,09:19:40,164.20,3950,465500
20221116,09:19:41,163.75,200,465500
20221116,09:19:42,163.35,700,465500
20221116,09:19:43,162.90,250,465500
20221116,09:19:44,162.15,1700,465500
20221116,09:19:45,160.95,750,465500
20221116,09:19:46,162.50,400,465500
20221116,09:19:47,161.50,250,465500
20221116,09:19:49,161.20,1850,465500
20221116,09:19:50,160.95,200,465500
20221116,09:19:52,160.70,2100,465500
20221116,09:19:54,159.60,2800,465500
20221116,09:19:55,160.20,950,465500
20221116,09:19:56,159.45,100,465500
20221116,09:19:57,159.45,250,465500
20221116,09:19:58,158.75,1000,465500
20221116,09:19:59,158.90,1100,465500
20221116,09:20:00,161.15,6250,465500
20221116,09:20:02,161.25,1500,465500
20221116,09:20:03,161.00,550,465500
20221116,09:20:04,159.60,3150,465500
20221116,09:20:05,159.50,400,465500
20221116,09:20:07,160.95,600,465500
20221116,09:20:08,162.80,800,465500
20221116,09:20:09,163.30,250,465500
20221116,09:20:10,163.80,700,465500
20221116,09:20:11,164.65,1200,465500
20221116,09:20:12,164.60,750,465500
20221116,09:20:13,164.80,250,465500
20221116,09:20:15,164.60,2900,465500
20221116,09:20:16,164.95,600,465500
20221116,09:20:17,165.00,2250,465500
20221116,09:20:18,165.45,1200,465500
20221116,09:20:19,166.55,1450,465500
20221116,09:20:20,166.80,5150,465500
20221116,09:20:21,168.15,3500,465500
20221116,09:20:22,167.95,500,465500
20221116,09:20:23,168.80,1000,465500
20221116,09:20:24,168.05,800,465500
20221116,09:20:26,165.15,4550,465500
20221116,09:20:27,166.45,2600,465500
20221116,09:20:28,164.95,1550,465500
20221116,09:20:29,166.10,3350,465500
20221116,09:20:30,165.45,650,465500
20221116,09:20:31,166.25,2300,465500
20221116,09:20:32,165.75,700,465500
20221116,09:20:33,165.15,150,465500
20221116,09:20:34,165.20,800,465500
20221116,09:20:35,164.80,650,465500
20221116,09:20:36,166.00,800,476800
20221116,09:20:37,166.15,550,476800
20221116,09:20:38,165.80,700,476800
20221116,09:20:39,166.40,600,476800
20221116,09:20:40,165.80,1000,476800
20221116,09:20:41,165.85,2700,476800
20221116,09:20:42,166.40,150,476800
20221116,09:20:43,167.00,100,476800
20221116,09:20:44,167.80,100,476800
20221116,09:20:45,168.70,3200,476800
20221116,09:20:46,169.00,550,476800
20221116,09:20:47,166.55,1450,476800
20221116,09:20:48,167.35,3550,476800
20221116,09:20:49,169.30,2650,476800
20221116,09:20:50,169.10,300,476800
20221116,09:20:51,169.10,400,476800
20221116,09:20:52,168.30,1900,476800
20221116,09:20:53,168.00,1450,476800
20221116,09:20:54,167.45,500,476800
20221116,09:20:56,166.00,850,476800
20221116,09:20:57,166.35,750,476800
20221116,09:20:58,166.05,300,476800
20221116,09:21:00,166.50,250,476800
20221116,09:21:01,165.90,1600,476800
20221116,09:21:02,164.40,2950,476800
20221116,09:21:03,163.80,350,476800
20221116,09:21:04,163.40,1550,476800
20221116,09:21:05,164.00,650,476800
20221116,09:21:07,163.40,3200,476800
20221116,09:21:08,164.00,450,476800
20221116,09:21:09,162.90,500,476800
20221116,09:21:10,162.10,350,476800
20221116,09:21:11,161.00,2200,476800
20221116,09:21:12,160.60,2500,476800
20221116,09:21:13,159.90,1900,476800
20221116,09:21:15,160.55,150,476800
20221116,09:21:16,160.30,350,476800
20221116,09:21:17,159.90,250,476800
20221116,09:21:19,159.00,450,476800
20221116,09:21:20,159.10,850,476800
20221116,09:21:21,159.60,2200,476800
20221116,09:21:22,160.10,100,476800
20221116,09:21:23,161.00,250,476800
20221116,09:21:25,161.45,1800,476800
20221116,09:21:26,160.75,1200,476800
20221116,09:21:27,160.90,50,476800
20221116,09:21:28,160.55,50,476800
20221116,09:21:29,160.95,150,476800
20221116,09:21:30,161.20,150,476800
20221116,09:21:32,161.10,100,476800
20221116,09:21:34,160.00,800,476800
20221116,09:21:35,159.60,450,476800
20221116,09:21:36,158.65,2100,476800
20221116,09:21:37,157.40,650,476800
20221116,09:21:39,156.50,800,476800
20221116,09:21:40,156.00,850,476800
20221116,09:21:41,155.00,4950,476800
20221116,09:21:42,156.35,300,476800
20221116,09:21:43,156.55,1200,476800
20221116,09:21:44,157.45,600,476800
20221116,09:21:45,158.30,650,476800
20221116,09:21:46,159.00,150,476800
20221116,09:21:48,158.35,100,476800
20221116,09:21:49,157.10,200,476800
20221116,09:21:50,157.20,350,476800
20221116,09:21:51,155.35,1250,476800
20221116,09:21:52,155.70,50,476800
20221116,09:21:53,155.00,2550,476800
20221116,09:21:54,154.45,200,476800
20221116,09:21:56,153.80,200,476800
20221116,09:21:57,154.40,50,476800
20221116,09:21:58,155.35,150,476800
20221116,09:21:59,155.50,100,476800
20221116,09:22:00,155.60,200,476800
20221116,09:22:02,154.90,150,476800
20221116,09:22:03,154.50,100,476800
20221116,09:22:04,153.20,750,476800
20221116,09:22:05,152.60,2450,476800
20221116,09:22:06,152.50,2250,476800
20221116,09:22:07,152.25,200,476800
20221116,09:22:08,153.20,2350,476800
20221116,09:22:09,153.10,100,476800
20221116,09:22:10,152.75,200,476800
20221116,09:22:12,151.30,5700,476800
20221116,09:22:13,152.00,450,476800
20221116,09:22:14,152.05,500,476800
20221116,09:22:15,153.00,100,476800
20221116,09:22:16,152.55,300,476800
20221116,09:22:17,151.90,600,476800
20221116,09:22:18,152.50,350,476800
20221116,09:22:19,152.00,50,476800
20221116,09:22:20,151.80,500,476800
20221116,09:22:21,152.40,650,476800
20221116,09:22:23,152.60,200,476800
20221116,09:22:24,151.70,2900,476800
20221116,09:22:25,150.70,2350,476800
20221116,09:22:26,150.20,1950,476800
20221116,09:22:27,149.60,2650,476800
20221116,09:22:28,150.10,450,476800
20221116,09:22:30,150.55,250,476800
20221116,09:22:31,150.40,1200,476800
20221116,09:22:32,151.00,1100,476800
20221116,09:22:33,150.75,400,476800
20221116,09:22:34,151.75,450,476800
20221116,09:22:35,151.50,100,476800
20221116,09:22:36,152.45,1200,476800
20221116,09:22:37,151.45,200,476800
20221116,09:22:38,152.15,250,476800
20221116,09:22:39,152.20,200,476800
20221116,09:22:41,152.70,250,476800
20221116,09:22:42,153.45,250,476800
20221116,09:22:43,153.35,250,476800
20221116,09:22:44,153.05,100,476800
20221116,09:22:45,152.10,400,476800
20221116,09:22:47,151.35,3250,476800
20221116,09:22:48,150.65,3800,476800
20221116,09:22:49,149.65,650,476800
20221116,09:22:50,148.70,300,476800
20221116,09:22:51,148.35,300,476800
20221116,09:22:52,148.55,300,476800
20221116,09:22:53,149.55,650,476800
20221116,09:22:55,150.00,2050,476800
20221116,09:22:56,151.20,2200,476800
20221116,09:22:57,151.30,100,476800
20221116,09:22:58,150.60,450,476800
20221116,09:22:59,150.75,200,476800
20221116,09:23:00,149.90,2100,476800
20221116,09:23:01,149.40,750,476800
20221116,09:23:02,149.50,50,476800
20221116,09:23:03,149.40,250,476800
20221116,09:23:04,149.75,50,476800
20221116,09:23:05,149.80,150,476800
20221116,09:23:06,149.25,850,476800
20221116,09:23:07,149.10,400,476800
20221116,09:23:08,149.55,250,476800
20221116,09:23:09,150.00,2050,476800
20221116,09:23:10,150.50,900,476800
20221116,09:23:11,150.40,100,476800
20221116,09:23:12,150.45,350,476800
20221116,09:23:13,150.10,350,476800
20221116,09:23:14,151.55,250,476800
20221116,09:23:15,152.35,150,476800
20221116,09:23:16,152.45,300,476800
20221116,09:23:17,153.00,3850,476800
20221116,09:23:18,152.75,800,476800
20221116,09:23:20,153.15,1050,476800
20221116,09:23:21,153.45,100,476800
20221116,09:23:22,153.65,50,476800
20221116,09:23:24,154.00,2000,476800
20221116,09:23:25,155.30,500,476800
20221116,09:23:26,154.00,2150,476800
20221116,09:23:27,154.00,2300,476800
20221116,09:23:28,153.90,200,476800
20221116,09:23:29,154.15,850,476800
20221116,09:23:30,153.60,450,476800
20221116,09:23:31,152.05,1400,476800
20221116,09:23:32,151.65,200,476800
20221116,09:23:33,151.50,50,476800
20221116,09:23:35,152.50,100,476800
20221116,09:23:36,152.85,650,494200
20221116,09:23:37,152.60,550,494200
20221116,09:23:38,151.65,1000,494200
20221116,09:23:39,151.55,300,494200
20221116,09:23:41,151.80,150,494200
20221116,09:23:42,151.90,150,494200
20221116,09:23:43,152.00,50,494200
20221116,09:23:44,152.20,1050,494200
20221116,09:23:45,153.15,150,494200
20221116,09:23:46,152.85,600,494200
20221116,09:23:47,152.75,1300,494200
20221116,09:23:49,152.50,1400,494200
20221116,09:23:50,152.20,250,494200
20221116,09:23:51,151.20,500,494200
20221116,09:23:54,150.40,1700,494200
20221116,09:23:55,150.25,1950,494200
20221116,09:23:55,150.30,1050,494200
20221116,09:23:56,150.30,200,494200
20221116,09:23:57,150.45,2900,494200
20221116,09:23:58,150.50,3350,494200
20221116,09:23:59,150.65,450,494200
20221116,09:24:01,150.85,50,494200
20221116,09:24:02,151.35,50,494200
20221116,09:24:03,151.35,100,494200
20221116,09:24:04,151.35,400,494200
20221116,09:24:05,152.20,250,494200
20221116,09:24:06,152.45,200,494200
20221116,09:24:07,153.00,50,494200
20221116,09:24:09,153.30,200,494200
20221116,09:24:10,153.10,50,494200
20221116,09:24:11,153.70,350,494200
20221116,09:24:12,153.30,1300,494200
20221116,09:24:12,153.30,50,494200
20221116,09:24:13,153.45,850,494200
20221116,09:24:14,152.50,50,494200
20221116,09:24:16,152.75,250,494200
20221116,09:24:17,153.45,50,494200
20221116,09:24:17,153.65,50,494200
20221116,09:24:18,153.95,100,494200
20221116,09:24:19,153.25,450,494200
20221116,09:24:23,152.90,100,494200
20221116,09:24:24,153.35,50,494200
20221116,09:24:25,153.00,50,494200
20221116,09:24:26,152.80,50,494200
20221116,09:24:27,151.50,1550,494200
20221116,09:24:28,151.65,300,494200
20221116,09:24:30,152.05,100,494200
20221116,09:24:31,153.40,150,494200
20221116,09:24:32,152.60,400,494200
20221116,09:24:33,152.10,50,494200
20221116,09:24:34,151.90,150,494200
20221116,09:24:35,152.45,200,494200
20221116,09:24:38,151.90,150,494200
20221116,09:24:40,152.00,250,494200
20221116,09:24:41,152.00,50,494200
20221116,09:24:42,151.85,50,494200
20221116,09:24:43,152.00,300,494200
20221116,09:24:44,151.95,100,494200
20221116,09:24:45,152.05,100,494200
20221116,09:24:47,151.50,300,494200
20221116,09:24:48,152.10,100,494200
20221116,09:24:49,152.65,150,494200
20221116,09:24:50,153.00,100,494200
20221116,09:24:51,153.50,100,494200
20221116,09:24:52,154.00,100,494200
20221116,09:24:53,153.20,250,494200
20221116,09:24:53,153.05,50,494200
20221116,09:24:54,152.55,50,494200
20221116,09:24:55,153.00,50,494200
20221116,09:24:57,152.20,300,494200
20221116,09:24:58,153.45,100,494200
20221116,09:24:59,153.75,500,494200
20221116,09:25:00,153.60,900,494200
20221116,09:25:01,152.50,450,494200
20221116,09:25:02,153.30,100,494200
20221116,09:25:03,152.90,100,494200
20221116,09:25:04,153.00,100,494200
20221116,09:25:06,152.70,1500,494200
20221116,09:25:07,152.10,1350,494200
20221116,09:25:09,152.45,100,494200
20221116,09:25:10,152.30,300,494200
20221116,09:25:11,152.40,400,494200
20221116,09:25:12,152.90,50,494200
20221116,09:25:14,153.10,50,494200
20221116,09:25:16,152.30,50,494200
20221116,09:25:17,152.05,50,494200
20221116,09:25:18,152.00,450,494200
20221116,09:25:19,151.60,450,494200
20221116,09:25:20,151.45,50,494200
20221116,09:25:21,150.85,600,494200
20221116,09:25:22,150.55,500,494200
20221116,09:25:23,151.50,200,494200
20221116,09:25:24,151.20,150,494200
20221116,09:25:25,150.90,100,494200
20221116,09:25:26,151.65,450,494200
20221116,09:25:27,151.65,350,494200
20221116,09:25:28,151.20,2450,494200
20221116,09:25:30,151.40,300,494200
20221116,09:25:32,151.70,100,494200
20221116,09:25:33,151.80,1600,494200
20221116,09:25:34,151.25,900,494200
20221116,09:25:36,151.20,100,494200
20221116,09:25:37,151.50,500,494200
20221116,09:25:38,151.90,5300,494200
20221116,09:25:39,151.60,450,494200
20221116,09:25:40,151.05,100,494200
20221116,09:25:42,150.75,250,494200
20221116,09:25:43,151.25,900,494200
20221116,09:25:44,149.30,2650,494200
20221116,09:25:46,149.85,350,494200
20221116,09:25:47,149.70,150,494200
20221116,09:25:48,150.35,200,494200
20221116,09:25:49,150.55,400,494200
20221116,09:25:50,150.45,600,494200
20221116,09:25:51,149.95,150,494200
20221116,09:25:51,149.95,400,494200
20221116,09:25:52,150.20,600,494200
20221116,09:25:54,149.10,2050,494200
20221116,09:25:55,149.30,50,494200
20221116,09:25:56,149.00,100,494200
20221116,09:25:57,148.55,900,494200
20221116,09:25:58,149.25,300,494200
20221116,09:25:59,148.65,2750,494200
20221116,09:26:00,149.60,50,494200
20221116,09:26:01,150.00,2200,494200
20221116,09:26:02,150.25,650,494200
20221116,09:26:03,150.55,500,494200
20221116,09:26:04,151.00,200,494200
20221116,09:26:06,150.90,1150,494200
20221116,09:26:07,151.60,350,494200
20221116,09:26:08,151.25,50,494200
20221116,09:26:09,152.00,200,494200
20221116,09:26:10,152.00,550,494200
20221116,09:26:11,151.00,300,494200
20221116,09:26:12,151.65,50,494200
20221116,09:26:13,152.10,200,494200
20221116,09:26:15,152.00,50,494200
20221116,09:26:16,152.55,500,494200
20221116,09:26:17,153.00,1850,494200
20221116,09:26:18,153.50,50,494200
20221116,09:26:19,153.65,100,494200
20221116,09:26:20,154.30,1100,494200
20221116,09:26:21,154.40,400,494200
20221116,09:26:22,154.65,3200,494200
20221116,09:26:24,155.40,200,494200
20221116,09:26:25,154.80,900,494200
20221116,09:26:26,154.90,2150,494200
20221116,09:26:27,155.25,200,494200
20221116,09:26:28,156.00,1000,494200
20221116,09:26:29,155.65,1200,494200
20221116,09:26:30,155.60,950,494200
20221116,09:26:31,155.00,1300,494200
20221116,09:26:32,155.50,1250,494200
20221116,09:26:35,155.70,600,494200
20221116,09:26:36,156.20,1050,511850
20221116,09:26:37,155.75,150,511850
20221116,09:26:38,156.25,100,511850
20221116,09:26:39,155.85,50,511850
20221116,09:26:40,155.55,150,511850
20221116,09:26:41,155.20,900,511850
20221116,09:26:43,156.15,400,511850
20221116,09:26:44,155.00,1100,511850
20221116,09:26:45,154.40,950,511850
20221116,09:26:47,153.50,3850,511850
20221116,09:26:49,153.05,750,511850
20221116,09:26:50,153.25,700,511850
20221116,09:26:51,153.35,1050,511850
20221116,09:26:53,152.90,50,511850
20221116,09:26:55,152.30,50,511850
20221116,09:26:56,151.60,350,511850
20221116,09:27:01,152.50,50,511850
20221116,09:27:02,152.65,50,511850
20221116,09:27:03,152.55,1000,511850
20221116,09:27:04,152.95,50,511850
20221116,09:27:07,154.25,2500,511850
20221116,09:27:12,152.50,150,511850
20221116,09:27:13,153.10,300,511850
20221116,09:27:14,153.00,250,511850
20221116,09:27:15,153.10,1400,511850
20221116,09:27:16,152.70,50,511850
20221116,09:27:17,153.10,450,511850
20221116,09:27:18,154.30,300,511850
20221116,09:27:21,154.50,250,511850
20221116,09:27:22,154.45,250,511850
20221116,09:27:24,154.55,100,511850
20221116,09:27:25,154.35,400,511850
20221116,09:27:26,154.40,100,511850
20221116,09:27:28,152.50,650,511850
20221116,09:27:29,153.20,350,511850
20221116,09:27:30,153.10,300,511850
20221116,09:27:31,152.40,400,511850
20221116,09:27:33,151.60,650,511850
20221116,09:27:35,152.05,400,511850
20221116,09:27:36,152.95,750,511850
20221116,09:27:38,153.50,1250,511850
20221116,09:27:39,153.70,50,511850
20221116,09:27:41,153.45,550,511850
20221116,09:27:42,153.15,50,511850
20221116,09:27:44,152.95,100,511850
20221116,09:27:45,153.00,350,511850
20221116,09:27:46,152.70,200,511850
20221116,09:27:47,152.25,450,511850
20221116,09:27:50,152.90,400,511850
20221116,09:27:52,152.00,150,511850
20221116,09:27:52,152.45,50,511850
20221116,09:27:55,151.60,1600,511850
20221116,09:27:56,151.95,900,511850
20221116,09:27:57,152.00,100,511850
20221116,09:27:58,152.25,200,511850
20221116,09:27:59,152.50,300,511850
20221116,09:28:00,152.25,2300,511850
20221116,09:28:01,151.05,950,511850
20221116,09:28:03,151.10,200,511850
20221116,09:28:04,150.00,750,511850
20221116,09:28:05,150.00,700,511850
20221116,09:28:05,150.10,900,511850
20221116,09:28:06,151.50,400,511850
20221116,09:28:07,152.25,100,511850
20221116,09:28:08,151.35,100,511850
20221116,09:28:10,151.75,250,511850
20221116,09:28:11,151.95,100,511850
20221116,09:28:12,151.80,150,511850
20221116,09:28:14,151.60,500,511850
20221116,09:28:16,151.00,4550,511850
20221116,09:28:17,151.15,50,511850
20221116,09:28:18,151.25,400,511850
20221116,09:28:20,151.65,100,511850
20221116,09:28:21,151.50,800,511850
20221116,09:28:23,150.90,250,511850
20221116,09:28:24,151.30,250,511850
20221116,09:28:25,151.15,200,511850
20221116,09:28:27,151.60,100,511850
20221116,09:28:28,150.50,50,511850
20221116,09:28:30,150.00,1000,511850
20221116,09:28:31,149.60,1950,511850
20221116,09:28:32,149.70,200,511850
20221116,09:28:33,149.10,150,511850
20221116,09:28:34,147.70,5650,511850
20221116,09:28:35,148.30,250,511850
20221116,09:28:36,148.35,50,511850
20221116,09:28:39,149.75,500,511850
20221116,09:28:40,149.45,200,511850
20221116,09:28:41,149.30,800,511850
20221116,09:28:42,148.60,100,511850
20221116,09:28:44,148.60,50,511850
20221116,09:28:44,148.45,1850,511850
20221116,09:28:46,148.85,1150,511850
20221116,09:28:48,149.00,350,511850
20221116,09:28:49,148.75,400,511850
20221116,09:28:51,148.45,100,511850
20221116,09:28:52,148.65,450,511850
20221116,09:28:53,148.60,450,511850
20221116,09:28:54,149.10,550,511850
20221116,09:28:56,149.30,200,511850
20221116,09:28:57,150.35,650,511850
20221116,09:28:58,151.00,50,511850
20221116,09:28:59,151.10,100,511850
20221116,09:29:00,150.55,600,511850
20221116,09:29:01,149.45,1250,511850
20221116,09:29:02,149.85,50,511850
20221116,09:29:03,149.70,4250,511850
20221116,09:29:04,149.70,100,511850
20221116,09:29:06,149.00,450,511850
20221116,09:29:07,149.05,50,511850
20221116,09:29:10,148.35,1100,511850
20221116,09:29:11,148.45,250,511850
20221116,09:29:13,148.15,2850,511850
20221116,09:29:14,148.60,550,511850
20221116,09:29:15,148.90,1050,511850
20221116,09:29:20,148.45,150,511850
20221116,09:29:21,148.30,2100,511850
20221116,09:29:22,148.00,4950,511850
20221116,09:29:22,147.20,400,511850
20221116,09:29:24,147.20,150,511850
20221116,09:29:25,148.00,1000,511850
20221116,09:29:26,147.10,1850,511850
20221116,09:29:27,146.45,6150,511850
20221116,09:29:28,147.20,600,511850
20221116,09:29:29,147.70,250,511850
20221116,09:29:30,147.45,100,511850
20221116,09:29:31,147.55,750,511850
20221116,09:29:33,147.40,350,511850
20221116,09:29:33,147.90,250,511850
20221116,09:29:35,148.05,750,511850
20221116,09:29:36,147.80,450,532850
20221116,09:29:37,147.55,700,532850
20221116,09:29:38,147.10,800,532850
20221116,09:29:39,147.50,1600,532850
20221116,09:29:40,147.00,50,532850
20221116,09:29:41,147.10,450,532850
20221116,09:29:42,147.85,2500,532850
20221116,09:29:44,148.00,50,532850
20221116,09:29:45,148.25,50,532850
20221116,09:29:46,148.45,200,532850
20221116,09:29:47,147.45,600,532850
20221116,09:29:47,147.55,1800,532850
20221116,09:29:49,147.30,1900,532850
20221116,09:29:51,148.50,100,532850
20221116,09:29:52,148.90,450,532850
20221116,09:29:53,148.90,650,532850
20221116,09:29:54,148.95,500,532850
20221116,09:29:55,148.45,600,532850
20221116,09:29:56,148.05,1800,532850
20221116,09:29:57,148.25,50,532850
20221116,09:29:59,148.45,100,532850
20221116,09:30:00,146.70,8250,532850
20221116,09:30:01,146.65,1350,532850
20221116,09:30:03,146.05,2350,532850
20221116,09:30:04,148.20,3700,532850
20221116,09:30:05,147.00,8050,532850
20221116,09:30:06,146.15,50,532850
20221116,09:30:07,146.45,5250,532850
20221116,09:30:08,146.00,1550,532850
20221116,09:30:10,145.90,4450,532850
20221116,09:30:11,145.40,550,532850
20221116,09:30:12,145.25,2300,532850
20221116,09:30:13,143.60,2400,532850
20221116,09:30:14,143.60,2400,532850
20221116,09:30:15,143.55,1350,532850
20221116,09:30:16,144.05,250,532850
20221116,09:30:18,143.65,450,532850
20221116,09:30:19,143.60,1950,532850
20221116,09:30:20,143.35,9850,532850
20221116,09:30:21,144.20,100,532850
20221116,09:30:22,143.90,750,532850
20221116,09:30:23,143.65,1850,532850
20221116,09:30:24,143.85,650,532850
20221116,09:30:25,144.10,1750,532850
20221116,09:30:26,144.85,1950,532850
20221116,09:30:27,144.15,5050,532850
20221116,09:30:28,144.30,2550,532850
20221116,09:30:29,144.60,150,532850
20221116,09:30:30,144.30,1950,532850
20221116,09:30:31,144.00,1400,532850
20221116,09:30:32,143.70,3800,532850
20221116,09:30:33,143.10,3100,532850
20221116,09:30:34,144.10,400,532850
20221116,09:30:35,143.45,3950,532850
20221116,09:30:37,143.70,2450,532850
20221116,09:30:38,142.90,1000,532850
20221116,09:30:41,142.90,2400,532850
20221116,09:30:42,143.95,100,532850
20221116,09:30:43,144.00,2050,532850
20221116,09:30:44,143.90,50,532850
20221116,09:30:45,144.15,1800,532850
20221116,09:30:46,144.55,650,532850
20221116,09:30:47,144.25,150,532850
20221116,09:30:49,143.60,650,532850
20221116,09:30:50,143.50,250,532850
20221116,09:30:51,143.10,1600,532850
20221116,09:30:53,143.25,1100,532850
20221116,09:30:54,144.00,150,532850
20221116,09:30:56,144.70,550,532850
20221116,09:30:57,144.90,50,532850
20221116,09:30:59,144.45,150,532850
20221116,09:31:01,144.20,250,532850
20221116,09:31:02,143.70,200,532850
20221116,09:31:03,143.65,100,532850
20221116,09:31:04,144.35,500,532850
20221116,09:31:05,144.40,1550,532850
20221116,09:31:06,145.00,300,532850
20221116,09:31:07,144.75,150,532850
20221116,09:31:09,144.30,700,532850
20221116,09:31:10,143.80,150,532850
20221116,09:31:12,143.30,1900,532850
20221116,09:31:14,144.50,950,532850
20221116,09:31:16,144.75,50,532850
20221116,09:31:18,144.05,50,532850
20221116,09:31:19,144.20,50,532850
20221116,09:31:21,144.15,50,532850
20221116,09:31:22,144.10,300,532850
20221116,09:31:23,143.90,100,532850
20221116,09:31:24,143.30,250,532850
20221116,09:31:26,141.35,5150,532850
20221116,09:31:27,141.00,1050,532850
20221116,09:31:28,141.00,750,532850
20221116,09:31:29,141.30,1200,532850
20221116,09:31:30,141.00,1300,532850
20221116,09:31:31,140.60,450,532850
20221116,09:31:32,140.00,4400,532850
20221116,09:31:34,140.70,1050,532850
20221116,09:31:35,140.30,900,532850
20221116,09:31:36,140.65,500,532850
20221116,09:31:37,141.90,350,532850
20221116,09:31:38,141.60,200,532850
20221116,09:31:39,141.50,50,532850
20221116,09:31:39,141.65,50,532850
20221116,09:31:41,141.95,750,532850
20221116,09:31:42,141.45,500,532850
20221116,09:31:43,141.20,200,532850
20221116,09:31:44,141.35,100,532850
20221116,09:31:45,141.50,100,532850
20221116,09:31:46,141.25,300,532850
20221116,09:31:47,141.45,1350,532850
20221116,09:31:49,141.90,1800,532850
20221116,09:31:50,141.75,300,532850
20221116,09:31:51,143.00,150,532850
20221116,09:31:52,143.65,500,532850
20221116,09:31:53,143.45,450,532850
20221116,09:31:54,143.50,150,532850
20221116,09:31:56,143.20,300,532850
20221116,09:31:57,143.20,50,532850
20221116,09:31:58,143.45,1700,532850
20221116,09:31:59,142.35,2050,532850
20221116,09:32:00,142.00,450,532850
20221116,09:32:01,141.20,100,532850
20221116,09:32:02,141.00,1250,532850
20221116,09:32:03,141.00,150,532850
20221116,09:32:05,141.05,150,532850
20221116,09:32:06,141.20,150,532850
20221116,09:32:07,141.95,800,532850
20221116,09:32:08,142.40,250,532850
20221116,09:32:09,142.90,300,532850
20221116,09:32:11,142.50,3250,532850
20221116,09:32:12,142.10,100,532850
20221116,09:32:13,142.25,100,532850
20221116,09:32:14,142.20,300,532850
20221116,09:32:15,141.95,1250,532850
20221116,09:32:17,141.40,100,532850
20221116,09:32:19,141.65,300,532850
20221116,09:32:20,141.45,550,532850
20221116,09:32:21,141.30,100,532850
20221116,09:32:22,141.30,150,532850
20221116,09:32:24,142.20,4200,532850
20221116,09:32:25,142.55,50,532850
20221116,09:32:28,141.75,50,532850
20221116,09:32:30,141.80,700,532850
20221116,09:32:31,141.65,50,532850
20221116,09:32:32,141.75,100,532850
20221116,09:32:33,141.65,100,532850
20221116,09:32:34,141.50,1000,532850
20221116,09:32:36,142.00,1450,532850
20221116,09:32:37,142.40,50,532850
20221116,09:32:38,142.80,150,576750
20221116,09:32:39,142.75,1200,576750
20221116,09:32:40,142.70,50,576750
20221116,09:32:41,142.55,50,576750
20221116,09:32:42,142.95,50,576750
20221116,09:32:44,142.85,1750,576750
20221116,09:32:45,143.45,250,576750
20221116,09:32:46,143.40,500,576750
20221116,09:32:47,142.90,150,576750
20221116,09:32:48,142.55,150,576750
20221116,09:32:49,142.50,1800,576750
20221116,09:32:50,142.00,750,576750
20221116,09:32:51,142.80,150,576750
20221116,09:32:52,142.90,2300,576750
20221116,09:32:55,143.40,900,576750
20221116,09:32:56,143.40,350,576750
20221116,09:32:57,143.30,50,576750
20221116,09:32:58,142.85,50,576750
20221116,09:32:59,143.25,1700,576750
20221116,09:33:00,143.35,200,576750
20221116,09:33:01,142.00,50,576750
20221116,09:33:02,141.65,500,576750
20221116,09:33:04,142.05,1650,576750
20221116,09:33:05,142.05,500,576750
20221116,09:33:06,142.10,50,576750
20221116,09:33:07,142.50,600,576750
20221116,09:33:08,143.10,1000,576750
20221116,09:33:09,142.90,50,576750
20221116,09:33:11,143.75,600,576750
20221116,09:33:13,143.35,100,576750
20221116,09:33:14,142.95,150,576750
20221116,09:33:18,143.35,250,576750
20221116,09:33:20,143.95,100,576750
20221116,09:33:21,144.05,1800,576750
20221116,09:33:22,144.65,1450,576750
20221116,09:33:23,144.65,300,576750
20221116,09:33:24,144.70,500,576750
20221116,09:33:25,144.80,450,576750
20221116,09:33:26,145.80,850,576750
20221116,09:33:27,145.90,1900,576750
20221116,09:33:28,146.35,500,576750
20221116,09:33:30,145.55,2400,576750
20221116,09:33:31,145.90,50,576750
20221116,09:33:32,145.95,150,576750
20221116,09:33:33,145.80,3350,576750
20221116,09:33:34,145.40,1250,576750
20221116,09:33:35,144.75,3250,576750
20221116,09:33:36,145.20,550,576750
20221116,09:33:37,145.00,100,576750
20221116,09:33:38,144.50,150,576750
20221116,09:33:39,144.00,250,576750
20221116,09:33:40,144.35,100,576750
20221116,09:33:41,143.40,6000,576750
20221116,09:33:42,144.00,1000,576750
20221116,09:33:44,143.85,200,576750
20221116,09:33:45,143.80,250,576750
20221116,09:33:46,143.35,100,576750
20221116,09:33:47,143.15,200,576750
20221116,09:33:48,142.95,700,576750
20221116,09:33:49,143.10,150,576750
20221116,09:33:50,143.10,200,576750
20221116,09:33:52,143.05,750,576750
20221116,09:33:53,143.45,100,576750
20221116,09:33:55,143.00,150,576750
20221116,09:33:56,142.15,900,576750
20221116,09:33:57,142.00,300,576750
20221116,09:33:58,141.25,300,576750
20221116,09:33:59,141.10,3100,576750
20221116,09:34:00,141.35,350,576750
20221116,09:34:01,141.00,4050,576750
20221116,09:34:02,141.25,3750,576750
20221116,09:34:03,140.80,3050,576750
20221116,09:34:04,140.50,7100,576750
20221116,09:34:05,139.80,5650,576750
20221116,09:34:06,139.65,1400,576750
20221116,09:34:07,140.40,4400,576750
20221116,09:34:08,139.85,3800,576750
20221116,09:34:09,140.00,4000,576750
20221116,09:34:10,140.10,5000,576750
20221116,09:34:11,140.85,6550,576750
20221116,09:34:12,140.70,2100,576750
20221116,09:34:13,140.75,2200,576750
20221116,09:34:14,140.65,350,576750
20221116,09:34:16,140.60,50,576750
20221116,09:34:17,141.00,50,576750
20221116,09:34:19,141.35,500,576750
20221116,09:34:20,141.05,50,576750
20221116,09:34:21,140.80,50,576750
20221116,09:34:22,141.35,400,576750
20221116,09:34:23,141.25,750,576750
20221116,09:34:25,141.95,50,576750
20221116,09:34:27,141.20,50,576750
20221116,09:34:28,141.35,1600,576750
20221116,09:34:29,141.55,50,576750
20221116,09:34:30,141.60,50,576750
20221116,09:34:32,141.65,50,576750
20221116,09:34:33,141.40,200,576750
20221116,09:34:35,140.60,1250,576750
20221116,09:34:36,140.15,550,576750
20221116,09:34:37,140.35,550,576750
20221116,09:34:38,140.40,1300,576750
20221116,09:34:39,141.00,2350,576750
20221116,09:34:41,140.85,100,576750
20221116,09:34:42,141.25,1500,576750
20221116,09:34:43,141.30,50,576750
20221116,09:34:46,140.70,650,576750
20221116,09:34:47,140.65,150,576750
20221116,09:34:48,141.25,250,576750
20221116,09:34:50,140.90,800,576750
20221116,09:34:51,141.35,50,576750
20221116,09:34:52,141.75,50,576750
20221116,09:34:54,141.45,550,576750
20221116,09:34:55,141.00,550,576750
20221116,09:34:57,141.20,150,576750
20221116,09:34:58,141.30,2550,576750
20221116,09:34:59,140.75,100,576750
20221116,09:35:00,140.30,200,576750
20221116,09:35:01,140.05,1800,576750
20221116,09:35:03,139.50,2700,576750
20221116,09:35:03,139.80,50,576750
20221116,09:35:04,139.20,3300,576750
20221116,09:35:05,138.70,3700,576750
20221116,09:35:06,137.80,9350,576750
20221116,09:35:07,138.40,600,576750
20221116,09:35:09,137.70,450,576750
20221116,09:35:09,138.15,50,576750
20221116,09:35:10,138.60,3300,576750
20221116,09:35:11,139.40,700,576750
20221116,09:35:12,139.65,600,576750
20221116,09:35:13,139.00,200,576750
20221116,09:35:15,139.45,350,576750
20221116,09:35:16,139.50,200,576750
20221116,09:35:17,139.70,350,576750
20221116,09:35:19,139.75,50,576750
20221116,09:35:21,139.05,2850,576750
20221116,09:35:22,138.50,1950,576750
20221116,09:35:23,138.70,700,576750
20221116,09:35:24,138.50,250,576750
20221116,09:35:25,138.70,100,576750
20221116,09:35:26,138.70,1100,576750
20221116,09:35:28,139.10,2400,576750
20221116,09:35:28,139.70,5450,576750
20221116,09:35:29,138.95,2800,576750
20221116,09:35:31,139.65,4900,576750
20221116,09:35:32,140.30,350,576750
20221116,09:35:34,140.30,1800,576750
20221116,09:35:35,139.50,50,576750
20221116,09:35:36,139.85,1550,576750
20221116,09:35:37,139.15,550,576750
20221116,09:35:38,139.30,50,612650
20221116,09:35:40,139.30,500,612650
20221116,09:35:40,139.20,1350,612650
20221116,09:35:41,139.55,2350,612650
20221116,09:35:42,139.15,300,612650
20221116,09:35:43,138.60,1750,612650
20221116,09:35:45,139.10,2550,612650
20221116,09:35:46,139.15,100,612650
20221116,09:35:46,139.25,1800,612650
20221116,09:35:47,138.05,150,612650
20221116,09:35:48,139.20,550,612650
20221116,09:35:50,139.90,7500,612650
20221116,09:35:52,139.80,500,612650
20221116,09:35:52,139.85,500,612650
20221116,09:35:53,140.25,2200,612650
20221116,09:35:54,140.30,500,612650
20221116,09:35:58,140.95,2350,612650
20221116,09:35:59,141.05,850,612650
20221116,09:36:01,140.30,1000,612650
20221116,09:36:02,140.40,1950,612650
20221116,09:36:03,140.70,350,612650
20221116,09:36:04,140.85,200,612650
20221116,09:36:05,140.70,1550,612650
20221116,09:36:07,140.85,2500,612650
20221116,09:36:08,140.90,500,612650
20221116,09:36:09,141.25,3300,612650
20221116,09:36:12,141.60,100,612650
20221116,09:36:13,141.05,450,612650
20221116,09:36:14,141.00,3500,612650
20221116,09:36:15,140.35,100,612650
20221116,09:36:16,140.80,550,612650
20221116,09:36:17,140.70,50,612650
20221116,09:36:20,141.60,300,612650
20221116,09:36:21,142.00,2400,612650
20221116,09:36:22,142.25,250,612650
20221116,09:36:23,142.95,2200,612650
20221116,09:36:24,143.35,350,612650
20221116,09:36:26,143.00,400,612650
20221116,09:36:26,143.45,50,612650
20221116,09:36:27,143.50,1050,612650
20221116,09:36:28,143.20,1800,612650
20221116,09:36:29,143.55,2150,612650
20221116,09:36:30,143.30,400,612650
20221116,09:36:32,143.40,800,612650
20221116,09:36:32,143.60,600,612650
20221116,09:36:34,143.20,950,612650
20221116,09:36:35,143.45,500,612650
20221116,09:36:36,143.85,3750,612650
20221116,09:36:37,143.55,2300,612650
20221116,09:36:38,143.85,1850,612650
20221116,09:36:40,144.00,5000,612650
20221116,09:36:40,143.55,950,612650
20221116,09:36:41,143.75,1950,612650
20221116,09:36:42,144.30,1150,612650
20221116,09:36:43,143.90,2250,612650
20221116,09:36:44,144.60,1050,612650
20221116,09:36:46,145.00,1350,612650
20221116,09:36:46,144.90,50,612650
20221116,09:36:47,144.75,2200,612650
20221116,09:36:48,144.55,4500,612650
20221116,09:36:49,144.00,300,612650
20221116,09:36:50,144.05,2950,612650
20221116,09:36:51,144.45,6500,612650
20221116,09:36:53,144.10,500,612650
20221116,09:36:53,144.00,1500,612650
20221116,09:36:54,144.20,150,612650
20221116,09:36:55,144.10,1550,612650
20221116,09:36:57,143.50,500,612650
20221116,09:36:59,143.15,2300,612650
20221116,09:37:00,143.30,1950,612650
20221116,09:37:01,143.10,1600,612650
20221116,09:37:01,143.35,50,612650
20221116,09:37:02,143.35,550,612650
20221116,09:37:03,143.45,100,612650
20221116,09:37:04,143.60,450,612650
20221116,09:37:05,143.25,950,612650
20221116,09:37:07,143.50,100,612650
20221116,09:37:08,143.15,400,612650
20221116,09:37:09,143.10,2250,612650
20221116,09:37:10,143.30,400,612650
20221116,09:37:10,143.85,1950,612650
20221116,09:37:11,143.25,450,612650
20221116,09:37:12,143.65,50,612650
20221116,09:37:13,143.00,800,612650
20221116,09:37:15,143.00,450,612650
20221116,09:37:15,142.25,1050,612650
20221116,09:37:16,142.15,250,612650
20221116,09:37:17,142.80,7600,612650
20221116,09:37:19,142.70,550,612650
20221116,09:37:20,142.40,450,612650
20221116,09:37:21,142.45,550,612650
20221116,09:37:22,143.05,1400,612650
20221116,09:37:23,143.30,200,612650
20221116,09:37:24,143.65,850,612650
20221116,09:37:25,143.80,1800,612650
20221116,09:37:25,143.15,300,612650
20221116,09:37:26,142.80,750,612650
20221116,09:37:27,142.25,500,612650
20221116,09:37:28,142.25,50,612650
20221116,09:37:30,143.00,1100,612650
20221116,09:37:31,142.40,400,612650
20221116,09:37:32,142.45,250,612650
20221116,09:37:33,142.30,700,612650
20221116,09:37:34,143.05,2400,612650
20221116,09:37:36,143.25,500,612650
20221116,09:37:37,143.10,800,612650
20221116,09:37:38,143.60,50,612650
20221116,09:37:39,143.45,500,612650
20221116,09:37:41,144.40,3150,612650
20221116,09:37:42,144.20,400,612650
20221116,09:37:43,144.35,650,612650
20221116,09:37:43,144.80,50,612650
20221116,09:37:44,145.50,4250,612650
20221116,09:37:45,145.00,400,612650
20221116,09:37:46,145.75,2000,612650
20221116,09:37:48,145.60,2850,612650
20221116,09:37:49,145.30,450,612650
20221116,09:37:50,146.00,200,612650
20221116,09:37:51,145.70,1250,612650
20221116,09:37:52,146.35,1950,612650
20221116,09:37:53,146.45,4450,612650
20221116,09:37:55,146.45,650,612650
20221116,09:37:56,146.70,300,612650
20221116,09:37:56,146.80,200,612650
20221116,09:37:57,146.00,1600,612650
20221116,09:37:58,146.40,1850,612650
20221116,09:37:59,146.50,2100,612650
20221116,09:38:00,146.55,150,612650
20221116,09:38:01,146.85,650,612650
20221116,09:38:02,147.00,3200,612650
20221116,09:38:04,147.20,150,612650
20221116,09:38:05,147.35,400,612650
20221116,09:38:06,149.00,4150,612650
20221116,09:38:07,148.60,7250,612650
20221116,09:38:09,148.40,950,612650
20221116,09:38:10,148.95,2700,612650
20221116,09:38:11,148.95,3600,612650
20221116,09:38:11,149.00,250,612650
20221116,09:38:13,148.70,2200,612650
20221116,09:38:14,148.30,850,612650
20221116,09:38:14,148.30,250,612650
20221116,09:38:15,149.00,1600,612650
20221116,09:38:16,149.10,7900,612650
20221116,09:38:17,149.55,350,612650
20221116,09:38:19,149.80,300,612650
20221116,09:38:20,149.80,750,612650
20221116,09:38:21,150.15,8500,612650
20221116,09:38:22,150.45,1550,612650
20221116,09:38:23,150.60,100,612650
20221116,09:38:24,150.40,1900,612650
20221116,09:38:26,150.20,3400,612650
20221116,09:38:27,150.15,1300,612650
20221116,09:38:28,150.25,1200,612650
20221116,09:38:29,150.10,200,612650
20221116,09:38:29,151.00,1800,612650
20221116,09:38:30,150.85,600,612650
20221116,09:38:32,150.65,1200,612650
20221116,09:38:33,150.50,550,612650
20221116,09:38:34,150.30,1400,612650
20221116,09:38:34,150.30,200,612650
20221116,09:38:35,150.45,100,612650
20221116,09:38:37,150.00,3200,612650
20221116,09:38:38,149.75,900,612650
20221116,09:38:39,150.20,1750,613550
20221116,09:38:40,152.00,2450,613550
20221116,09:38:41,152.45,1450,613550
20221116,09:38:42,153.00,1100,613550
20221116,09:38:42,153.00,100,613550
20221116,09:38:43,152.90,1450,613550
20221116,09:38:44,152.85,400,613550
20221116,09:38:46,152.70,950,613550
20221116,09:38:47,152.90,250,613550
20221116,09:38:47,152.60,150,613550
20221116,09:38:48,153.65,2800,613550
20221116,09:38:49,153.20,250,613550
20221116,09:38:51,153.60,500,613550
20221116,09:38:52,154.05,650,613550
20221116,09:38:53,154.35,2350,613550
20221116,09:38:53,154.15,100,613550
20221116,09:38:54,154.50,300,613550
20221116,09:38:55,154.45,3550,613550
20221116,09:38:57,154.65,1350,613550
20221116,09:38:58,153.75,1450,613550
20221116,09:38:59,154.40,950,613550
20221116,09:39:00,153.95,450,613550
20221116,09:39:00,153.50,650,613550
20221116,09:39:01,153.90,50,613550
20221116,09:39:03,154.05,350,613550
20221116,09:39:04,153.50,1150,613550
20221116,09:39:05,152.85,2100,613550
20221116,09:39:06,152.80,1300,613550
20221116,09:39:07,151.75,550,613550
20221116,09:39:08,151.90,200,613550
20221116,09:39:09,152.60,100,613550
20221116,09:39:09,152.20,50,613550
20221116,09:39:11,152.25,350,613550
20221116,09:39:12,152.80,100,613550
20221116,09:39:13,152.10,150,613550
20221116,09:39:14,152.40,1000,613550
20221116,09:39:15,151.05,2950,613550
20221116,09:39:16,151.25,50,613550
20221116,09:39:16,151.20,350,613550
20221116,09:39:17,151.05,1400,613550
20221116,09:39:19,151.35,150,613550
20221116,09:39:20,151.55,600,613550
20221116,09:39:21,151.40,50,613550
20221116,09:39:22,151.35,650,613550
20221116,09:39:23,151.10,50,613550
20221116,09:39:25,151.35,1500,613550
20221116,09:39:26,150.70,1000,613550
20221116,09:39:28,151.30,200,613550
20221116,09:39:29,151.25,3700,613550
20221116,09:39:31,151.60,150,613550
20221116,09:39:32,151.50,100,613550
20221116,09:39:33,151.70,750,613550
20221116,09:39:34,150.70,300,613550
20221116,09:39:35,151.40,100,613550
20221116,09:39:37,151.25,400,613550
20221116,09:39:40,151.60,50,613550
20221116,09:39:41,151.55,100,613550
20221116,09:39:42,151.70,300,613550
20221116,09:39:43,152.35,600,613550
20221116,09:39:44,152.15,200,613550
20221116,09:39:45,152.60,1400,613550
20221116,09:39:47,152.95,1850,613550
20221116,09:39:48,153.00,1150,613550
20221116,09:39:49,153.30,600,613550
20221116,09:39:50,153.35,300,613550
20221116,09:39:51,152.70,600,613550
20221116,09:39:52,152.50,50,613550
20221116,09:39:55,152.30,1800,613550
20221116,09:39:57,152.50,100,613550
20221116,09:39:58,152.35,250,613550
20221116,09:39:59,152.80,1950,613550
20221116,09:39:59,152.50,1000,613550
20221116,09:40:00,152.25,200,613550
20221116,09:40:01,151.70,1000,613550
20221116,09:40:03,151.55,500,613550
20221116,09:40:03,151.00,100,613550
20221116,09:40:04,150.90,250,613550
20221116,09:40:06,150.35,4250,613550
20221116,09:40:08,150.05,200,613550
20221116,09:40:09,149.20,150,613550
20221116,09:40:10,148.15,2500,613550
20221116,09:40:10,149.00,100,613550
20221116,09:40:11,149.00,50,613550
20221116,09:40:13,149.20,1100,613550
20221116,09:40:14,149.70,2150,613550
20221116,09:40:15,149.75,50,613550
20221116,09:40:16,149.45,450,613550
20221116,09:40:17,148.55,5600,613550
20221116,09:40:18,148.40,50,613550
20221116,09:40:19,148.15,4050,613550
20221116,09:40:21,149.20,400,613550
20221116,09:40:22,149.25,1700,613550
20221116,09:40:23,149.70,400,613550
20221116,09:40:23,149.75,50,613550
20221116,09:40:24,149.80,450,613550
20221116,09:40:25,150.05,50,613550
20221116,09:40:26,150.85,450,613550
20221116,09:40:29,151.70,2400,613550
20221116,09:40:30,151.20,250,613550
20221116,09:40:32,151.45,850,613550
20221116,09:40:33,152.70,2450,613550
20221116,09:40:34,152.35,3700,613550
20221116,09:40:35,151.80,900,613550
20221116,09:40:37,151.90,550,613550
20221116,09:40:38,151.75,900,613550
20221116,09:40:39,150.20,250,613550
20221116,09:40:41,150.75,250,613550
20221116,09:40:42,151.85,50,613550
20221116,09:40:43,151.60,550,613550
20221116,09:40:44,152.25,550,613550
20221116,09:40:46,151.85,600,613550
20221116,09:40:47,152.25,1400,613550
20221116,09:40:48,151.40,1350,613550
20221116,09:40:49,151.65,50,613550
20221116,09:40:50,151.90,150,613550
20221116,09:40:51,152.00,100,613550
20221116,09:40:53,151.55,200,613550
20221116,09:40:54,151.60,700,613550
20221116,09:40:55,151.55,150,613550
20221116,09:40:56,151.85,50,613550
20221116,09:40:57,152.70,2550,613550
20221116,09:40:58,152.10,850,613550
20221116,09:40:59,152.05,1050,613550
20221116,09:41:00,152.60,450,613550
20221116,09:41:01,151.70,1850,613550
20221116,09:41:02,152.35,800,613550
20221116,09:41:04,152.65,100,613550
20221116,09:41:05,153.00,1000,613550
20221116,09:41:06,153.90,4300,613550
20221116,09:41:07,153.95,100,613550
20221116,09:41:07,152.85,1900,613550
20221116,09:41:08,152.65,3150,613550
20221116,09:41:10,153.00,1000,613550
20221116,09:41:11,152.50,1500,613550
20221116,09:41:12,152.70,1950,613550
20221116,09:41:13,152.70,100,613550
20221116,09:41:14,152.25,4100,613550
20221116,09:41:16,152.40,1050,613550
20221116,09:41:18,152.45,1100,613550
20221116,09:41:19,153.00,200,613550
20221116,09:41:20,153.20,350,613550
20221116,09:41:21,153.25,50,613550
20221116,09:41:24,152.50,750,613550
20221116,09:41:25,152.30,200,613550
20221116,09:41:26,152.70,600,613550
20221116,09:41:27,152.90,350,613550
20221116,09:41:28,152.85,250,613550
20221116,09:41:30,152.70,100,613550
20221116,09:41:31,153.55,350,613550
20221116,09:41:32,153.15,250,613550
20221116,09:41:33,153.30,200,613550
20221116,09:41:34,152.00,500,613550
20221116,09:41:35,152.40,550,613550
20221116,09:41:36,153.00,700,613550
20221116,09:41:37,152.50,100,613550
20221116,09:41:38,153.05,450,615100
20221116,09:41:40,153.35,750,615100
20221116,09:41:42,153.30,250,615100
20221116,09:41:43,153.10,100,615100
20221116,09:41:44,153.05,100,615100
20221116,09:41:45,152.75,1150,615100
20221116,09:41:47,152.75,50,615100
20221116,09:41:47,152.40,50,615100
20221116,09:41:49,152.60,150,615100
20221116,09:41:50,152.00,450,615100
20221116,09:41:51,151.50,1400,615100
20221116,09:41:52,151.50,500,615100
20221116,09:41:53,151.75,2900,615100
20221116,09:41:55,151.50,300,615100
20221116,09:41:57,151.80,100,615100
20221116,09:41:58,151.55,200,615100
20221116,09:41:59,151.35,100,615100
20221116,09:42:00,151.00,400,615100
20221116,09:42:01,151.20,350,615100
20221116,09:42:02,151.40,1500,615100
20221116,09:42:06,151.95,150,615100
20221116,09:42:07,152.95,550,615100
20221116,09:42:09,152.55,100,615100
20221116,09:42:10,151.95,50,615100
20221116,09:42:11,151.60,100,615100
20221116,09:42:12,151.85,50,615100
20221116,09:42:13,151.95,250,615100
20221116,09:42:14,151.80,500,615100
20221116,09:42:15,151.80,100,615100
20221116,09:42:17,151.55,150,615100
20221116,09:42:18,151.20,500,615100
20221116,09:42:20,151.40,50,615100
20221116,09:42:21,151.80,200,615100
20221116,09:42:23,151.20,50,615100
20221116,09:42:24,152.50,250,615100
20221116,09:42:26,152.85,250,615100
20221116,09:42:27,152.05,50,615100
20221116,09:42:30,152.80,50,615100
20221116,09:42:32,152.40,150,615100
20221116,09:42:34,151.65,400,615100
20221116,09:42:35,151.60,250,615100
20221116,09:42:37,151.55,50,615100
20221116,09:42:38,151.10,50,615100
20221116,09:42:39,151.30,50,615100
20221116,09:42:41,151.00,50,615100
20221116,09:42:43,150.95,500,615100
20221116,09:42:45,150.45,50,615100
20221116,09:42:46,149.75,850,615100
20221116,09:42:47,149.80,600,615100
20221116,09:42:49,149.85,150,615100
20221116,09:42:51,149.00,400,615100
20221116,09:42:52,148.80,1800,615100
20221116,09:42:53,148.20,2100,615100
20221116,09:42:54,148.50,250,615100
20221116,09:42:55,148.65,100,615100
20221116,09:42:58,148.65,50,615100
20221116,09:42:59,149.45,600,615100
20221116,09:43:00,149.80,50,615100
20221116,09:43:01,148.70,400,615100
20221116,09:43:02,149.35,50,615100
20221116,09:43:03,148.55,100,615100
20221116,09:43:04,147.90,1800,615100
20221116,09:43:07,147.65,250,615100
20221116,09:43:08,147.15,800,615100
20221116,09:43:09,146.70,2050,615100
20221116,09:43:10,146.85,200,615100
20221116,09:43:11,146.65,2850,615100
20221116,09:43:12,147.05,150,615100
20221116,09:43:13,147.25,50,615100
20221116,09:43:14,147.05,150,615100
20221116,09:43:16,147.60,350,615100
20221116,09:43:17,147.40,750,615100
20221116,09:43:19,147.35,50,615100
20221116,09:43:21,147.30,550,615100
20221116,09:43:21,147.80,50,615100
20221116,09:43:23,148.45,1100,615100
20221116,09:43:24,147.95,100,615100
20221116,09:43:25,148.85,1500,615100
20221116,09:43:26,149.35,150,615100
20221116,09:43:27,149.30,250,615100
20221116,09:43:28,149.20,50,615100
20221116,09:43:29,148.30,50,615100
20221116,09:43:32,148.30,200,615100
20221116,09:43:33,147.25,450,615100
20221116,09:43:34,147.75,400,615100
20221116,09:43:37,146.90,550,615100
20221116,09:43:38,146.85,500,615100
20221116,09:43:39,146.30,1450,615100
20221116,09:43:40,146.00,1150,615100
20221116,09:43:41,144.95,1850,615100
20221116,09:43:42,145.00,850,615100
20221116,09:43:43,144.90,1400,615100
20221116,09:43:44,145.50,250,615100
20221116,09:43:46,146.90,150,615100
20221116,09:43:47,147.05,550,615100
20221116,09:43:48,146.00,1950,615100
20221116,09:43:49,146.20,100,615100
20221116,09:43:51,145.85,50,615100
20221116,09:43:52,145.90,1650,615100
20221116,09:43:53,145.30,50,615100
20221116,09:43:54,145.30,100,615100
20221116,09:43:55,145.35,100,615100
20221116,09:43:56,145.80,500,615100
20221116,09:43:57,145.65,250,615100
20221116,09:43:59,145.85,700,615100
20221116,09:44:00,145.95,100,615100
20221116,09:44:01,146.15,200,615100
20221116,09:44:02,145.85,150,615100
20221116,09:44:03,146.10,250,615100
20221116,09:44:05,145.90,300,615100
20221116,09:44:06,146.00,800,615100
20221116,09:44:07,146.15,100,615100
20221116,09:44:10,145.45,100,615100
20221116,09:44:11,145.00,200,615100
20221116,09:44:12,144.85,50,615100
20221116,09:44:13,144.60,150,615100
20221116,09:44:14,143.80,1150,615100
20221116,09:44:15,144.00,150,615100
20221116,09:44:16,143.35,50,615100
20221116,09:44:17,143.40,500,615100
20221116,09:44:18,143.40,100,615100
20221116,09:44:19,143.95,150,615100
20221116,09:44:20,143.55,250,615100
20221116,09:44:21,143.75,100,615100
20221116,09:44:22,143.25,200,615100
20221116,09:44:23,142.40,1800,615100
20221116,09:44:24,142.20,100,615100
20221116,09:44:25,142.75,250,615100
20221116,09:44:26,142.75,150,615100
20221116,09:44:27,143.35,250,615100
20221116,09:44:28,142.05,350,615100
20221116,09:44:29,142.05,100,615100
20221116,09:44:30,142.35,1550,615100
20221116,09:44:31,142.45,200,615100
20221116,09:44:32,142.85,150,615100
20221116,09:44:33,143.00,200,615100
20221116,09:44:34,142.65,100,615100
20221116,09:44:35,143.10,700,615100
20221116,09:44:36,143.10,750,615100
20221116,09:44:37,143.25,1050,615100
20221116,09:44:38,142.85,650,615100
20221116,09:44:40,142.90,50,614500
20221116,09:44:41,142.60,100,614500
20221116,09:44:42,142.90,550,614500
20221116,09:44:43,142.85,200,614500
20221116,09:44:45,142.45,1150,614500
20221116,09:44:46,142.35,2000,614500
20221116,09:44:47,142.55,3550,614500
20221116,09:44:50,142.10,150,614500
20221116,09:44:51,142.10,50,614500
20221116,09:44:52,141.30,2000,614500
20221116,09:44:53,141.50,950,614500
20221116,09:44:55,142.35,750,614500
20221116,09:44:56,142.70,450,614500
20221116,09:44:58,142.35,50,614500
20221116,09:44:59,142.80,50,614500
20221116,09:45:00,143.00,250,614500
20221116,09:45:02,140.85,650,614500
20221116,09:45:03,140.90,150,614500
20221116,09:45:04,140.65,1350,614500
20221116,09:45:05,140.55,100,614500
20221116,09:45:06,140.50,600,614500
20221116,09:45:07,140.90,200,614500
20221116,09:45:08,140.30,750,614500
20221116,09:45:09,140.55,200,614500
20221116,09:45:10,140.90,350,614500
20221116,09:45:12,140.80,250,614500
20221116,09:45:13,141.70,250,614500
20221116,09:45:14,141.50,1050,614500
20221116,09:45:17,142.20,2050,614500
20221116,09:45:18,141.85,700,614500
20221116,09:45:19,141.60,250,614500
20221116,09:45:20,142.65,50,614500
20221116,09:45:21,141.45,900,614500
20221116,09:45:22,141.05,1100,614500
20221116,09:45:23,141.10,600,614500
20221116,09:45:24,141.80,900,614500
20221116,09:45:25,141.45,100,614500
20221116,09:45:27,141.10,250,614500
20221116,09:45:29,141.20,100,614500
20221116,09:45:32,141.15,700,614500
20221116,09:45:33,141.10,700,614500
20221116,09:45:34,140.65,1200,614500
20221116,09:45:35,141.25,50,614500
20221116,09:45:38,141.45,100,614500
20221116,09:45:39,141.75,650,614500
20221116,09:45:40,141.50,600,614500
20221116,09:45:42,141.45,350,614500
20221116,09:45:43,141.55,50,614500
20221116,09:45:44,142.10,300,614500
20221116,09:45:46,142.15,150,614500
20221116,09:45:47,143.90,1650,614500
20221116,09:45:48,143.15,750,614500
20221116,09:45:49,143.90,550,614500
20221116,09:45:50,144.00,250,614500
20221116,09:45:51,144.30,300,614500
20221116,09:45:52,144.35,50,614500
20221116,09:45:54,144.25,50,614500
20221116,09:45:55,143.60,500,614500
20221116,09:45:56,144.00,50,614500
20221116,09:45:57,144.55,200,614500
20221116,09:45:58,144.95,200,614500
20221116,09:45:59,144.25,250,614500
20221116,09:46:00,144.25,100,614500
20221116,09:46:05,144.60,200,614500
20221116,09:46:06,144.00,800,614500
20221116,09:46:07,143.00,1550,614500
20221116,09:46:08,143.00,200,614500
20221116,09:46:09,142.60,500,614500
20221116,09:46:10,142.40,300,614500
20221116,09:46:11,142.75,100,614500
20221116,09:46:12,143.05,100,614500
20221116,09:46:13,143.10,750,614500
20221116,09:46:14,143.70,150,614500
20221116,09:46:15,143.75,950,614500
20221116,09:46:17,144.15,50,614500
20221116,09:46:18,144.80,50,614500
20221116,09:46:19,145.00,200,614500
20221116,09:46:20,145.45,650,614500
20221116,09:46:21,145.20,50,614500
20221116,09:46:22,145.40,100,614500
20221116,09:46:23,145.75,1800,614500
20221116,09:46:24,145.45,50,614500
20221116,09:46:26,144.75,150,614500
20221116,09:46:27,144.55,50,614500
20221116,09:46:30,145.90,2200,614500
20221116,09:46:31,146.00,400,614500
20221116,09:46:32,146.00,50,614500
20221116,09:46:33,146.10,50,614500
20221116,09:46:34,146.35,700,614500
20221116,09:46:35,146.00,100,614500
20221116,09:46:36,146.00,50,614500
20221116,09:46:37,145.50,2000,614500
20221116,09:46:38,145.75,5800,614500
20221116,09:46:39,145.15,50,614500
20221116,09:46:40,145.70,250,614500
20221116,09:46:41,145.00,200,614500
20221116,09:46:43,145.55,550,614500
20221116,09:46:44,145.90,1800,614500
20221116,09:46:45,146.20,50,614500
20221116,09:46:48,147.20,1650,614500
20221116,09:46:49,146.85,300,614500
20221116,09:46:50,147.15,100,614500
20221116,09:46:51,146.70,100,614500
20221116,09:46:52,147.60,550,614500
20221116,09:46:53,147.50,200,614500
20221116,09:46:55,147.00,650,614500
20221116,09:46:55,147.10,500,614500
20221116,09:46:56,147.40,750,614500
20221116,09:46:57,147.25,1650,614500
20221116,09:46:58,147.10,150,614500
20221116,09:46:59,147.20,100,614500
20221116,09:47:00,146.85,300,614500
20221116,09:47:02,145.90,200,614500
20221116,09:47:03,145.80,100,614500
20221116,09:47:04,146.10,1400,614500
20221116,09:47:06,145.55,50,614500
20221116,09:47:07,146.00,100,614500
20221116,09:47:10,144.85,1300,614500
20221116,09:47:11,144.90,600,614500
20221116,09:47:12,144.65,200,614500
20221116,09:47:14,144.00,350,614500
20221116,09:47:17,144.05,50,614500
20221116,09:47:20,144.45,50,614500
20221116,09:47:21,144.00,200,614500
20221116,09:47:22,144.10,150,614500
20221116,09:47:24,143.50,1550,614500
20221116,09:47:25,143.05,50,614500
20221116,09:47:26,142.80,550,614500
20221116,09:47:27,142.80,50,614500
20221116,09:47:28,142.40,300,614500
20221116,09:47:30,142.40,200,614500
20221116,09:47:30,141.60,400,614500
20221116,09:47:32,142.20,100,614500
20221116,09:47:33,141.65,50,614500
20221116,09:47:35,141.85,500,614500
20221116,09:47:38,142.25,400,614500
20221116,09:47:39,142.10,50,614500
20221116,09:47:40,142.30,300,623500
20221116,09:47:42,143.20,150,623500
20221116,09:47:45,142.85,50,623500
20221116,09:47:48,142.80,50,623500
20221116,09:47:50,143.00,1200,623500
20221116,09:47:51,143.00,600,623500
20221116,09:47:52,142.70,150,623500
20221116,09:47:53,142.75,1300,623500
20221116,09:47:55,142.95,200,623500
20221116,09:47:56,142.80,900,623500
20221116,09:47:56,142.75,50,623500
20221116,09:47:57,142.80,100,623500
20221116,09:47:58,142.65,100,623500
20221116,09:47:59,142.35,100,623500
20221116,09:48:00,142.00,400,623500
20221116,09:48:02,141.50,250,623500
20221116,09:48:04,141.25,50,623500
20221116,09:48:05,140.85,1300,623500
20221116,09:48:06,141.00,100,623500
20221116,09:48:07,140.60,250,623500
20221116,09:48:11,140.60,2550,623500
20221116,09:48:12,140.40,400,623500
20221116,09:48:14,141.55,350,623500
20221116,09:48:15,141.05,600,623500
20221116,09:48:17,141.60,300,623500
20221116,09:48:18,142.25,350,623500
20221116,09:48:19,141.95,300,623500
20221116,09:48:20,142.30,50,623500
20221116,09:48:21,141.60,350,623500
20221116,09:48:23,141.65,550,623500
20221116,09:48:24,142.20,50,623500
20221116,09:48:28,140.95,150,623500
20221116,09:48:31,141.35,50,623500
20221116,09:48:32,141.15,50,623500
20221116,09:48:32,140.60,200,623500
20221116,09:48:33,140.65,200,623500
20221116,09:48:34,140.80,50,623500
20221116,09:48:35,141.25,300,623500
20221116,09:48:36,140.00,2350,623500
20221116,09:48:38,140.30,100,623500
20221116,09:48:39,139.95,3500,623500
20221116,09:48:40,140.00,550,623500
20221116,09:48:41,141.00,600,623500
20221116,09:48:41,141.05,50,623500
20221116,09:48:42,140.60,500,623500
20221116,09:48:43,140.15,650,623500
20221116,09:48:44,140.55,750,623500
20221116,09:48:45,140.70,50,623500
20221116,09:48:46,140.00,1100,623500
20221116,09:48:47,139.75,1000,623500
20221116,09:48:48,139.65,100,623500
20221116,09:48:51,139.10,250,623500
20221116,09:48:53,139.25,50,623500
20221116,09:48:54,139.55,350,623500
20221116,09:48:55,139.25,800,623500
20221116,09:48:56,139.35,200,623500
20221116,09:48:57,140.35,200,623500
20221116,09:48:58,140.30,50,623500
20221116,09:49:00,139.90,50,623500
20221116,09:49:02,139.65,50,623500
20221116,09:49:03,139.30,1000,623500
20221116,09:49:04,139.30,1800,623500
20221116,09:49:04,139.30,50,623500
20221116,09:49:05,139.00,350,623500
20221116,09:49:07,139.00,50,623500
20221116,09:49:09,139.30,1300,623500
20221116,09:49:10,139.30,900,623500
20221116,09:49:11,139.00,150,623500
20221116,09:49:12,138.20,3750,623500
20221116,09:49:14,138.95,1150,623500
20221116,09:49:15,139.40,250,623500
20221116,09:49:15,139.90,350,623500
20221116,09:49:16,139.70,900,623500
20221116,09:49:18,139.85,3050,623500
20221116,09:49:19,140.30,950,623500
20221116,09:49:20,139.55,50,623500
20221116,09:49:21,139.35,200,623500
20221116,09:49:22,139.60,2000,623500
20221116,09:49:23,138.85,600,623500
20221116,09:49:25,138.50,50,623500
20221116,09:49:26,139.40,2850,623500
20221116,09:49:27,139.65,350,623500
20221116,09:49:28,139.25,400,623500
20221116,09:49:29,139.40,150,623500
20221116,09:49:30,139.65,500,623500
20221116,09:49:32,139.70,250,623500
20221116,09:49:34,140.40,600,623500
20221116,09:49:35,141.35,550,623500
20221116,09:49:36,141.20,450,623500
20221116,09:49:37,141.30,1000,623500
20221116,09:49:38,141.10,100,623500
20221116,09:49:39,141.50,1900,623500
20221116,09:49:42,140.50,550,623500
20221116,09:49:43,140.40,2550,623500
20221116,09:49:44,140.35,150,623500
20221116,09:49:45,139.85,300,623500
20221116,09:49:46,140.25,100,623500
20221116,09:49:48,140.70,1000,623500
20221116,09:49:49,140.45,100,623500
20221116,09:49:52,140.90,250,623500
20221116,09:49:53,140.65,100,623500
20221116,09:49:54,141.00,300,623500
20221116,09:49:55,140.55,600,623500
20221116,09:49:56,140.95,150,623500
20221116,09:49:57,141.20,50,623500
20221116,09:49:59,141.00,550,623500
20221116,09:50:00,140.45,1800,623500
20221116,09:50:01,139.70,2650,623500
20221116,09:50:03,139.40,450,623500
20221116,09:50:04,139.65,500,623500
20221116,09:50:06,140.00,500,623500
20221116,09:50:07,140.55,100,623500
20221116,09:50:10,141.15,1200,623500
20221116,09:50:12,141.75,1350,623500
20221116,09:50:13,141.05,50,623500
20221116,09:50:14,142.00,350,623500
20221116,09:50:16,141.55,2300,623500
20221116,09:50:17,141.65,200,623500
20221116,09:50:17,142.15,450,623500
20221116,09:50:20,141.95,50,623500
20221116,09:50:21,142.15,50,623500
20221116,09:50:22,141.85,450,623500
20221116,09:50:23,141.70,250,623500
20221116,09:50:24,141.30,550,623500
20221116,09:50:26,140.60,200,623500
20221116,09:50:28,140.85,750,623500
20221116,09:50:30,141.35,300,623500
20221116,09:50:30,141.60,850,623500
20221116,09:50:31,141.65,100,623500
20221116,09:50:33,142.40,100,623500
20221116,09:50:34,142.55,50,623500
20221116,09:50:35,142.40,100,623500
20221116,09:50:36,142.65,1050,623500
20221116,09:50:37,142.80,1000,623500
20221116,09:50:38,143.20,300,623500
20221116,09:50:40,143.30,200,633000
20221116,09:50:41,143.10,250,633000
20221116,09:50:42,143.40,50,633000
20221116,09:50:44,143.55,200,633000
20221116,09:50:45,143.70,200,633000
20221116,09:50:47,144.20,1700,633000
20221116,09:50:49,144.10,950,633000
20221116,09:50:51,144.25,100,633000
20221116,09:50:52,144.45,50,633000
20221116,09:50:53,145.00,3350,633000
20221116,09:50:54,145.70,600,633000
20221116,09:50:54,145.20,800,633000
20221116,09:50:55,145.95,150,633000
20221116,09:50:57,145.60,750,633000
20221116,09:50:58,145.50,2500,633000
20221116,09:50:59,145.75,500,633000
20221116,09:51:00,145.20,1650,633000
20221116,09:51:01,145.20,850,633000
20221116,09:51:02,145.50,400,633000
20221116,09:51:03,145.30,700,633000
20221116,09:51:04,146.00,600,633000
20221116,09:51:06,146.40,1450,633000
20221116,09:51:07,145.75,350,633000
20221116,09:51:08,145.85,50,633000
20221116,09:51:09,145.75,450,633000
20221116,09:51:10,145.70,250,633000
20221116,09:51:11,145.55,100,633000
20221116,09:51:13,145.95,650,633000
20221116,09:51:14,145.90,250,633000
20221116,09:51:17,146.00,250,633000
20221116,09:51:18,145.65,200,633000
20221116,09:51:19,146.15,50,633000
20221116,09:51:19,146.25,50,633000
20221116,09:51:21,145.65,100,633000
20221116,09:51:22,146.15,550,633000
20221116,09:51:24,146.40,100,633000
20221116,09:51:25,146.05,50,633000
20221116,09:51:26,145.90,50,633000
20221116,09:51:26,145.35,100,633000
20221116,09:51:27,145.00,1850,633000
20221116,09:51:28,145.40,100,633000
20221116,09:51:29,145.00,250,633000
20221116,09:51:30,145.00,100,633000
20221116,09:51:31,145.20,50,633000
20221116,09:51:32,145.00,50,633000
20221116,09:51:34,145.15,1250,633000
20221116,09:51:35,145.55,900,633000
20221116,09:51:36,145.50,100,633000
20221116,09:51:37,145.65,50,633000
20221116,09:51:38,146.00,100,633000
20221116,09:51:39,145.95,900,633000
20221116,09:51:40,146.05,200,633000
20221116,09:51:42,146.60,250,633000
20221116,09:51:43,146.80,50,633000
20221116,09:51:44,147.30,150,633000
20221116,09:51:45,146.05,1950,633000
20221116,09:51:46,146.70,150,633000
20221116,09:51:47,146.80,3300,633000
20221116,09:51:48,147.45,1800,633000
20221116,09:51:49,146.95,200,633000
20221116,09:51:50,146.90,1850,633000
20221116,09:51:52,147.20,1800,633000
20221116,09:51:55,147.00,850,633000
20221116,09:51:55,147.00,50,633000
20221116,09:51:56,146.90,150,633000
20221116,09:51:57,146.85,550,633000
20221116,09:51:58,146.35,1300,633000
20221116,09:52:00,146.10,1450,633000
20221116,09:52:01,145.75,350,633000
20221116,09:52:03,146.05,50,633000
20221116,09:52:05,146.60,100,633000
20221116,09:52:06,147.00,1500,633000
20221116,09:52:07,147.10,200,633000
20221116,09:52:09,146.80,100,633000
20221116,09:52:10,147.45,100,633000
20221116,09:52:11,147.35,800,633000
20221116,09:52:13,147.80,1400,633000
20221116,09:52:14,148.10,2250,633000
20221116,09:52:15,148.45,450,633000
20221116,09:52:16,148.75,100,633000
20221116,09:52:17,148.80,400,633000
20221116,09:52:18,148.80,450,633000
20221116,09:52:19,148.85,200,633000
20221116,09:52:20,148.15,300,633000
20221116,09:52:21,148.65,650,633000
20221116,09:52:22,148.75,50,633000
20221116,09:52:23,148.75,100,633000
20221116,09:52:25,148.35,150,633000
20221116,09:52:27,148.10,100,633000
20221116,09:52:28,148.00,450,633000
20221116,09:52:29,148.00,50,633000
20221116,09:52:30,147.35,100,633000
20221116,09:52:31,147.45,300,633000
20221116,09:52:33,147.20,50,633000
20221116,09:52:33,146.80,600,633000
20221116,09:52:35,146.40,1600,633000
20221116,09:52:37,146.10,550,633000
20221116,09:52:38,146.05,2000,633000
20221116,09:52:39,146.40,1800,633000
20221116,09:52:41,146.30,300,633000
20221116,09:52:41,146.90,2000,633000
20221116,09:52:43,146.90,250,633000
20221116,09:52:44,147.45,950,633000
20221116,09:52:45,147.95,100,633000
20221116,09:52:46,147.85,200,633000
20221116,09:52:47,148.00,650,633000
20221116,09:52:47,147.30,50,633000
20221116,09:52:49,147.75,50,633000
20221116,09:52:50,146.50,50,633000
20221116,09:52:51,146.75,100,633000
20221116,09:52:52,146.40,50,633000
20221116,09:52:53,146.20,150,633000
20221116,09:52:56,146.55,50,633000
20221116,09:52:57,146.55,100,633000
20221116,09:52:58,146.70,50,633000
20221116,09:52:59,147.05,900,633000
20221116,09:53:00,147.90,50,633000
20221116,09:53:01,148.00,500,633000
20221116,09:53:03,147.25,100,633000
20221116,09:53:04,147.20,550,633000
20221116,09:53:06,148.40,250,633000
20221116,09:53:07,148.15,2250,633000
20221116,09:53:08,149.00,2500,633000
20221116,09:53:09,149.40,1100,633000
20221116,09:53:10,150.60,2750,633000
20221116,09:53:11,149.80,700,633000
20221116,09:53:13,149.90,100,633000
20221116,09:53:14,149.70,1550,633000
20221116,09:53:15,150.00,2800,633000
20221116,09:53:16,150.80,900,633000
20221116,09:53:17,150.55,3150,633000
20221116,09:53:18,150.30,600,633000
20221116,09:53:19,151.35,1950,633000
20221116,09:53:20,151.20,600,633000
20221116,09:53:21,150.75,900,633000
20221116,09:53:22,150.55,3000,633000
20221116,09:53:23,150.30,800,633000
20221116,09:53:24,149.75,350,633000
20221116,09:53:25,149.80,100,633000
20221116,09:53:26,149.25,250,633000
20221116,09:53:27,149.50,1150,633000
20221116,09:53:28,149.85,400,633000
20221116,09:53:29,149.45,900,633000
20221116,09:53:30,149.70,100,633000
20221116,09:53:31,150.15,200,633000
20221116,09:53:32,150.10,100,633000
20221116,09:53:32,149.55,50,633000
20221116,09:53:34,149.25,1750,633000
20221116,09:53:35,149.55,650,633000
20221116,09:53:37,148.65,1250,633000
20221116,09:53:38,149.25,150,633000
20221116,09:53:39,148.85,50,633000
20221116,09:53:41,149.45,50,637600
20221116,09:53:45,149.85,500,637600
20221116,09:53:46,149.15,1050,637600
20221116,09:53:48,148.60,1550,637600
20221116,09:53:50,149.05,200,637600
20221116,09:53:50,149.05,50,637600
20221116,09:53:53,147.35,200,637600
20221116,09:53:54,148.00,2500,637600
20221116,09:53:55,148.30,100,637600
20221116,09:53:56,148.40,250,637600
20221116,09:53:57,148.45,50,637600
20221116,09:54:01,149.45,50,637600
20221116,09:54:01,149.65,50,637600
20221116,09:54:03,150.25,1100,637600
20221116,09:54:04,149.95,100,637600
20221116,09:54:04,149.35,50,637600
20221116,09:54:06,149.35,600,637600
20221116,09:54:07,149.35,50,637600
20221116,09:54:08,149.50,250,637600
20221116,09:54:09,149.90,250,637600
20221116,09:54:10,150.35,50,637600
20221116,09:54:13,149.65,300,637600
20221116,09:54:14,149.05,600,637600
20221116,09:54:15,149.95,3100,637600
20221116,09:54:16,149.70,1650,637600
20221116,09:54:19,149.95,500,637600
20221116,09:54:21,149.65,50,637600
20221116,09:54:23,149.90,200,637600
20221116,09:54:24,150.20,700,637600
20221116,09:54:25,149.70,150,637600
20221116,09:54:26,149.85,50,637600
20221116,09:54:27,149.50,300,637600
20221116,09:54:29,149.55,150,637600
20221116,09:54:31,149.60,200,637600
20221116,09:54:32,149.85,200,637600
20221116,09:54:33,148.50,1500,637600
20221116,09:54:34,148.65,400,637600
20221116,09:54:36,149.05,50,637600
20221116,09:54:37,147.70,300,637600
20221116,09:54:38,148.05,500,637600
20221116,09:54:39,147.75,50,637600
20221116,09:54:40,147.15,350,637600
20221116,09:54:41,146.30,1600,637600
20221116,09:54:45,145.90,950,637600
20221116,09:54:46,145.80,100,637600
20221116,09:54:47,145.05,700,637600
20221116,09:54:48,145.10,50,637600
20221116,09:54:49,145.00,2000,637600
20221116,09:54:50,145.00,50,637600
20221116,09:54:51,144.55,100,637600
20221116,09:54:53,144.65,50,637600
20221116,09:54:54,144.65,150,637600
20221116,09:54:55,144.75,500,637600
20221116,09:54:56,144.30,300,637600
20221116,09:54:57,143.20,150,637600
20221116,09:54:58,144.05,500,637600
20221116,09:54:59,143.40,1500,637600
20221116,09:55:00,144.00,900,637600
20221116,09:55:02,144.15,50,637600
20221116,09:55:03,143.15,550,637600
20221116,09:55:04,143.75,300,637600
20221116,09:55:05,144.05,500,637600
20221116,09:55:06,145.00,1100,637600
20221116,09:55:07,145.60,650,637600
20221116,09:55:08,145.80,1050,637600
20221116,09:55:09,146.30,350,637600
20221116,09:55:10,146.80,700,637600
20221116,09:55:11,146.70,200,637600
20221116,09:55:12,147.65,150,637600
20221116,09:55:13,147.55,450,637600
20221116,09:55:15,147.95,250,637600
20221116,09:55:16,147.65,50,637600
20221116,09:55:17,148.20,600,637600
20221116,09:55:18,147.90,100,637600
20221116,09:55:19,147.70,150,637600
20221116,09:55:20,147.40,50,637600
20221116,09:55:21,147.15,200,637600
20221116,09:55:22,146.55,950,637600
20221116,09:55:23,146.25,6650,637600
20221116,09:55:24,146.10,5450,637600
20221116,09:55:28,146.65,850,637600
20221116,09:55:30,146.25,500,637600
20221116,09:55:31,146.25,150,637600
20221116,09:55:32,146.25,600,637600
20221116,09:55:34,146.15,50,637600
20221116,09:55:37,146.20,50,637600
20221116,09:55:38,146.70,300,637600
20221116,09:55:41,147.20,300,637600
20221116,09:55:42,147.30,150,637600
20221116,09:55:43,147.20,1000,637600
20221116,09:55:44,146.95,2500,637600
20221116,09:55:45,146.55,300,637600
20221116,09:55:46,146.20,1500,637600
20221116,09:55:47,146.85,800,637600
20221116,09:55:50,146.70,50,637600
20221116,09:55:55,147.10,200,637600
20221116,09:55:56,146.80,250,637600
20221116,09:55:57,145.60,150,637600
20221116,09:55:59,145.65,1900,637600
20221116,09:56:00,146.45,250,637600
20221116,09:56:01,147.00,150,637600
20221116,09:56:03,147.40,50,637600
20221116,09:56:07,147.25,700,637600
20221116,09:56:09,147.65,300,637600
20221116,09:56:10,146.90,1550,637600
20221116,09:56:13,147.50,50,637600
20221116,09:56:16,148.00,750,637600
20221116,09:56:18,148.00,200,637600
20221116,09:56:19,147.80,200,637600
20221116,09:56:20,147.85,50,637600
20221116,09:56:21,148.00,200,637600
20221116,09:56:22,148.65,250,637600
20221116,09:56:23,149.10,1700,637600
20221116,09:56:24,149.75,450,637600
20221116,09:56:26,149.80,250,637600
20221116,09:56:27,150.40,3050,637600
20221116,09:56:28,150.40,850,637600
20221116,09:56:29,150.85,2550,637600
20221116,09:56:30,150.15,500,637600
20221116,09:56:31,150.55,50,637600
20221116,09:56:32,150.00,1850,637600
20221116,09:56:33,150.60,200,637600
20221116,09:56:34,150.30,1900,637600
20221116,09:56:35,150.50,100,637600
20221116,09:56:37,151.00,350,637600
20221116,09:56:38,151.20,950,637600
20221116,09:56:39,151.45,1200,637600
20221116,09:56:40,151.60,750,637600
20221116,09:56:41,151.60,2100,635550
20221116,09:56:42,151.85,50,635550
20221116,09:56:43,152.00,1650,635550
20221116,09:56:44,152.25,850,635550
20221116,09:56:45,152.45,250,635550
20221116,09:56:46,152.45,1300,635550
20221116,09:56:47,152.50,300,635550
20221116,09:56:48,152.45,50,635550
20221116,09:56:49,152.80,200,635550
20221116,09:56:50,152.30,100,635550
20221116,09:56:51,152.25,2650,635550
20221116,09:56:52,152.45,200,635550
20221116,09:56:53,152.75,350,635550
20221116,09:56:54,152.30,700,635550
20221116,09:56:55,152.80,1100,635550
20221116,09:56:56,152.60,500,635550
20221116,09:56:58,152.25,1050,635550
20221116,09:56:58,152.60,50,635550
20221116,09:56:59,152.45,1050,635550
20221116,09:57:00,152.00,1250,635550
20221116,09:57:02,152.20,500,635550
20221116,09:57:03,152.15,250,635550
20221116,09:57:04,151.35,1000,635550
20221116,09:57:05,151.60,800,635550
20221116,09:57:06,151.55,150,635550
20221116,09:57:07,151.70,350,635550
20221116,09:57:08,151.15,150,635550
20221116,09:57:09,150.90,1300,635550
20221116,09:57:10,150.85,500,635550
20221116,09:57:11,150.70,600,635550
20221116,09:57:12,150.65,1950,635550
20221116,09:57:13,151.05,100,635550
20221116,09:57:14,151.15,350,635550
20221116,09:57:16,151.15,400,635550
20221116,09:57:17,150.90,400,635550
20221116,09:57:18,150.90,450,635550
20221116,09:57:20,151.60,600,635550
20221116,09:57:21,151.60,50,635550
20221116,09:57:22,151.35,250,635550
20221116,09:57:23,151.35,1250,635550
20221116,09:57:24,151.95,100,635550
20221116,09:57:27,151.05,100,635550
20221116,09:57:28,151.05,50,635550
20221116,09:57:30,151.15,50,635550
20221116,09:57:30,151.35,50,635550
20221116,09:57:32,151.90,600,635550
20221116,09:57:33,151.30,50,635550
20221116,09:57:35,151.70,200,635550
20221116,09:57:37,151.10,2350,635550
20221116,09:57:38,150.85,800,635550
20221116,09:57:40,150.90,450,635550
20221116,09:57:42,150.95,250,635550
20221116,09:57:45,151.00,50,635550
20221116,09:57:46,150.00,650,635550
20221116,09:57:47,150.25,100,635550
20221116,09:57:49,149.70,50,635550
20221116,09:57:50,150.35,250,635550
20221116,09:57:51,149.95,1000,635550
20221116,09:57:52,150.35,50,635550
20221116,09:57:54,150.00,500,635550
20221116,09:57:55,150.30,50,635550
20221116,09:57:57,150.30,50,635550
20221116,09:57:59,151.05,1050,635550
20221116,09:58:00,151.20,1900,635550
20221116,09:58:01,151.70,50,635550
20221116,09:58:05,151.95,300,635550
20221116,09:58:06,152.20,800,635550
20221116,09:58:07,151.90,50,635550
20221116,09:58:09,151.90,1600,635550
20221116,09:58:10,151.90,250,635550
20221116,09:58:11,150.85,800,635550
20221116,09:58:12,151.45,300,635550
20221116,09:58:13,151.60,150,635550
20221116,09:58:14,151.50,4550,635550
20221116,09:58:16,150.35,2250,635550
20221116,09:58:17,151.35,50,635550
20221116,09:58:18,151.05,250,635550
20221116,09:58:19,151.45,50,635550
20221116,09:58:20,150.80,1250,635550
20221116,09:58:21,151.15,100,635550
20221116,09:58:22,150.20,450,635550
20221116,09:58:23,150.65,500,635550
20221116,09:58:25,150.60,50,635550
20221116,09:58:27,150.95,50,635550
20221116,09:58:27,150.55,900,635550
20221116,09:58:28,151.10,200,635550
20221116,09:58:29,151.20,200,635550
20221116,09:58:30,151.30,250,635550
20221116,09:58:31,151.20,150,635550
20221116,09:58:32,151.55,100,635550
20221116,09:58:33,151.00,100,635550
20221116,09:58:34,151.15,700,635550
20221116,09:58:35,152.00,4050,635550
20221116,09:58:37,152.20,50,635550
20221116,09:58:38,152.95,650,635550
20221116,09:58:40,153.00,300,635550
20221116,09:58:41,152.90,300,635550
20221116,09:58:42,152.85,100,635550
20221116,09:58:43,152.95,3800,635550
20221116,09:58:44,152.20,50,635550
20221116,09:58:45,151.90,550,635550
20221116,09:58:47,151.75,1200,635550
20221116,09:58:49,151.30,550,635550
20221116,09:58:50,151.10,300,635550
20221116,09:58:51,151.00,50,635550
20221116,09:58:52,150.60,1000,635550
20221116,09:58:53,150.50,250,635550
20221116,09:58:54,151.55,150,635550
20221116,09:58:55,151.90,300,635550
20221116,09:58:57,151.95,650,635550
20221116,09:58:58,152.45,650,635550
20221116,09:58:59,152.60,1800,635550
20221116,09:59:00,152.75,600,635550
20221116,09:59:02,152.45,250,635550
20221116,09:59:03,152.50,800,635550
20221116,09:59:04,152.25,100,635550
20221116,09:59:04,152.20,50,635550
20221116,09:59:05,152.20,100,635550
20221116,09:59:06,151.90,950,635550
20221116,09:59:08,151.45,550,635550
20221116,09:59:09,151.65,100,635550
20221116,09:59:10,151.00,900,635550
20221116,09:59:11,151.00,800,635550
20221116,09:59:12,151.00,250,635550
20221116,09:59:14,150.90,150,635550
20221116,09:59:16,151.00,1100,635550
20221116,09:59:17,150.60,450,635550
20221116,09:59:18,150.60,650,635550
20221116,09:59:19,151.20,550,635550
20221116,09:59:20,150.80,100,635550
20221116,09:59:21,150.95,2150,635550
20221116,09:59:22,150.95,50,635550
20221116,09:59:24,151.35,50,635550
20221116,09:59:25,151.55,100,635550
20221116,09:59:26,150.60,100,635550
20221116,09:59:27,150.80,1900,635550
20221116,09:59:28,150.50,250,635550
20221116,09:59:29,150.30,100,635550
20221116,09:59:30,150.20,100,635550
20221116,09:59:31,150.00,1950,635550
20221116,09:59:32,150.00,50,635550
20221116,09:59:33,150.00,100,635550
20221116,09:59:34,150.00,200,635550
20221116,09:59:35,149.70,350,635550
20221116,09:59:36,149.30,50,635550
20221116,09:59:38,149.00,50,635550
20221116,09:59:39,147.95,900,635550
20221116,09:59:40,147.60,50,635550
20221116,09:59:41,148.00,2600,635550
20221116,09:59:43,148.35,50,635550
20221116,09:59:44,148.50,6100,658400
20221116,09:59:46,149.40,400,658400
20221116,09:59:47,149.70,500,658400
20221116,09:59:48,149.70,200,658400
20221116,09:59:49,149.40,1850,658400
20221116,09:59:50,149.65,200,658400
20221116,09:59:51,149.10,900,658400
20221116,09:59:53,148.95,1600,658400
20221116,09:59:54,149.00,150,658400
20221116,09:59:55,149.00,300,658400
20221116,09:59:55,149.55,100,658400
20221116,09:59:56,149.15,100,658400
20221116,09:59:57,149.10,350,658400
20221116,09:59:58,149.05,100,658400
20221116,09:59:59,148.90,1900,658400
20221116,10:00:00,149.00,300,658400
20221116,10:00:02,149.30,150,658400
20221116,10:00:03,149.95,200,658400
20221116,10:00:04,150.00,650,658400
20221116,10:00:05,150.35,350,658400
20221116,10:00:06,150.00,750,658400
20221116,10:00:08,149.85,50,658400
20221116,10:00:09,149.50,50,658400
20221116,10:00:10,149.20,1450,658400
20221116,10:00:14,149.60,150,658400
20221116,10:00:15,149.55,600,658400
20221116,10:00:16,149.70,150,658400
20221116,10:00:17,149.45,200,658400
20221116,10:00:20,149.15,750,658400
20221116,10:00:22,147.35,500,658400
20221116,10:00:22,147.05,100,658400
20221116,10:00:23,147.00,1000,658400
20221116,10:00:25,147.55,2550,658400
20221116,10:00:27,147.45,1300,658400
20221116,10:00:28,147.90,1300,658400
20221116,10:00:29,147.15,1450,658400
20221116,10:00:30,147.00,1300,658400
20221116,10:00:31,147.90,1150,658400
20221116,10:00:32,147.45,250,658400
20221116,10:00:33,147.80,300,658400
20221116,10:00:34,148.20,150,658400
20221116,10:00:37,148.50,50,658400
20221116,10:00:38,148.45,550,658400
20221116,10:00:39,148.15,50,658400
20221116,10:00:41,148.70,200,658400
20221116,10:00:43,148.60,150,658400
20221116,10:00:44,149.00,100,658400
20221116,10:00:45,149.30,100,658400
20221116,10:00:47,149.50,100,658400
20221116,10:00:49,150.20,450,658400
20221116,10:00:50,149.85,700,658400
20221116,10:00:53,150.80,100,658400
20221116,10:00:55,150.55,600,658400
20221116,10:00:56,151.20,2200,658400
20221116,10:00:58,151.55,200,658400
20221116,10:01:00,152.15,1050,658400
20221116,10:01:00,152.70,50,658400
20221116,10:01:01,152.25,350,658400
20221116,10:01:02,152.65,550,658400
20221116,10:01:03,152.65,450,658400
20221116,10:01:05,153.00,1700,658400
20221116,10:01:06,153.25,1500,658400
20221116,10:01:07,154.00,2300,658400
20221116,10:01:09,155.30,11800,658400
20221116,10:01:10,156.10,3950,658400
20221116,10:01:11,156.60,1600,658400
20221116,10:01:12,156.00,3000,658400
20221116,10:01:12,155.85,100,658400
20221116,10:01:13,156.55,850,658400
20221116,10:01:15,156.30,4400,658400
20221116,10:01:16,155.00,3450,658400
20221116,10:01:17,155.70,200,658400
20221116,10:01:18,155.70,1450,658400
20221116,10:01:19,155.05,5450,658400
20221116,10:01:21,155.50,750,658400
20221116,10:01:22,156.10,1550,658400
20221116,10:01:23,156.05,3650,658400
20221116,10:01:24,156.05,500,658400
20221116,10:01:25,156.35,300,658400
20221116,10:01:25,156.45,100,658400
20221116,10:01:27,156.05,350,658400
20221116,10:01:28,155.70,1350,658400
20221116,10:01:29,155.60,200,658400
20221116,10:01:30,155.50,450,658400
20221116,10:01:31,155.45,100,658400
20221116,10:01:32,155.40,100,658400
20221116,10:01:33,155.60,700,658400
20221116,10:01:35,155.40,750,658400
20221116,10:01:37,155.55,50,658400
20221116,10:01:38,155.40,350,658400
20221116,10:01:39,155.10,950,658400
20221116,10:01:41,154.65,800,658400
20221116,10:01:42,155.05,1050,658400
20221116,10:01:43,154.80,550,658400
20221116,10:01:44,154.50,150,658400
20221116,10:01:46,153.50,2800,658400
20221116,10:01:47,153.95,450,658400
20221116,10:01:48,154.00,100,658400
20221116,10:01:49,154.45,2150,658400
20221116,10:01:50,154.60,50,658400
20221116,10:01:51,154.45,100,658400
20221116,10:01:52,154.70,50,658400
20221116,10:01:53,154.65,100,658400
20221116,10:01:54,154.05,200,658400
20221116,10:01:55,154.20,100,658400
20221116,10:01:57,153.45,1150,658400
20221116,10:01:58,153.60,500,658400
20221116,10:01:59,153.30,2250,658400
20221116,10:02:00,153.40,300,658400
20221116,10:02:01,153.35,100,658400
20221116,10:02:02,153.40,200,658400
20221116,10:02:02,153.65,1500,658400
20221116,10:02:04,152.40,250,658400
20221116,10:02:05,152.80,2150,658400
20221116,10:02:06,152.80,1250,658400
20221116,10:02:07,152.80,200,658400
20221116,10:02:07,152.45,1000,658400
20221116,10:02:09,152.60,150,658400
20221116,10:02:10,152.40,200,658400
20221116,10:02:11,151.30,2250,658400
20221116,10:02:11,151.70,1600,658400
20221116,10:02:12,151.60,1500,658400
20221116,10:02:13,152.00,850,658400
20221116,10:02:15,151.85,1950,658400
20221116,10:02:16,152.20,1650,658400
20221116,10:02:17,152.25,50,658400
20221116,10:02:17,151.80,100,658400
20221116,10:02:19,152.00,150,658400
20221116,10:02:20,152.30,1750,658400
20221116,10:02:21,152.45,100,658400
20221116,10:02:22,152.75,50,658400
20221116,10:02:23,152.60,50,658400
20221116,10:02:25,152.60,350,658400
20221116,10:02:26,152.40,150,658400
20221116,10:02:27,152.50,200,658400
20221116,10:02:30,152.40,100,658400
20221116,10:02:31,152.40,50,658400
20221116,10:02:32,152.45,400,658400
20221116,10:02:33,152.20,50,658400
20221116,10:02:34,152.10,900,658400
20221116,10:02:34,152.15,500,658400
20221116,10:02:35,151.90,300,658400
20221116,10:02:36,151.50,50,658400
20221116,10:02:38,149.65,1600,658400
20221116,10:02:40,149.80,150,658400
20221116,10:02:41,150.45,150,658400
20221116,10:02:43,149.45,150,658400
20221116,10:02:44,149.00,300,665850
20221116,10:02:45,148.50,500,665850
20221116,10:02:46,148.25,550,665850
20221116,10:02:47,148.70,950,665850
20221116,10:02:48,148.70,150,665850
20221116,10:02:49,149.35,450,665850
20221116,10:02:51,149.05,100,665850
20221116,10:02:53,150.25,50,665850
20221116,10:02:55,150.50,100,665850
20221116,10:02:56,150.55,100,665850
20221116,10:02:57,150.50,50,665850
20221116,10:02:58,151.15,50,665850
20221116,10:03:00,150.60,150,665850
20221116,10:03:01,150.50,100,665850
20221116,10:03:03,150.55,50,665850
20221116,10:03:04,150.60,250,665850
20221116,10:03:05,149.75,300,665850
20221116,10:03:06,149.45,200,665850
20221116,10:03:08,149.10,150,665850
20221116,10:03:09,149.00,250,665850
20221116,10:03:09,148.80,100,665850
20221116,10:03:11,148.85,200,665850
20221116,10:03:12,148.80,1950,665850
20221116,10:03:13,148.85,100,665850
20221116,10:03:14,149.15,500,665850
20221116,10:03:15,149.15,100,665850
20221116,10:03:16,149.05,1750,665850
20221116,10:03:19,148.70,100,665850
20221116,10:03:20,149.35,50,665850
20221116,10:03:22,149.95,50,665850
20221116,10:03:23,149.75,50,665850
20221116,10:03:24,150.35,150,665850
20221116,10:03:25,150.15,100,665850
20221116,10:03:26,150.30,200,665850
20221116,10:03:27,149.95,50,665850
20221116,10:03:28,150.05,50,665850
20221116,10:03:29,149.70,50,665850
20221116,10:03:30,150.70,550,665850
20221116,10:03:31,150.95,650,665850
20221116,10:03:33,151.50,1750,665850
20221116,10:03:35,150.70,50,665850
20221116,10:03:36,150.00,100,665850
20221116,10:03:37,150.45,50,665850
20221116,10:03:39,150.40,100,665850
20221116,10:03:40,151.05,1500,665850
20221116,10:03:42,151.30,100,665850
20221116,10:03:43,150.95,50,665850
20221116,10:03:44,150.95,100,665850
20221116,10:03:45,151.35,100,665850
20221116,10:03:47,151.05,100,665850
20221116,10:03:48,150.60,50,665850
20221116,10:03:49,150.00,500,665850
20221116,10:03:51,150.35,100,665850
20221116,10:03:51,150.15,200,665850
20221116,10:03:53,150.00,100,665850
20221116,10:03:55,150.75,50,665850
20221116,10:03:59,150.15,50,665850
20221116,10:03:59,149.75,150,665850
20221116,10:04:02,150.10,100,665850
20221116,10:04:04,149.95,200,665850
20221116,10:04:04,150.10,50,665850
20221116,10:04:07,150.15,150,665850
20221116,10:04:11,150.60,50,665850
20221116,10:04:12,150.00,300,665850
20221116,10:04:14,149.95,100,665850
20221116,10:04:15,150.45,50,665850
20221116,10:04:17,151.95,350,665850
20221116,10:04:18,152.00,350,665850
20221116,10:04:20,152.00,300,665850
20221116,10:04:21,152.75,400,665850
20221116,10:04:23,152.40,1800,665850
20221116,10:04:24,153.00,50,665850
20221116,10:04:25,153.00,400,665850
20221116,10:04:26,152.50,200,665850
20221116,10:04:27,152.95,50,665850
20221116,10:04:28,152.95,800,665850
20221116,10:04:29,152.00,350,665850
20221116,10:04:32,151.10,1600,665850
20221116,10:04:37,151.65,100,665850
20221116,10:04:39,151.55,150,665850
20221116,10:04:40,151.50,50,665850
20221116,10:04:41,151.55,50,665850
20221116,10:04:42,151.50,150,665850
20221116,10:04:43,151.75,50,665850
20221116,10:04:45,151.70,100,665850
20221116,10:04:46,152.30,150,665850
20221116,10:04:47,152.55,50,665850
20221116,10:04:48,152.10,100,665850
20221116,10:04:49,152.45,250,665850
20221116,10:04:53,151.80,500,665850
20221116,10:04:54,150.70,100,665850
20221116,10:04:55,151.15,100,665850
20221116,10:04:56,151.35,1500,665850
20221116,10:05:02,151.30,150,665850
20221116,10:05:03,151.35,100,665850
20221116,10:05:04,151.45,100,665850
20221116,10:05:05,151.55,100,665850
20221116,10:05:06,150.90,5900,665850
20221116,10:05:08,151.40,300,665850
20221116,10:05:09,151.85,150,665850
20221116,10:05:12,152.40,500,665850
20221116,10:05:13,152.45,50,665850
20221116,10:05:14,152.85,200,665850
20221116,10:05:15,152.70,150,665850
20221116,10:05:16,152.25,550,665850
20221116,10:05:16,152.35,100,665850
20221116,10:05:17,152.40,1800,665850
20221116,10:05:19,153.00,550,665850
20221116,10:05:20,153.70,200,665850
20221116,10:05:21,153.05,50,665850
20221116,10:05:22,153.25,200,665850
20221116,10:05:23,153.50,100,665850
20221116,10:05:25,154.15,200,665850
20221116,10:05:26,154.55,1300,665850
20221116,10:05:27,154.95,550,665850
20221116,10:05:28,154.40,1700,665850
20221116,10:05:29,154.00,100,665850
20221116,10:05:30,153.50,250,665850
20221116,10:05:31,153.65,150,665850
20221116,10:05:32,153.40,150,665850
20221116,10:05:33,153.80,350,665850
20221116,10:05:35,153.65,50,665850
20221116,10:05:36,152.75,1700,665850
20221116,10:05:37,152.50,350,665850
20221116,10:05:38,153.20,1050,665850
20221116,10:05:40,153.15,1600,665850
20221116,10:05:41,153.00,100,665850
20221116,10:05:42,153.75,50,665850
20221116,10:05:44,152.95,100,668950
20221116,10:05:45,152.50,150,668950
20221116,10:05:46,152.65,50,668950
20221116,10:05:47,152.55,300,668950
20221116,10:05:50,153.45,200,668950
20221116,10:05:51,153.15,100,668950
20221116,10:05:52,153.60,100,668950
20221116,10:05:54,154.00,150,668950
20221116,10:05:55,154.00,550,668950
20221116,10:05:56,154.65,1700,668950
20221116,10:05:57,154.75,250,668950
20221116,10:05:59,154.60,2350,668950
20221116,10:06:00,155.00,1100,668950
20221116,10:06:01,154.80,4750,668950
20221116,10:06:02,154.70,600,668950
20221116,10:06:03,154.75,200,668950
20221116,10:06:04,154.55,150,668950
20221116,10:06:05,155.45,350,668950
20221116,10:06:07,155.50,500,668950
20221116,10:06:09,155.50,150,668950
20221116,10:06:10,155.45,850,668950
20221116,10:06:11,155.90,2000,668950
20221116,10:06:12,156.00,1200,668950
20221116,10:06:13,156.35,800,668950
20221116,10:06:14,156.95,1550,668950
20221116,10:06:15,157.80,5300,668950
20221116,10:06:16,157.80,1150,668950
20221116,10:06:17,158.20,2500,668950
20221116,10:06:19,159.10,7150,668950
20221116,10:06:20,159.05,1250,668950
20221116,10:06:21,159.30,550,668950
20221116,10:06:22,159.20,2750,668950
20221116,10:06:23,158.85,2750,668950
20221116,10:06:24,158.10,2500,668950
20221116,10:06:25,158.25,250,668950
20221116,10:06:26,156.80,2450,668950
20221116,10:06:27,157.70,1050,668950
20221116,10:06:28,157.40,50,668950
20221116,10:06:29,157.40,1550,668950
20221116,10:06:30,158.60,750,668950
20221116,10:06:31,158.10,450,668950
20221116,10:06:32,157.70,50,668950
20221116,10:06:33,157.65,350,668950
20221116,10:06:34,157.40,300,668950
20221116,10:06:35,157.15,500,668950
20221116,10:06:36,157.70,1000,668950
20221116,10:06:37,157.85,50,668950
20221116,10:06:38,157.50,800,668950
20221116,10:06:39,157.55,400,668950
20221116,10:06:40,157.60,350,668950
20221116,10:06:42,156.90,800,668950
20221116,10:06:43,157.50,100,668950
20221116,10:06:44,157.30,300,668950
20221116,10:06:45,157.65,750,668950
20221116,10:06:46,157.20,500,668950
20221116,10:06:47,157.20,150,668950
20221116,10:06:48,156.75,50,668950
20221116,10:06:50,156.45,200,668950
20221116,10:06:51,156.95,200,668950
20221116,10:06:52,156.85,100,668950
20221116,10:06:54,156.00,1800,668950
20221116,10:06:55,156.00,50,668950
20221116,10:06:56,155.10,1050,668950
20221116,10:06:58,155.50,300,668950
20221116,10:06:59,155.95,50,668950
20221116,10:07:00,155.75,200,668950
20221116,10:07:02,155.65,50,668950
20221116,10:07:04,155.55,450,668950
20221116,10:07:06,156.50,450,668950
20221116,10:07:07,156.50,50,668950
20221116,10:07:08,156.70,750,668950
20221116,10:07:10,155.45,150,668950
20221116,10:07:11,155.80,150,668950
20221116,10:07:13,156.25,250,668950
20221116,10:07:14,155.80,750,668950
20221116,10:07:15,155.85,1300,668950
20221116,10:07:16,155.85,1350,668950
20221116,10:07:17,155.55,1550,668950
20221116,10:07:18,156.55,50,668950
20221116,10:07:19,157.00,4000,668950
20221116,10:07:20,156.90,300,668950
20221116,10:07:21,157.20,200,668950
20221116,10:07:23,156.80,50,668950
20221116,10:07:24,157.20,600,668950
20221116,10:07:26,156.10,50,668950
20221116,10:07:27,156.70,400,668950
20221116,10:07:28,156.70,50,668950
20221116,10:07:29,156.40,150,668950
20221116,10:07:32,156.25,250,668950
20221116,10:07:33,156.00,200,668950
20221116,10:07:35,156.25,1100,668950
20221116,10:07:36,156.80,400,668950
20221116,10:07:37,157.30,3300,668950
20221116,10:07:38,157.60,150,668950
20221116,10:07:39,156.60,50,668950
20221116,10:07:41,157.00,50,668950
20221116,10:07:42,156.40,350,668950
20221116,10:07:44,157.00,50,668950
20221116,10:07:45,156.95,250,668950
20221116,10:07:46,157.20,1150,668950
20221116,10:07:47,157.00,1100,668950
20221116,10:07:48,156.25,650,668950
20221116,10:07:50,155.80,2800,668950
20221116,10:07:52,155.95,100,668950
20221116,10:07:53,155.30,200,668950
20221116,10:07:54,155.00,3050,668950
20221116,10:07:55,155.00,100,668950
20221116,10:07:56,155.65,250,668950
20221116,10:07:58,155.10,100,668950
20221116,10:07:58,154.95,350,668950
20221116,10:07:59,155.10,950,668950
20221116,10:08:03,155.80,1600,668950
20221116,10:08:04,155.30,150,668950
20221116,10:08:05,156.30,150,668950
20221116,10:08:06,157.05,1050,668950
20221116,10:08:07,156.70,1850,668950
20221116,10:08:08,157.40,100,668950
20221116,10:08:09,158.00,2750,668950
20221116,10:08:10,158.15,900,668950
20221116,10:08:12,157.85,250,668950
20221116,10:08:13,156.35,250,668950
20221116,10:08:14,156.35,50,668950
20221116,10:08:16,157.05,300,668950
20221116,10:08:17,156.15,100,668950
20221116,10:08:18,156.00,100,668950
20221116,10:08:20,156.20,500,668950
20221116,10:08:21,157.00,50,668950
20221116,10:08:22,157.00,50,668950
20221116,10:08:23,157.55,100,668950
20221116,10:08:24,157.55,50,668950
20221116,10:08:25,156.80,550,668950
20221116,10:08:28,156.45,650,668950
20221116,10:08:30,156.00,350,668950
20221116,10:08:31,156.70,200,668950
20221116,10:08:35,157.00,700,668950
20221116,10:08:36,157.50,50,668950
20221116,10:08:37,156.80,200,668950
20221116,10:08:38,156.80,50,668950
20221116,10:08:39,157.45,150,668950
20221116,10:08:40,157.50,50,668950
20221116,10:08:41,158.00,1200,668950
20221116,10:08:42,158.90,100,668950
20221116,10:08:43,159.00,400,668950
20221116,10:08:44,158.70,400,656300
20221116,10:08:45,158.35,50,656300
20221116,10:08:46,159.10,500,656300
20221116,10:08:47,159.50,1250,656300
20221116,10:08:48,159.80,5250,656300
20221116,10:08:49,160.40,2600,656300
20221116,10:08:50,159.85,2350,656300
20221116,10:08:51,160.00,250,656300
20221116,10:08:52,160.90,1650,656300
20221116,10:08:53,160.50,700,656300
20221116,10:08:54,159.90,1200,656300
20221116,10:08:55,159.70,950,656300
20221116,10:08:56,159.70,50,656300
20221116,10:08:57,160.40,1600,656300
20221116,10:08:59,160.85,1700,656300
20221116,10:08:59,160.65,300,656300
20221116,10:09:00,161.40,2800,656300
20221116,10:09:01,162.50,4850,656300
20221116,10:09:02,162.60,450,656300
20221116,10:09:03,163.40,1300,656300
20221116,10:09:04,162.00,2750,656300
20221116,10:09:05,161.60,800,656300
20221116,10:09:07,161.40,3100,656300
20221116,10:09:07,161.55,50,656300
20221116,10:09:08,162.10,750,656300
20221116,10:09:09,162.05,150,656300
20221116,10:09:10,162.30,50,656300
20221116,10:09:11,161.80,1400,656300
20221116,10:09:12,162.95,450,656300
20221116,10:09:13,162.75,1050,656300
20221116,10:09:14,162.00,950,656300
20221116,10:09:15,161.50,300,656300
20221116,10:09:16,161.75,1950,656300
20221116,10:09:18,161.80,300,656300
20221116,10:09:18,161.70,100,656300
20221116,10:09:19,161.95,150,656300
20221116,10:09:20,162.00,1100,656300
20221116,10:09:21,162.20,1050,656300
20221116,10:09:22,161.95,650,656300
20221116,10:09:23,161.40,1350,656300
20221116,10:09:24,161.65,200,656300
20221116,10:09:25,162.30,750,656300
20221116,10:09:26,162.20,1300,656300
20221116,10:09:27,162.20,300,656300
20221116,10:09:28,161.90,750,656300
20221116,10:09:29,161.70,50,656300
20221116,10:09:30,161.50,4150,656300
20221116,10:09:32,161.70,250,656300
20221116,10:09:32,162.35,50,656300
20221116,10:09:33,162.20,250,656300
20221116,10:09:34,161.70,100,656300
20221116,10:09:35,161.10,450,656300
20221116,10:09:36,161.55,300,656300
20221116,10:09:37,161.55,1000,656300
20221116,10:09:38,161.05,100,656300
20221116,10:09:40,160.25,400,656300
20221116,10:09:41,160.00,3250,656300
20221116,10:09:42,161.15,100,656300
20221116,10:09:43,160.40,250,656300
20221116,10:09:44,160.40,300,656300
20221116,10:09:45,160.25,300,656300
20221116,10:09:46,159.55,450,656300
20221116,10:09:47,160.25,200,656300
20221116,10:09:48,160.00,1650,656300
20221116,10:09:49,160.60,1250,656300
20221116,10:09:51,160.65,300,656300
20221116,10:09:53,160.20,50,656300
20221116,10:09:55,160.45,3000,656300
20221116,10:09:56,160.60,550,656300
20221116,10:09:57,160.85,4950,656300
20221116,10:09:58,161.10,300,656300
20221116,10:09:59,160.65,100,656300
20221116,10:10:00,160.10,1350,656300
20221116,10:10:01,160.25,100,656300
20221116,10:10:03,160.65,150,656300
20221116,10:10:04,160.50,50,656300
20221116,10:10:05,160.50,50,656300
20221116,10:10:06,160.45,50,656300
20221116,10:10:08,160.30,150,656300
20221116,10:10:09,160.00,250,656300
20221116,10:10:10,159.95,100,656300
20221116,10:10:11,159.50,50,656300
20221116,10:10:12,159.45,600,656300
20221116,10:10:13,158.55,850,656300
20221116,10:10:14,157.55,1450,656300
20221116,10:10:15,157.05,50,656300
20221116,10:10:16,157.50,150,656300
20221116,10:10:17,157.95,500,656300
20221116,10:10:18,157.15,200,656300
20221116,10:10:19,157.40,50,656300
20221116,10:10:21,156.65,900,656300
20221116,10:10:21,156.35,3350,656300
20221116,10:10:22,156.45,400,656300
20221116,10:10:23,156.85,1700,656300
20221116,10:10:24,156.60,150,656300
20221116,10:10:25,157.00,200,656300
20221116,10:10:26,157.45,400,656300
20221116,10:10:27,157.00,2100,656300
20221116,10:10:30,157.75,100,656300
20221116,10:10:31,157.35,200,656300
20221116,10:10:32,158.00,1950,656300
20221116,10:10:33,157.75,150,656300
20221116,10:10:34,158.00,150,656300
20221116,10:10:35,159.00,5400,656300
20221116,10:10:36,158.90,400,656300
20221116,10:10:37,158.90,1900,656300
20221116,10:10:38,158.90,250,656300
20221116,10:10:39,158.70,1350,656300
20221116,10:10:43,159.20,1000,656300
20221116,10:10:44,158.30,350,656300
20221116,10:10:44,158.70,350,656300
20221116,10:10:45,159.50,850,656300
20221116,10:10:46,158.40,100,656300
20221116,10:10:47,159.60,150,656300
20221116,10:10:48,159.30,350,656300
20221116,10:10:49,159.80,50,656300
20221116,10:10:50,159.05,50,656300
20221116,10:10:51,159.25,250,656300
20221116,10:10:52,158.45,550,656300
20221116,10:10:53,158.90,50,656300
20221116,10:10:54,158.80,150,656300
20221116,10:10:55,158.50,150,656300
20221116,10:10:56,158.10,350,656300
20221116,10:10:57,159.00,250,656300
20221116,10:11:02,158.40,300,656300
20221116,10:11:04,158.50,100,656300
20221116,10:11:05,158.10,250,656300
20221116,10:11:07,158.45,50,656300
20221116,10:11:08,158.20,50,656300
20221116,10:11:09,158.40,50,656300
20221116,10:11:11,158.60,100,656300
20221116,10:11:12,158.70,50,656300
20221116,10:11:13,158.70,150,656300
20221116,10:11:14,158.80,100,656300
20221116,10:11:16,158.55,200,656300
20221116,10:11:16,158.85,100,656300
20221116,10:11:17,159.00,650,656300
20221116,10:11:18,159.90,550,656300
20221116,10:11:19,159.30,50,656300
20221116,10:11:21,159.70,2100,656300
20221116,10:11:22,159.30,200,656300
20221116,10:11:23,159.70,1000,656300
20221116,10:11:24,159.05,100,656300
20221116,10:11:26,159.30,100,656300
20221116,10:11:27,158.90,250,656300
20221116,10:11:28,158.60,100,656300
20221116,10:11:30,159.00,1000,656300
20221116,10:11:32,159.00,50,656300
20221116,10:11:33,159.90,100,656300
20221116,10:11:34,159.30,50,656300
20221116,10:11:35,160.20,100,656300
20221116,10:11:38,160.85,400,656300
20221116,10:11:39,161.00,700,656300
20221116,10:11:40,161.00,100,656300
20221116,10:11:41,161.00,1150,656300
20221116,10:11:42,161.85,150,656300
20221116,10:11:45,160.65,350,645800
20221116,10:11:46,160.85,2850,645800
20221116,10:11:47,161.35,250,645800
20221116,10:11:48,160.90,700,645800
20221116,10:11:49,160.25,3050,645800
20221116,10:11:51,161.20,2600,645800
20221116,10:11:52,161.20,100,645800
20221116,10:11:53,160.00,400,645800
20221116,10:11:53,160.00,1900,645800
20221116,10:11:54,159.80,150,645800
20221116,10:11:58,159.60,300,645800
20221116,10:11:59,160.00,550,645800
20221116,10:12:00,159.95,1050,645800
20221116,10:12:01,159.85,50,645800
20221116,10:12:03,160.50,150,645800
20221116,10:12:04,160.30,1200,645800
20221116,10:12:05,161.00,2900,645800
20221116,10:12:07,159.65,200,645800
20221116,10:12:08,159.95,150,645800
20221116,10:12:09,159.60,350,645800
20221116,10:12:12,159.00,2800,645800
20221116,10:12:13,159.05,250,645800
20221116,10:12:14,158.80,1150,645800
20221116,10:12:15,158.45,100,645800
20221116,10:12:17,159.00,150,645800
20221116,10:12:19,159.50,550,645800
20221116,10:12:22,160.00,1500,645800
20221116,10:12:24,159.95,150,645800
20221116,10:12:25,161.00,5200,645800
20221116,10:12:26,161.50,1450,645800
20221116,10:12:27,161.70,50,645800
20221116,10:12:28,162.75,1550,645800
20221116,10:12:29,161.75,350,645800
20221116,10:12:30,161.80,350,645800
20221116,10:12:32,161.00,1850,645800
20221116,10:12:32,160.80,50,645800
20221116,10:12:34,160.95,1400,645800
20221116,10:12:35,160.75,250,645800
20221116,10:12:36,160.50,1600,645800
20221116,10:12:37,160.40,1200,645800
20221116,10:12:38,160.90,50,645800
20221116,10:12:39,160.50,700,645800
20221116,10:12:40,159.95,150,645800
20221116,10:12:41,159.90,250,645800
20221116,10:12:42,159.95,150,645800
20221116,10:12:47,159.95,50,645800
20221116,10:12:50,159.80,50,645800
20221116,10:12:51,158.65,400,645800
20221116,10:12:51,159.25,50,645800
20221116,10:12:52,159.50,300,645800
20221116,10:12:53,159.05,50,645800
20221116,10:12:55,159.25,500,645800
20221116,10:13:00,158.45,150,645800
20221116,10:13:01,159.50,850,645800
20221116,10:13:02,158.95,350,645800
20221116,10:13:03,159.05,100,645800
20221116,10:13:04,159.15,1850,645800
20221116,10:13:07,159.25,150,645800
20221116,10:13:08,159.65,800,645800
20221116,10:13:10,160.00,400,645800
20221116,10:13:11,160.10,200,645800
20221116,10:13:14,158.85,150,645800
20221116,10:13:15,159.15,50,645800
20221116,10:13:16,159.25,100,645800
20221116,10:13:17,159.45,100,645800
20221116,10:13:18,159.80,400,645800
20221116,10:13:22,160.00,100,645800
20221116,10:13:25,159.85,550,645800
20221116,10:13:26,159.95,100,645800
20221116,10:13:27,160.05,50,645800
20221116,10:13:29,160.10,100,645800
20221116,10:13:31,160.50,100,645800
20221116,10:13:33,160.85,50,645800
20221116,10:13:34,161.20,900,645800
20221116,10:13:36,161.60,900,645800
20221116,10:13:37,161.65,250,645800
20221116,10:13:40,161.50,50,645800
20221116,10:13:41,162.60,600,645800
20221116,10:13:42,161.85,50,645800
20221116,10:13:42,161.65,900,645800
20221116,10:13:43,162.25,1050,645800
20221116,10:13:44,163.00,1250,645800
20221116,10:13:46,162.60,1200,645800
20221116,10:13:46,163.15,850,645800
20221116,10:13:47,162.90,1800,645800
20221116,10:13:48,162.75,250,645800
20221116,10:13:49,163.15,50,645800
20221116,10:13:50,162.60,200,645800
20221116,10:13:51,162.50,1100,645800
20221116,10:13:54,162.00,200,645800
20221116,10:13:55,162.05,100,645800
20221116,10:13:56,162.45,150,645800
20221116,10:13:57,162.75,100,645800
20221116,10:14:00,162.50,150,645800
20221116,10:14:01,163.35,2250,645800
20221116,10:14:02,163.20,150,645800
20221116,10:14:03,164.30,8100,645800
20221116,10:14:04,167.05,16850,645800
20221116,10:14:05,167.45,3650,645800
20221116,10:14:06,168.95,8250,645800
20221116,10:14:08,168.30,1250,645800
20221116,10:14:09,169.35,800,645800
20221116,10:14:10,169.45,750,645800
20221116,10:14:11,169.55,6500,645800
20221116,10:14:12,168.85,500,645800
20221116,10:14:12,169.25,50,645800
20221116,10:14:14,169.80,850,645800
20221116,10:14:15,170.00,1900,645800
20221116,10:14:16,170.20,3750,645800
20221116,10:14:17,169.35,1650,645800
20221116,10:14:18,169.05,1050,645800
20221116,10:14:19,168.85,100,645800
20221116,10:14:20,169.00,800,645800
20221116,10:14:21,167.50,5200,645800
20221116,10:14:22,167.40,450,645800
20221116,10:14:23,167.65,850,645800
20221116,10:14:24,166.85,200,645800
20221116,10:14:25,166.85,50,645800
20221116,10:14:26,166.35,600,645800
20221116,10:14:27,166.60,450,645800
20221116,10:14:28,167.15,800,645800
20221116,10:14:29,167.00,50,645800
20221116,10:14:30,167.55,1400,645800
20221116,10:14:31,168.90,1900,645800
20221116,10:14:32,168.90,300,645800
20221116,10:14:33,168.80,300,645800
20221116,10:14:34,169.35,850,645800
20221116,10:14:35,169.50,150,645800
20221116,10:14:37,169.70,800,645800
20221116,10:14:38,169.85,1100,645800
20221116,10:14:39,169.40,350,645800
20221116,10:14:40,168.80,450,645800
20221116,10:14:41,168.40,100,645800
20221116,10:14:42,167.80,1650,645800
20221116,10:14:43,166.85,2550,645800
20221116,10:14:44,167.70,300,637600
20221116,10:14:45,167.25,2100,637600
20221116,10:14:46,167.75,150,637600
20221116,10:14:47,168.00,150,637600
20221116,10:14:48,167.70,150,637600
20221116,10:14:49,167.60,600,637600
20221116,10:14:50,167.00,250,637600
20221116,10:14:51,167.45,150,637600
20221116,10:14:52,167.45,50,637600
20221116,10:14:54,167.20,1050,637600
20221116,10:14:55,167.50,150,637600
20221116,10:14:56,166.50,1000,637600
20221116,10:14:57,166.70,150,637600
20221116,10:14:59,166.55,350,637600
20221116,10:15:00,166.00,1600,637600
20221116,10:15:00,166.30,200,637600
20221116,10:15:02,167.35,1450,637600
20221116,10:15:03,168.00,1900,637600
20221116,10:15:04,169.00,450,637600
20221116,10:15:05,167.95,350,637600
20221116,10:15:06,168.40,1250,637600
20221116,10:15:07,168.90,100,637600
20221116,10:15:09,168.60,3400,637600
20221116,10:15:10,168.80,5000,637600
20221116,10:15:11,169.25,2450,637600
20221116,10:15:12,169.90,150,637600
20221116,10:15:13,169.60,3200,637600
20221116,10:15:13,169.80,250,637600
20221116,10:15:15,168.40,7700,637600
20221116,10:15:16,168.35,1950,637600
20221116,10:15:17,167.45,400,637600
20221116,10:15:18,167.70,100,637600
20221116,10:15:19,167.60,1250,637600
20221116,10:15:20,167.35,850,637600
20221116,10:15:21,167.55,350,637600
20221116,10:15:23,167.40,100,637600
20221116,10:15:24,167.80,400,637600
20221116,10:15:26,167.70,1150,637600
20221116,10:15:27,166.85,1250,637600
20221116,10:15:28,167.10,750,637600
20221116,10:15:28,167.75,50,637600
20221116,10:15:30,166.70,450,637600
20221116,10:15:32,166.75,900,637600
20221116,10:15:33,166.90,200,637600
20221116,10:15:33,166.65,50,637600
20221116,10:15:35,166.90,3100,637600
20221116,10:15:36,168.10,300,637600
20221116,10:15:37,167.95,50,637600
20221116,10:15:39,167.85,200,637600
20221116,10:15:41,169.00,100,637600
20221116,10:15:42,169.20,450,637600
20221116,10:15:43,169.55,2450,637600
20221116,10:15:44,170.10,1050,637600
20221116,10:15:44,170.15,50,637600
20221116,10:15:46,170.75,100,637600
20221116,10:15:47,170.95,950,637600
20221116,10:15:48,170.35,600,637600
20221116,10:15:49,170.20,1150,637600
20221116,10:15:50,169.65,400,637600
20221116,10:15:51,168.70,1250,637600
20221116,10:15:52,168.95,600,637600
20221116,10:15:53,169.30,400,637600
20221116,10:15:54,169.70,950,637600
20221116,10:15:56,169.95,2350,637600
20221116,10:15:56,169.80,1800,637600
20221116,10:15:57,169.75,200,637600
20221116,10:15:59,169.65,300,637600
20221116,10:16:00,170.00,450,637600
20221116,10:16:01,170.20,150,637600
20221116,10:16:02,170.60,700,637600
20221116,10:16:03,170.15,1250,637600
20221116,10:16:04,170.55,2450,637600
20221116,10:16:05,171.05,1550,637600
20221116,10:16:06,170.90,50,637600
20221116,10:16:07,171.00,1100,637600
20221116,10:16:08,174.10,7100,637600
20221116,10:16:10,174.95,3400,637600
20221116,10:16:11,174.80,3950,637600
20221116,10:16:12,175.00,3800,637600
20221116,10:16:13,174.40,350,637600
20221116,10:16:14,173.25,2100,637600
20221116,10:16:15,173.00,350,637600
20221116,10:16:16,172.90,100,637600
20221116,10:16:17,172.90,350,637600
20221116,10:16:18,172.90,900,637600
20221116,10:16:19,172.15,1550,637600
20221116,10:16:20,173.40,450,637600
20221116,10:16:21,173.05,900,637600
20221116,10:16:22,172.85,300,637600
20221116,10:16:23,172.90,400,637600
20221116,10:16:24,172.00,400,637600
20221116,10:16:25,172.15,150,637600
20221116,10:16:26,172.00,150,637600
20221116,10:16:27,171.60,700,637600
20221116,10:16:29,172.45,400,637600
20221116,10:16:30,172.40,200,637600
20221116,10:16:31,172.80,1700,637600
20221116,10:16:32,173.65,400,637600
20221116,10:16:33,173.85,500,637600
20221116,10:16:34,173.10,1700,637600
20221116,10:16:35,172.65,1150,637600
20221116,10:16:36,173.00,600,637600
20221116,10:16:37,172.85,700,637600
20221116,10:16:38,173.00,50,637600
20221116,10:16:39,172.40,1350,637600
20221116,10:16:40,172.70,100,637600
20221116,10:16:41,173.10,700,637600
20221116,10:16:42,172.65,150,637600
20221116,10:16:43,172.65,150,637600
20221116,10:16:44,174.10,500,637600
20221116,10:16:45,175.10,2600,637600
20221116,10:16:46,175.90,2500,637600
20221116,10:16:47,175.75,4800,637600
20221116,10:16:48,175.50,900,637600
20221116,10:16:49,177.30,8300,637600
20221116,10:16:50,179.85,20750,637600
20221116,10:16:51,178.90,350,637600
20221116,10:16:52,179.15,2000,637600
20221116,10:16:53,179.60,2050,637600
20221116,10:16:54,178.65,1200,637600
20221116,10:16:55,177.95,2300,637600
20221116,10:16:56,177.60,950,637600
20221116,10:16:57,178.70,1300,637600
20221116,10:16:58,178.20,650,637600
20221116,10:16:59,178.55,2550,637600
20221116,10:17:00,179.05,100,637600
20221116,10:17:01,180.05,2900,637600
20221116,10:17:02,181.80,2300,637600
20221116,10:17:03,183.90,7050,637600
20221116,10:17:04,183.95,16600,637600
20221116,10:17:05,183.60,1050,637600
20221116,10:17:06,182.15,2200,637600
20221116,10:17:07,182.35,550,637600
20221116,10:17:08,181.65,4900,637600
20221116,10:17:09,181.95,950,637600
20221116,10:17:10,182.00,800,637600
20221116,10:17:11,182.20,550,637600
20221116,10:17:12,183.50,2650,637600
20221116,10:17:13,183.15,1050,637600
20221116,10:17:14,183.60,100,637600
20221116,10:17:15,183.65,1850,637600
20221116,10:17:16,182.35,5050,637600
20221116,10:17:17,182.30,2550,637600
20221116,10:17:19,182.65,1700,637600
20221116,10:17:20,182.30,1700,637600
20221116,10:17:21,181.75,350,637600
20221116,10:17:22,181.35,1250,637600
20221116,10:17:23,181.55,150,637600
20221116,10:17:24,181.70,500,637600
20221116,10:17:25,180.00,3850,637600
20221116,10:17:26,179.75,300,637600
20221116,10:17:27,179.85,650,637600
20221116,10:17:28,179.65,250,637600
20221116,10:17:29,179.00,450,637600
20221116,10:17:30,179.80,950,637600
20221116,10:17:31,179.70,1150,637600
20221116,10:17:32,178.75,300,637600
20221116,10:17:33,179.65,300,637600
20221116,10:17:34,179.70,2250,637600
20221116,10:17:35,179.75,350,637600
20221116,10:17:36,179.75,50,637600
20221116,10:17:37,180.00,350,637600
20221116,10:17:38,180.65,3750,637600
20221116,10:17:39,179.80,150,637600
20221116,10:17:40,179.80,100,637600
20221116,10:17:41,179.80,1950,637600
20221116,10:17:42,178.70,2700,637600
20221116,10:17:43,179.20,300,637600
20221116,10:17:44,178.90,550,637600
20221116,10:17:45,178.85,50,615750
20221116,10:17:46,178.70,100,615750
20221116,10:17:47,178.90,300,615750
20221116,10:17:48,179.30,250,615750
20221116,10:17:49,178.35,500,615750
20221116,10:17:50,178.70,300,615750
20221116,10:17:51,178.30,200,615750
20221116,10:17:52,178.15,50,615750
20221116,10:17:53,177.00,2100,615750
20221116,10:17:54,176.90,1150,615750
20221116,10:17:56,176.50,150,615750
20221116,10:17:58,176.55,350,615750
20221116,10:17:59,177.20,600,615750
20221116,10:18:00,178.35,950,615750
20221116,10:18:01,178.60,100,615750
20221116,10:18:02,178.05,50,615750
20221116,10:18:03,178.05,200,615750
20221116,10:18:04,178.95,2000,615750
20221116,10:18:05,178.05,150,615750
20221116,10:18:06,178.00,1450,615750
20221116,10:18:07,179.10,200,615750
20221116,10:18:08,179.45,2800,615750
20221116,10:18:09,179.00,100,615750
20221116,10:18:10,179.20,50,615750
20221116,10:18:11,179.55,1250,615750
20221116,10:18:12,180.30,200,615750
20221116,10:18:13,180.00,150,615750
20221116,10:18:14,180.35,1000,615750
20221116,10:18:15,180.15,2200,615750
20221116,10:18:16,180.40,2650,615750
20221116,10:18:17,180.00,650,615750
20221116,10:18:18,179.70,200,615750
20221116,10:18:19,180.10,850,615750
20221116,10:18:20,180.60,850,615750
20221116,10:18:21,181.25,350,615750
20221116,10:18:22,182.55,900,615750
20221116,10:18:23,183.00,950,615750
20221116,10:18:24,182.65,750,615750
20221116,10:18:25,183.10,2350,615750
20221116,10:18:26,183.35,550,615750
20221116,10:18:27,182.15,750,615750
20221116,10:18:28,182.65,1600,615750
20221116,10:18:29,181.00,900,615750
20221116,10:18:30,181.65,50,615750
20221116,10:18:31,180.05,250,615750
20221116,10:18:32,181.10,50,615750
20221116,10:18:33,180.45,50,615750
20221116,10:18:35,182.05,500,615750
20221116,10:18:35,181.60,50,615750
20221116,10:18:36,182.05,100,615750
20221116,10:18:37,181.40,100,615750
20221116,10:18:38,181.10,50,615750
20221116,10:18:40,181.85,1050,615750
20221116,10:18:41,180.75,400,615750
20221116,10:18:42,180.65,1100,615750
20221116,10:18:43,179.85,1700,615750
20221116,10:18:44,179.90,100,615750
20221116,10:18:45,180.00,50,615750
20221116,10:18:47,180.45,550,615750
20221116,10:18:47,180.15,50,615750
20221116,10:18:48,180.25,150,615750
20221116,10:18:49,180.00,50,615750
20221116,10:18:50,179.85,50,615750
20221116,10:18:51,179.75,50,615750
20221116,10:18:52,179.20,650,615750
20221116,10:18:53,178.75,1100,615750
20221116,10:18:54,178.25,50,615750
20221116,10:18:55,178.20,50,615750
20221116,10:18:57,178.90,850,615750
20221116,10:18:58,179.20,550,615750
20221116,10:18:59,179.50,1300,615750
20221116,10:19:00,178.20,200,615750
20221116,10:19:01,178.95,250,615750
20221116,10:19:02,179.10,50,615750
20221116,10:19:04,178.55,1150,615750
20221116,10:19:06,178.00,2050,615750
20221116,10:19:07,177.90,550,615750
20221116,10:19:09,177.55,1850,615750
20221116,10:19:12,176.50,1700,615750
20221116,10:19:13,177.20,300,615750
20221116,10:19:14,177.00,350,615750
20221116,10:19:15,177.60,200,615750
20221116,10:19:17,176.85,100,615750
20221116,10:19:18,177.30,300,615750
20221116,10:19:19,176.75,50,615750
20221116,10:19:20,177.50,50,615750
20221116,10:19:21,178.00,1650,615750
20221116,10:19:22,177.55,50,615750
20221116,10:19:23,177.00,650,615750
20221116,10:19:24,177.05,700,615750
20221116,10:19:25,176.50,500,615750
20221116,10:19:27,175.50,950,615750
20221116,10:19:28,175.10,450,615750
20221116,10:19:29,175.50,850,615750
20221116,10:19:30,175.25,200,615750
20221116,10:19:31,175.15,1250,615750
20221116,10:19:33,175.60,400,615750
20221116,10:19:34,176.20,750,615750
20221116,10:19:35,175.00,1650,615750
20221116,10:19:36,174.80,1750,615750
20221116,10:19:37,174.95,600,615750
20221116,10:19:38,174.85,1550,615750
20221116,10:19:39,175.55,1600,615750
20221116,10:19:40,176.05,1600,615750
20221116,10:19:41,176.70,4600,615750
20221116,10:19:43,176.95,550,615750
20221116,10:19:44,176.15,150,615750
20221116,10:19:45,174.65,750,615750
20221116,10:19:46,174.60,100,615750
20221116,10:19:47,174.65,150,615750
20221116,10:19:48,174.00,200,615750
20221116,10:19:49,173.25,2300,615750
20221116,10:19:50,173.40,2100,615750
20221116,10:19:51,173.00,3200,615750
20221116,10:19:52,173.00,550,615750
20221116,10:19:53,173.10,950,615750
20221116,10:19:54,173.55,200,615750
20221116,10:19:55,174.00,600,615750
20221116,10:19:56,173.75,50,615750
20221116,10:19:57,175.30,700,615750
20221116,10:19:58,175.10,150,615750
20221116,10:19:59,174.95,2550,615750
20221116,10:20:00,174.70,1450,615750
20221116,10:20:01,174.55,650,615750
20221116,10:20:03,174.70,1450,615750
20221116,10:20:04,175.65,300,615750
20221116,10:20:05,174.45,850,615750
20221116,10:20:06,174.00,100,615750
20221116,10:20:07,174.55,550,615750
20221116,10:20:08,174.30,2350,615750
20221116,10:20:09,173.40,850,615750
20221116,10:20:10,173.55,1350,615750
20221116,10:20:11,173.00,250,615750
20221116,10:20:12,172.20,550,615750
20221116,10:20:13,172.05,250,615750
20221116,10:20:14,172.00,300,615750
20221116,10:20:15,171.65,700,615750
20221116,10:20:16,171.65,900,615750
20221116,10:20:17,171.35,1450,615750
20221116,10:20:18,170.55,400,615750
20221116,10:20:19,170.85,500,615750
20221116,10:20:20,170.20,700,615750
20221116,10:20:21,170.05,4750,615750
20221116,10:20:22,170.50,900,615750
20221116,10:20:23,170.55,850,615750
20221116,10:20:24,171.60,2100,615750
20221116,10:20:25,172.35,650,615750
20221116,10:20:26,172.40,5750,615750
20221116,10:20:27,172.75,1100,615750
20221116,10:20:28,171.90,100,615750
20221116,10:20:33,171.40,300,615750
20221116,10:20:35,171.40,250,615750
20221116,10:20:36,171.15,750,615750
20221116,10:20:37,169.75,800,615750
20221116,10:20:38,169.85,1300,615750
20221116,10:20:39,169.85,50,615750
20221116,10:20:40,170.60,550,615750
20221116,10:20:41,170.35,750,615750
20221116,10:20:42,170.55,100,615750
20221116,10:20:43,170.95,1250,615750
20221116,10:20:44,170.35,1050,615750
20221116,10:20:45,169.65,450,626800
20221116,10:20:46,169.70,400,626800
20221116,10:20:47,169.40,300,626800
20221116,10:20:48,169.50,200,626800
20221116,10:20:50,169.10,250,626800
20221116,10:20:50,168.95,100,626800
20221116,10:20:51,168.55,250,626800
20221116,10:20:52,168.45,200,626800
20221116,10:20:53,169.10,550,626800
20221116,10:20:54,168.35,550,626800
20221116,10:20:57,168.75,100,626800
20221116,10:20:58,169.00,150,626800
20221116,10:20:59,168.45,100,626800
20221116,10:21:00,167.80,4450,626800
20221116,10:21:01,167.20,200,626800
20221116,10:21:02,167.55,5550,626800
20221116,10:21:03,167.20,250,626800
20221116,10:21:05,167.65,200,626800
20221116,10:21:06,167.05,250,626800
20221116,10:21:07,167.30,650,626800
20221116,10:21:08,167.30,100,626800
20221116,10:21:08,167.00,1000,626800
20221116,10:21:09,167.30,100,626800
20221116,10:21:10,168.35,100,626800
20221116,10:21:11,168.65,100,626800
20221116,10:21:12,168.50,650,626800
20221116,10:21:13,168.85,550,626800
20221116,10:21:14,169.75,250,626800
20221116,10:21:15,168.75,50,626800
20221116,10:21:16,168.65,650,626800
20221116,10:21:17,168.90,4400,626800
20221116,10:21:18,168.50,100,626800
20221116,10:21:20,167.70,600,626800
20221116,10:21:21,168.05,50,626800
20221116,10:21:22,168.20,1200,626800
20221116,10:21:23,168.25,500,626800
20221116,10:21:24,167.90,450,626800
20221116,10:21:25,168.35,100,626800
20221116,10:21:26,168.35,350,626800
20221116,10:21:27,167.60,250,626800
20221116,10:21:29,167.15,50,626800
20221116,10:21:30,167.00,150,626800
20221116,10:21:31,167.10,100,626800
20221116,10:21:32,167.50,300,626800
20221116,10:21:33,166.95,300,626800
20221116,10:21:34,167.70,200,626800
20221116,10:21:37,166.60,500,626800
20221116,10:21:38,167.40,50,626800
20221116,10:21:38,166.90,100,626800
20221116,10:21:39,167.10,1350,626800
20221116,10:21:40,166.65,400,626800
20221116,10:21:42,166.00,300,626800
20221116,10:21:43,165.70,1300,626800
20221116,10:21:44,165.45,600,626800
20221116,10:21:45,164.60,3150,626800
20221116,10:21:46,165.05,3450,626800
20221116,10:21:47,165.00,1700,626800
20221116,10:21:48,165.20,100,626800
20221116,10:21:49,165.50,50,626800
20221116,10:21:50,165.85,1300,626800
20221116,10:21:52,166.40,750,626800
20221116,10:21:53,167.20,300,626800
20221116,10:21:55,168.35,700,626800
20221116,10:21:56,168.90,50,626800
20221116,10:21:57,167.90,50,626800
20221116,10:21:58,168.80,50,626800
20221116,10:21:59,168.45,150,626800
20221116,10:22:01,167.80,200,626800
20221116,10:22:02,167.90,750,626800
20221116,10:22:04,168.05,150,626800
20221116,10:22:05,167.75,50,626800
20221116,10:22:07,168.00,50,626800
20221116,10:22:08,168.05,350,626800
20221116,10:22:10,168.10,150,626800
20221116,10:22:12,168.00,50,626800
20221116,10:22:13,168.45,150,626800
20221116,10:22:14,168.30,150,626800
20221116,10:22:15,168.00,900,626800
20221116,10:22:15,168.10,100,626800
20221116,10:22:16,168.65,100,626800
20221116,10:22:18,168.80,100,626800
20221116,10:22:18,168.05,100,626800
20221116,10:22:20,167.90,500,626800
20221116,10:22:20,167.90,50,626800
20221116,10:22:21,166.30,1700,626800
20221116,10:22:22,166.00,350,626800
20221116,10:22:24,166.90,50,626800
20221116,10:22:26,166.55,100,626800
20221116,10:22:27,166.00,200,626800
20221116,10:22:28,166.00,50,626800
20221116,10:22:28,166.15,50,626800
20221116,10:22:29,165.70,100,626800
20221116,10:22:30,165.95,600,626800
20221116,10:22:31,165.85,100,626800
20221116,10:22:32,166.40,500,626800
20221116,10:22:33,166.40,50,626800
20221116,10:22:34,167.00,250,626800
20221116,10:22:35,166.75,200,626800
20221116,10:22:37,167.00,350,626800
20221116,10:22:39,168.00,200,626800
20221116,10:22:40,167.90,50,626800
20221116,10:22:43,167.90,1850,626800
20221116,10:22:46,167.90,2100,626800
20221116,10:22:47,168.55,200,626800
20221116,10:22:48,168.10,500,626800
20221116,10:22:49,168.95,2400,626800
20221116,10:22:50,168.45,50,626800
20221116,10:22:51,168.55,250,626800
20221116,10:22:53,169.40,4350,626800
20221116,10:22:55,170.35,2700,626800
20221116,10:22:56,170.15,250,626800
20221116,10:22:57,171.05,200,626800
20221116,10:22:58,170.85,1950,626800
20221116,10:22:59,171.05,250,626800
20221116,10:23:00,170.40,1850,626800
20221116,10:23:01,170.70,100,626800
20221116,10:23:02,170.30,4800,626800
20221116,10:23:04,170.60,150,626800
20221116,10:23:07,169.95,300,626800
20221116,10:23:08,170.70,550,626800
20221116,10:23:09,171.20,50,626800
20221116,10:23:10,171.30,200,626800
20221116,10:23:11,172.60,100,626800
20221116,10:23:13,173.55,1700,626800
20221116,10:23:14,173.05,2650,626800
20221116,10:23:15,172.65,1950,626800
20221116,10:23:16,172.20,200,626800
20221116,10:23:17,172.35,200,626800
20221116,10:23:18,171.20,5750,626800
20221116,10:23:19,171.70,50,626800
20221116,10:23:19,172.20,100,626800
20221116,10:23:20,172.50,200,626800
20221116,10:23:21,172.20,650,626800
20221116,10:23:22,173.00,150,626800
20221116,10:23:23,173.05,300,626800
20221116,10:23:24,173.00,900,626800
20221116,10:23:25,173.05,2600,626800
20221116,10:23:26,173.75,550,626800
20221116,10:23:27,172.85,5550,626800
20221116,10:23:29,173.00,500,626800
20221116,10:23:29,173.20,500,626800
20221116,10:23:31,173.00,350,626800
20221116,10:23:32,173.00,200,626800
20221116,10:23:32,172.25,50,626800
20221116,10:23:33,173.00,100,626800
20221116,10:23:34,173.00,500,626800
20221116,10:23:36,174.00,4800,626800
20221116,10:23:37,174.00,100,626800
20221116,10:23:38,174.65,1600,626800
20221116,10:23:39,175.00,1600,626800
20221116,10:23:40,174.35,600,626800
20221116,10:23:41,174.45,50,626800
20221116,10:23:42,174.40,700,626800
20221116,10:23:43,174.70,150,626800
20221116,10:23:44,174.60,1050,626800
20221116,10:23:45,175.15,600,626800
20221116,10:23:47,176.00,150,630350
20221116,10:23:48,176.60,850,630350
20221116,10:23:49,178.00,850,630350
20221116,10:23:50,178.00,2400,630350
20221116,10:23:51,178.45,950,630350
20221116,10:23:52,178.95,2250,630350
20221116,10:23:53,178.55,600,630350
20221116,10:23:53,178.80,450,630350
20221116,10:23:54,178.80,950,630350
20221116,10:23:56,178.70,650,630350
20221116,10:23:56,177.70,150,630350
20221116,10:23:58,178.25,3350,630350
20221116,10:23:59,177.40,300,630350
20221116,10:24:00,178.10,1000,630350
20221116,10:24:01,177.25,250,630350
20221116,10:24:02,177.50,250,630350
20221116,10:24:03,176.90,200,630350
20221116,10:24:04,177.05,2050,630350
20221116,10:24:05,177.10,100,630350
20221116,10:24:07,177.65,2000,630350
20221116,10:24:08,177.40,100,630350
20221116,10:24:09,177.80,400,630350
20221116,10:24:10,178.10,750,630350
20221116,10:24:11,178.50,400,630350
20221116,10:24:12,178.75,150,630350
20221116,10:24:13,178.45,450,630350
20221116,10:24:14,178.15,50,630350
20221116,10:24:15,177.65,600,630350
20221116,10:24:16,178.35,850,630350
20221116,10:24:16,178.00,50,630350
20221116,10:24:17,177.35,300,630350
20221116,10:24:18,177.35,2050,630350
20221116,10:24:19,177.05,1000,630350
20221116,10:24:20,177.00,200,630350
20221116,10:24:21,177.00,200,630350
20221116,10:24:23,177.10,150,630350
20221116,10:24:24,177.00,300,630350
20221116,10:24:26,178.00,700,630350
20221116,10:24:27,177.70,50,630350
20221116,10:24:28,178.10,850,630350
20221116,10:24:29,178.70,1800,630350
20221116,10:24:31,178.30,100,630350
20221116,10:24:32,178.15,1600,630350
20221116,10:24:33,178.40,50,630350
20221116,10:24:34,178.70,550,630350
20221116,10:24:35,178.45,300,630350
20221116,10:24:35,178.30,50,630350
20221116,10:24:36,178.55,50,630350
20221116,10:24:38,179.45,1400,630350
20221116,10:24:39,179.25,600,630350
20221116,10:24:40,179.50,400,630350
20221116,10:24:41,179.65,1650,630350
20221116,10:24:43,179.45,500,630350
20221116,10:24:44,178.85,250,630350
20221116,10:24:45,178.35,700,630350
20221116,10:24:45,178.40,1550,630350
20221116,10:24:46,178.00,1150,630350
20221116,10:24:48,178.10,200,630350
20221116,10:24:48,178.20,200,630350
20221116,10:24:50,177.90,100,630350
20221116,10:24:51,177.70,250,630350
20221116,10:24:52,177.60,300,630350
20221116,10:24:55,177.50,150,630350
20221116,10:24:57,177.40,150,630350
20221116,10:24:58,177.35,150,630350
20221116,10:24:59,177.00,350,630350
20221116,10:25:00,177.15,50,630350
20221116,10:25:01,177.05,200,630350
20221116,10:25:02,177.50,550,630350
20221116,10:25:03,178.00,1400,630350
20221116,10:25:04,178.30,150,630350
20221116,10:25:05,178.00,50,630350
20221116,10:25:07,176.80,200,630350
20221116,10:25:09,176.35,1050,630350
20221116,10:25:09,176.70,100,630350
20221116,10:25:11,175.65,2250,630350
20221116,10:25:12,176.50,100,630350
20221116,10:25:13,176.25,150,630350
20221116,10:25:15,176.55,100,630350
20221116,10:25:17,176.10,50,630350
20221116,10:25:19,175.85,200,630350
20221116,10:25:20,174.55,2450,630350
20221116,10:25:21,174.30,2200,630350
20221116,10:25:21,174.20,150,630350
20221116,10:25:22,173.30,2400,630350
20221116,10:25:24,173.50,150,630350
20221116,10:25:25,173.60,1200,630350
20221116,10:25:26,173.60,500,630350
20221116,10:25:27,173.30,500,630350
20221116,10:25:28,172.85,450,630350
20221116,10:25:29,171.80,650,630350
20221116,10:25:29,171.70,50,630350
20221116,10:25:31,171.30,1050,630350
20221116,10:25:32,171.10,2000,630350
20221116,10:25:33,172.15,450,630350
20221116,10:25:34,171.85,150,630350
20221116,10:25:35,172.10,700,630350
20221116,10:25:38,171.60,100,630350
20221116,10:25:39,171.70,50,630350
20221116,10:25:40,171.35,800,630350
20221116,10:25:41,171.00,50,630350
20221116,10:25:42,172.00,150,630350
20221116,10:25:43,172.35,1050,630350
20221116,10:25:44,172.15,100,630350
20221116,10:25:45,171.55,50,630350
20221116,10:25:46,171.55,50,630350
20221116,10:25:47,172.35,50,630350
20221116,10:25:49,172.80,100,630350
20221116,10:25:50,172.40,100,630350
20221116,10:25:52,173.10,250,630350
20221116,10:25:53,173.05,50,630350
20221116,10:25:57,172.80,450,630350
20221116,10:25:58,173.10,50,630350
20221116,10:25:59,173.60,200,630350
20221116,10:26:00,173.65,100,630350
20221116,10:26:01,173.20,50,630350
20221116,10:26:04,172.40,200,630350
20221116,10:26:05,173.00,100,630350
20221116,10:26:06,173.10,400,630350
20221116,10:26:07,173.60,50,630350
20221116,10:26:10,173.90,50,630350
20221116,10:26:11,173.60,50,630350
20221116,10:26:12,172.70,250,630350
20221116,10:26:13,172.75,700,630350
20221116,10:26:17,172.30,450,630350
20221116,10:26:18,172.60,100,630350
20221116,10:26:20,173.05,900,630350
20221116,10:26:21,173.95,50,630350
20221116,10:26:22,173.60,150,630350
20221116,10:26:23,173.80,450,630350
20221116,10:26:26,173.95,50,630350
20221116,10:26:28,173.80,100,630350
20221116,10:26:29,173.00,2100,630350
20221116,10:26:30,172.90,250,630350
20221116,10:26:31,173.40,200,630350
20221116,10:26:35,173.30,900,630350
20221116,10:26:38,172.45,50,630350
20221116,10:26:39,172.90,150,630350
20221116,10:26:41,172.00,300,630350
20221116,10:26:42,171.70,100,630350
20221116,10:26:43,171.75,200,630350
20221116,10:26:44,171.55,500,630350
20221116,10:26:46,171.05,500,630350
20221116,10:26:47,171.75,700,637800
20221116,10:26:48,171.15,1500,637800
20221116,10:26:49,171.15,600,637800
20221116,10:26:50,171.00,100,637800
20221116,10:26:51,171.35,650,637800
20221116,10:26:52,170.55,200,637800
20221116,10:26:53,170.45,50,637800
20221116,10:26:55,170.40,450,637800
20221116,10:26:56,170.90,550,637800
20221116,10:26:57,171.15,400,637800
20221116,10:27:01,170.05,150,637800
20221116,10:27:02,170.00,4600,637800
20221116,10:27:04,169.50,550,637800
20221116,10:27:05,169.15,200,637800
20221116,10:27:06,168.75,650,637800
20221116,10:27:07,169.20,300,637800
20221116,10:27:08,169.80,100,637800
20221116,10:27:09,169.30,250,637800
20221116,10:27:10,169.30,50,637800
20221116,10:27:11,169.45,50,637800
20221116,10:27:12,169.30,50,637800
20221116,10:27:13,169.35,50,637800
20221116,10:27:14,168.55,750,637800
20221116,10:27:15,169.15,700,637800
20221116,10:27:16,167.95,1900,637800
20221116,10:27:17,168.25,200,637800
20221116,10:27:18,168.35,50,637800
20221116,10:27:19,168.00,250,637800
20221116,10:27:20,168.05,650,637800
20221116,10:27:21,167.80,1850,637800
20221116,10:27:22,167.65,50,637800
20221116,10:27:23,168.00,350,637800
20221116,10:27:24,167.80,250,637800
20221116,10:27:25,167.75,100,637800
20221116,10:27:26,167.65,50,637800
20221116,10:27:27,168.55,100,637800
20221116,10:27:31,169.55,50,637800
20221116,10:27:32,169.70,150,637800
20221116,10:27:34,168.75,200,637800
20221116,10:27:35,169.15,50,637800
20221116,10:27:37,168.95,250,637800
20221116,10:27:38,168.55,150,637800
20221116,10:27:39,168.95,150,637800
20221116,10:27:41,169.15,200,637800
20221116,10:27:44,168.95,50,637800
20221116,10:27:45,169.15,200,637800
20221116,10:27:46,169.20,150,637800
20221116,10:27:47,169.00,50,637800
20221116,10:27:50,168.00,4200,637800
20221116,10:27:51,168.00,650,637800
20221116,10:27:53,169.00,1150,637800
20221116,10:27:54,168.40,550,637800
20221116,10:27:57,169.75,50,637800
20221116,10:27:59,169.50,50,637800
20221116,10:28:00,169.80,1950,637800
20221116,10:28:01,169.40,50,637800
20221116,10:28:02,170.05,300,637800
20221116,10:28:03,170.25,50,637800
20221116,10:28:05,169.75,50,637800
20221116,10:28:06,169.15,50,637800
20221116,10:28:07,169.60,650,637800
20221116,10:28:11,169.40,100,637800
20221116,10:28:13,170.20,50,637800
20221116,10:28:16,169.75,100,637800
20221116,10:28:17,169.85,50,637800
20221116,10:28:18,170.60,2050,637800
20221116,10:28:19,169.25,1050,637800
20221116,10:28:21,169.30,50,637800
20221116,10:28:22,169.75,1050,637800
20221116,10:28:23,169.70,50,637800
20221116,10:28:24,169.35,1050,637800
20221116,10:28:27,169.00,150,637800
20221116,10:28:29,168.95,150,637800
20221116,10:28:30,168.40,50,637800
20221116,10:28:31,168.50,200,637800
20221116,10:28:32,169.95,400,637800
20221116,10:28:34,170.05,850,637800
20221116,10:28:35,170.55,900,637800
20221116,10:28:37,170.95,200,637800
20221116,10:28:38,171.00,50,637800
20221116,10:28:40,171.65,250,637800
20221116,10:28:42,171.15,550,637800
20221116,10:28:45,170.85,100,637800
20221116,10:28:47,171.30,200,637800
20221116,10:28:49,170.75,50,637800
20221116,10:28:54,171.05,100,637800
20221116,10:28:55,171.20,50,637800
20221116,10:28:56,172.05,2500,637800
20221116,10:28:57,172.05,50,637800
20221116,10:28:58,172.55,100,637800
20221116,10:28:59,172.60,650,637800
20221116,10:29:00,172.80,100,637800
20221116,10:29:01,172.00,600,637800
20221116,10:29:02,172.15,50,637800
20221116,10:29:07,172.45,1350,637800
20221116,10:29:10,171.00,100,637800
20221116,10:29:11,171.05,2000,637800
20221116,10:29:12,171.60,1100,637800
20221116,10:29:13,171.25,50,637800
20221116,10:29:14,170.75,100,637800
20221116,10:29:16,170.00,550,637800
20221116,10:29:18,170.45,100,637800
20221116,10:29:19,171.10,50,637800
20221116,10:29:23,172.15,100,637800
20221116,10:29:31,171.50,250,637800
20221116,10:29:32,172.15,50,637800
20221116,10:29:33,172.80,100,637800
20221116,10:29:34,172.70,1200,637800
20221116,10:29:35,173.00,600,637800
20221116,10:29:36,172.90,50,637800
20221116,10:29:37,173.00,100,637800
20221116,10:29:39,172.85,1800,637800
20221116,10:29:40,173.25,250,637800
20221116,10:29:41,172.50,4000,637800
20221116,10:29:43,172.20,150,637800
20221116,10:29:46,171.20,1150,641350
20221116,10:29:48,171.00,50,641350
20221116,10:29:49,170.60,50,641350
20221116,10:29:51,170.95,50,641350
20221116,10:29:52,171.30,50,641350
20221116,10:29:53,170.55,400,641350
20221116,10:29:54,171.00,1200,641350
20221116,10:29:55,170.60,50,641350
20221116,10:29:56,170.70,100,641350
20221116,10:29:57,171.15,300,641350
20221116,10:29:58,170.40,200,641350
20221116,10:30:00,170.60,300,641350
20221116,10:30:01,169.60,2050,641350
20221116,10:30:02,169.65,350,641350
20221116,10:30:03,169.35,550,641350
20221116,10:30:04,169.00,450,641350
20221116,10:30:05,168.65,750,641350
20221116,10:30:09,168.80,300,641350
20221116,10:30:10,169.30,450,641350
20221116,10:30:11,169.50,400,641350
20221116,10:30:12,169.50,450,641350
20221116,10:30:15,169.25,50,641350
20221116,10:30:18,168.75,150,641350
20221116,10:30:20,168.40,250,641350
20221116,10:30:21,168.55,250,641350
20221116,10:30:22,168.90,100,641350
20221116,10:30:23,168.05,400,641350
20221116,10:30:24,168.75,1800,641350
20221116,10:30:25,168.55,100,641350
20221116,10:30:26,168.25,300,641350
20221116,10:30:27,168.75,200,641350
20221116,10:30:28,168.35,100,641350
20221116,10:30:30,168.05,1850,641350
20221116,10:30:34,168.20,100,641350
20221116,10:30:36,168.95,100,641350
20221116,10:30:37,168.10,50,641350
20221116,10:30:39,169.10,1850,641350
20221116,10:30:41,169.25,250,641350
20221116,10:30:42,169.25,100,641350
20221116,10:30:44,169.75,1050,641350
20221116,10:30:45,169.55,50,641350
20221116,10:30:48,171.00,300,641350
20221116,10:30:50,170.60,50,641350
20221116,10:30:51,170.90,150,641350
20221116,10:30:54,172.60,500,641350
20221116,10:30:55,172.25,1300,641350
20221116,10:30:57,172.75,600,641350
20221116,10:30:58,173.50,450,641350
20221116,10:30:59,173.35,1750,641350
20221116,10:31:00,173.60,550,641350
20221116,10:31:01,174.05,1200,641350
20221116,10:31:02,173.65,800,641350
20221116,10:31:03,173.55,950,641350
20221116,10:31:04,173.85,100,641350
20221116,10:31:05,173.70,750,641350
20221116,10:31:06,173.35,100,641350
20221116,10:31:08,172.40,2450,641350
20221116,10:31:09,172.85,450,641350
20221116,10:31:12,173.95,100,641350
20221116,10:31:13,174.30,100,641350
20221116,10:31:14,173.70,950,641350
20221116,10:31:15,174.40,800,641350
20221116,10:31:16,173.40,1100,641350
20221116,10:31:17,174.40,250,641350
20221116,10:31:18,174.15,200,641350
20221116,10:31:19,174.80,650,641350
20221116,10:31:20,174.50,350,641350
20221116,10:31:21,174.30,400,641350
20221116,10:31:22,174.40,400,641350
20221116,10:31:23,174.05,100,641350
20221116,10:31:24,174.45,400,641350
20221116,10:31:25,173.40,350,641350
20221116,10:31:26,173.60,550,641350
20221116,10:31:27,174.20,2950,641350
20221116,10:31:28,173.90,50,641350
20221116,10:31:30,175.00,1200,641350
20221116,10:31:31,175.50,400,641350
20221116,10:31:32,175.35,200,641350
20221116,10:31:33,175.45,1950,641350
20221116,10:31:34,175.55,100,641350
20221116,10:31:35,175.15,500,641350
20221116,10:31:36,175.00,550,641350
20221116,10:31:37,175.15,550,641350
20221116,10:31:38,174.70,100,641350
20221116,10:31:39,174.05,400,641350
20221116,10:31:40,173.70,1300,641350
20221116,10:31:42,173.60,600,641350
20221116,10:31:43,173.45,200,641350
20221116,10:31:45,173.80,250,641350
20221116,10:31:46,174.20,50,641350
20221116,10:31:47,173.40,50,641350
20221116,10:31:49,172.85,550,641350
20221116,10:31:51,172.85,3750,641350
20221116,10:31:55,173.80,50,641350
20221116,10:31:57,172.85,50,641350
20221116,10:31:59,173.50,50,641350
20221116,10:32:04,172.55,50,641350
20221116,10:32:04,173.00,50,641350
20221116,10:32:08,172.00,100,641350
20221116,10:32:11,172.60,1850,641350
20221116,10:32:12,172.30,50,641350
20221116,10:32:13,171.25,150,641350
20221116,10:32:14,171.00,650,641350
20221116,10:32:15,170.40,300,641350
20221116,10:32:17,171.50,100,641350
20221116,10:32:18,171.50,300,641350
20221116,10:32:19,171.05,50,641350
20221116,10:32:21,171.15,50,641350
20221116,10:32:22,171.10,100,641350
20221116,10:32:25,171.10,150,641350
20221116,10:32:26,171.00,100,641350
20221116,10:32:29,170.15,150,641350
20221116,10:32:30,169.65,400,641350
20221116,10:32:31,170.40,50,641350
20221116,10:32:32,170.05,50,641350
20221116,10:32:35,169.00,200,641350
20221116,10:32:36,168.45,350,641350
20221116,10:32:37,169.20,50,641350
20221116,10:32:38,168.05,100,641350
20221116,10:32:39,168.10,100,641350
20221116,10:32:40,168.60,200,641350
20221116,10:32:41,168.35,50,641350
20221116,10:32:42,168.40,50,641350
20221116,10:32:43,168.45,350,641350
20221116,10:32:44,168.20,800,641350
20221116,10:32:46,168.30,650,641350
20221116,10:32:48,168.00,650,638350
20221116,10:32:49,167.00,1100,638350
20221116,10:32:51,167.00,400,638350
20221116,10:32:52,167.05,350,638350
20221116,10:32:54,166.55,950,638350
20221116,10:32:55,166.40,200,638350
20221116,10:32:56,166.40,400,638350
20221116,10:32:57,166.50,2100,638350
20221116,10:32:58,166.25,450,638350
20221116,10:32:59,166.10,250,638350
20221116,10:33:00,166.00,1100,638350
20221116,10:33:01,165.60,400,638350
20221116,10:33:02,165.20,150,638350
20221116,10:33:03,165.20,1300,638350
20221116,10:33:04,165.60,2450,638350
20221116,10:33:05,165.65,50,638350
20221116,10:33:07,166.45,100,638350
20221116,10:33:08,167.00,1100,638350
20221116,10:33:09,167.20,50,638350
20221116,10:33:09,166.35,50,638350
20221116,10:33:11,166.10,150,638350
20221116,10:33:12,166.00,500,638350
20221116,10:33:14,165.35,100,638350
20221116,10:33:15,165.60,250,638350
20221116,10:33:16,165.85,50,638350
20221116,10:33:17,167.45,6500,638350
20221116,10:33:18,167.55,500,638350
20221116,10:33:20,165.75,50,638350
20221116,10:33:21,166.00,50,638350
20221116,10:33:24,166.05,100,638350
20221116,10:33:26,167.30,250,638350
20221116,10:33:27,167.05,50,638350
20221116,10:33:29,166.25,50,638350
20221116,10:33:30,167.20,500,638350
20221116,10:33:31,166.50,50,638350
20221116,10:33:32,166.80,50,638350
20221116,10:33:34,167.00,200,638350
20221116,10:33:35,167.35,200,638350
20221116,10:33:36,167.30,100,638350
20221116,10:33:38,167.60,100,638350
20221116,10:33:39,168.00,50,638350
20221116,10:33:40,168.15,50,638350
20221116,10:33:44,167.00,100,638350
20221116,10:33:45,167.00,300,638350
20221116,10:33:46,167.55,350,638350
20221116,10:33:50,168.00,100,638350
20221116,10:33:50,169.45,400,638350
20221116,10:33:54,168.60,50,638350
20221116,10:33:55,169.05,900,638350
20221116,10:33:56,169.15,50,638350
20221116,10:33:57,168.80,50,638350
20221116,10:33:58,168.20,1850,638350
20221116,10:33:59,168.20,150,638350
20221116,10:34:02,168.50,50,638350
20221116,10:34:04,169.10,100,638350
20221116,10:34:06,168.95,300,638350
20221116,10:34:08,169.00,50,638350
20221116,10:34:10,169.75,250,638350
20221116,10:34:11,168.95,150,638350
20221116,10:34:14,169.80,100,638350
20221116,10:34:15,169.10,200,638350
20221116,10:34:17,169.60,150,638350
20221116,10:34:20,168.80,400,638350
20221116,10:34:21,168.50,1400,638350
20221116,10:34:22,168.00,100,638350
20221116,10:34:23,168.55,250,638350
20221116,10:34:24,168.90,100,638350
20221116,10:34:28,169.45,50,638350
20221116,10:34:30,169.55,450,638350
20221116,10:34:36,168.95,200,638350
20221116,10:34:37,168.80,100,638350
20221116,10:34:38,168.50,200,638350
20221116,10:34:39,169.00,200,638350
20221116,10:34:42,169.20,250,638350
20221116,10:34:44,169.05,900,638350
20221116,10:34:46,168.95,400,638350
20221116,10:34:47,169.05,400,638350
20221116,10:34:48,169.50,450,638350
20221116,10:34:49,168.90,550,638350
20221116,10:34:50,168.90,300,638350
20221116,10:34:52,168.65,1000,638350
20221116,10:34:53,168.85,100,638350
20221116,10:34:54,168.90,1400,638350
20221116,10:34:55,168.95,250,638350
20221116,10:34:56,169.10,150,638350
20221116,10:34:57,169.00,150,638350
20221116,10:34:58,169.10,250,638350
20221116,10:34:59,169.00,100,638350
20221116,10:35:00,168.75,100,638350
20221116,10:35:02,168.45,1300,638350
20221116,10:35:03,169.05,50,638350
20221116,10:35:04,167.90,3150,638350
20221116,10:35:05,168.00,2600,638350
20221116,10:35:06,167.70,50,638350
20221116,10:35:07,168.30,2050,638350
20221116,10:35:08,168.10,50,638350
20221116,10:35:09,167.25,600,638350
20221116,10:35:10,167.20,150,638350
20221116,10:35:12,167.10,150,638350
20221116,10:35:13,167.00,200,638350
20221116,10:35:18,167.20,100,638350
20221116,10:35:22,167.30,50,638350
20221116,10:35:23,167.65,1500,638350
20221116,10:35:28,168.00,4500,638350
20221116,10:35:30,167.95,50,638350
20221116,10:35:34,168.00,200,638350
20221116,10:35:36,168.10,50,638350
20221116,10:35:41,170.10,2200,638350
20221116,10:35:41,170.55,300,638350
20221116,10:35:42,170.70,50,638350
20221116,10:35:44,170.80,100,638350
20221116,10:35:47,169.90,300,652650
20221116,10:35:49,170.45,50,652650
20221116,10:35:51,170.50,50,652650
20221116,10:35:52,170.75,700,652650
20221116,10:35:52,170.80,50,652650
20221116,10:35:54,170.20,50,652650
20221116,10:35:55,170.60,100,652650
20221116,10:35:58,170.80,200,652650
20221116,10:36:00,171.00,1650,652650
20221116,10:36:02,171.15,50,652650
20221116,10:36:04,170.40,4500,652650
20221116,10:36:05,171.40,100,652650
20221116,10:36:06,170.85,3650,652650
20221116,10:36:07,170.20,3850,652650
20221116,10:36:08,170.95,100,652650
20221116,10:36:09,171.00,100,652650
20221116,10:36:10,171.40,550,652650
20221116,10:36:10,171.30,50,652650
20221116,10:36:13,172.40,2400,652650
20221116,10:36:14,172.70,100,652650
20221116,10:36:15,172.05,100,652650
20221116,10:36:16,172.65,150,652650
20221116,10:36:18,172.50,350,652650
20221116,10:36:19,173.00,2050,652650
20221116,10:36:20,173.10,50,652650
20221116,10:36:21,173.35,1500,652650
20221116,10:36:21,173.90,1800,652650
20221116,10:36:24,173.50,5500,652650
20221116,10:36:26,173.45,50,652650
20221116,10:36:28,173.35,1400,652650
20221116,10:36:29,173.15,1850,652650
20221116,10:36:30,173.50,50,652650
20221116,10:36:31,173.60,200,652650
20221116,10:36:32,173.95,100,652650
20221116,10:36:34,174.00,100,652650
20221116,10:36:35,174.60,150,652650
20221116,10:36:36,175.00,550,652650
20221116,10:36:37,175.15,3400,652650
20221116,10:36:38,175.40,350,652650
20221116,10:36:38,175.60,550,652650
20221116,10:36:39,175.40,1050,652650
20221116,10:36:41,175.35,850,652650
20221116,10:36:43,176.00,350,652650
20221116,10:36:44,176.25,800,652650
20221116,10:36:45,176.25,100,652650
20221116,10:36:46,176.00,300,652650
20221116,10:36:47,175.80,700,652650
20221116,10:36:48,176.00,2100,652650
20221116,10:36:49,175.80,50,652650
20221116,10:36:50,176.05,500,652650
20221116,10:36:51,176.15,150,652650
20221116,10:36:53,175.75,800,652650
20221116,10:36:54,175.40,2150,652650
20221116,10:36:55,175.00,1500,652650
20221116,10:36:56,174.40,50,652650
20221116,10:36:57,174.00,1000,652650
20221116,10:37:00,174.80,2350,652650
20221116,10:37:01,174.90,100,652650
20221116,10:37:02,174.50,50,652650
20221116,10:37:03,175.00,400,652650
20221116,10:37:04,175.65,150,652650
20221116,10:37:06,176.20,300,652650
20221116,10:37:08,176.70,150,652650
20221116,10:37:10,176.30,300,652650
20221116,10:37:11,176.45,50,652650
20221116,10:37:12,175.75,150,652650
20221116,10:37:13,175.65,200,652650
20221116,10:37:16,176.55,1550,652650
20221116,10:37:17,176.55,150,652650
20221116,10:37:18,176.30,250,652650
20221116,10:37:19,176.65,1750,652650
20221116,10:37:21,176.90,200,652650
20221116,10:37:22,176.65,1800,652650
20221116,10:37:23,177.10,800,652650
20221116,10:37:25,176.80,1550,652650
20221116,10:37:26,177.45,350,652650
20221116,10:37:27,178.00,1550,652650
20221116,10:37:28,178.00,1250,652650
20221116,10:37:29,177.50,100,652650
20221116,10:37:30,178.00,50,652650
20221116,10:37:32,177.80,300,652650
20221116,10:37:33,178.00,300,652650
20221116,10:37:34,177.25,1500,652650
20221116,10:37:35,177.85,200,652650
20221116,10:37:36,178.50,2900,652650
20221116,10:37:37,178.25,150,652650
20221116,10:37:38,177.95,50,652650
20221116,10:37:39,178.70,100,652650
20221116,10:37:40,179.55,550,652650
20221116,10:37:41,178.95,350,652650
20221116,10:37:42,179.40,100,652650
20221116,10:37:43,179.55,1450,652650
20221116,10:37:44,179.50,500,652650
20221116,10:37:44,179.00,500,652650
20221116,10:37:46,179.40,200,652650
20221116,10:37:47,178.60,1250,652650
20221116,10:37:48,179.05,350,652650
20221116,10:37:49,179.10,550,652650
20221116,10:37:51,179.00,1150,652650
20221116,10:37:52,179.55,1100,652650
20221116,10:37:53,179.00,100,652650
20221116,10:37:54,178.85,2100,652650
20221116,10:37:55,179.75,250,652650
20221116,10:37:56,179.45,100,652650
20221116,10:37:57,180.00,3100,652650
20221116,10:37:58,180.60,7200,652650
20221116,10:37:59,180.65,250,652650
20221116,10:38:00,180.75,700,652650
20221116,10:38:02,180.55,150,652650
20221116,10:38:03,181.40,850,652650
20221116,10:38:04,181.25,750,652650
20221116,10:38:05,181.15,450,652650
20221116,10:38:06,180.15,2900,652650
20221116,10:38:07,180.15,1400,652650
20221116,10:38:08,181.00,300,652650
20221116,10:38:09,180.85,50,652650
20221116,10:38:10,179.70,2100,652650
20221116,10:38:11,180.20,300,652650
20221116,10:38:12,179.75,350,652650
20221116,10:38:13,180.40,1600,652650
20221116,10:38:14,180.45,50,652650
20221116,10:38:15,180.40,150,652650
20221116,10:38:16,180.35,150,652650
20221116,10:38:17,180.00,1700,652650
20221116,10:38:18,179.30,50,652650
20221116,10:38:19,178.60,1050,652650
20221116,10:38:20,178.70,100,652650
20221116,10:38:21,178.55,100,652650
20221116,10:38:22,178.00,2800,652650
20221116,10:38:23,178.25,50,652650
20221116,10:38:24,179.30,1000,652650
20221116,10:38:25,179.65,50,652650
20221116,10:38:26,179.15,100,652650
20221116,10:38:28,178.70,600,652650
20221116,10:38:30,178.55,50,652650
20221116,10:38:31,178.30,50,652650
20221116,10:38:33,178.95,50,652650
20221116,10:38:34,178.15,150,652650
20221116,10:38:35,177.95,50,652650
20221116,10:38:36,178.30,100,652650
20221116,10:38:37,178.60,1350,652650
20221116,10:38:38,178.75,50,652650
20221116,10:38:39,178.15,450,652650
20221116,10:38:40,178.15,950,652650
20221116,10:38:41,179.20,1100,652650
20221116,10:38:44,179.05,100,652650
20221116,10:38:45,178.60,250,652650
20221116,10:38:46,179.65,1500,652650
20221116,10:38:47,180.15,950,652650
20221116,10:38:48,179.65,600,642050
20221116,10:38:49,181.00,1300,642050
20221116,10:38:50,181.00,50,642050
20221116,10:38:51,180.65,300,642050
20221116,10:38:52,180.20,150,642050
20221116,10:38:53,180.60,1800,642050
20221116,10:38:54,180.30,100,642050
20221116,10:38:56,180.30,2050,642050
20221116,10:38:57,180.75,50,642050
20221116,10:38:58,181.70,50,642050
20221116,10:38:59,182.40,2550,642050
20221116,10:39:01,182.50,550,642050
20221116,10:39:02,182.85,250,642050
20221116,10:39:03,182.95,2600,642050
20221116,10:39:04,183.00,450,642050
20221116,10:39:05,182.55,1600,642050
20221116,10:39:06,182.30,50,642050
20221116,10:39:07,181.00,3150,642050
20221116,10:39:08,181.55,100,642050
20221116,10:39:09,181.45,600,642050
20221116,10:39:10,181.75,50,642050
20221116,10:39:11,181.05,2750,642050
20221116,10:39:12,181.20,1600,642050
20221116,10:39:13,179.35,850,642050
20221116,10:39:14,179.50,50,642050
20221116,10:39:15,180.20,650,642050
20221116,10:39:16,181.10,1000,642050
20221116,10:39:18,181.35,1450,642050
20221116,10:39:19,180.80,100,642050
20221116,10:39:20,180.80,150,642050
20221116,10:39:21,180.95,200,642050
20221116,10:39:22,180.35,500,642050
20221116,10:39:23,180.05,350,642050
20221116,10:39:25,179.90,50,642050
20221116,10:39:26,180.35,200,642050
20221116,10:39:27,180.70,200,642050
20221116,10:39:28,180.85,50,642050
20221116,10:39:29,181.55,550,642050
20221116,10:39:30,180.65,1050,642050
20221116,10:39:31,180.40,550,642050
20221116,10:39:32,180.65,3600,642050
20221116,10:39:33,180.50,1950,642050
20221116,10:39:34,180.50,5400,642050
20221116,10:39:35,181.00,100,642050
20221116,10:39:37,181.05,600,642050
20221116,10:39:39,180.10,100,642050
20221116,10:39:40,180.05,400,642050
20221116,10:39:41,180.50,50,642050
20221116,10:39:42,180.70,1050,642050
20221116,10:39:43,179.90,300,642050
20221116,10:39:45,179.75,350,642050
20221116,10:39:47,180.00,750,642050
20221116,10:39:49,180.05,600,642050
20221116,10:39:50,179.80,100,642050
20221116,10:39:52,180.80,100,642050
20221116,10:39:53,181.00,1950,642050
20221116,10:39:54,181.35,150,642050
20221116,10:39:55,182.00,1850,642050
20221116,10:39:56,182.25,100,642050
20221116,10:39:57,182.10,50,642050
20221116,10:39:58,182.00,950,642050
20221116,10:40:00,182.55,100,642050
20221116,10:40:01,182.60,1050,642050
20221116,10:40:02,183.00,1850,642050
20221116,10:40:03,183.00,150,642050
20221116,10:40:04,183.00,1450,642050
20221116,10:40:05,182.60,300,642050
20221116,10:40:06,182.05,1800,642050
20221116,10:40:07,182.70,2700,642050
20221116,10:40:08,183.25,200,642050
20221116,10:40:09,183.45,2050,642050
20221116,10:40:11,185.00,10050,642050
20221116,10:40:12,184.10,5900,642050
20221116,10:40:13,184.75,2700,642050
20221116,10:40:14,184.95,50,642050
20221116,10:40:15,184.40,3750,642050
20221116,10:40:16,184.30,900,642050
20221116,10:40:17,184.85,1800,642050
20221116,10:40:18,184.25,3000,642050
20221116,10:40:19,184.45,2500,642050
20221116,10:40:20,184.55,2150,642050
20221116,10:40:21,184.50,4500,642050
20221116,10:40:22,183.80,5900,642050
20221116,10:40:23,183.40,1400,642050
20221116,10:40:24,183.75,1950,642050
20221116,10:40:25,184.25,250,642050
20221116,10:40:26,183.40,1350,642050
20221116,10:40:28,184.00,1800,642050
20221116,10:40:29,183.85,250,642050
20221116,10:40:30,184.00,100,642050
20221116,10:40:31,183.15,150,642050
20221116,10:40:32,183.25,400,642050
20221116,10:40:33,183.65,50,642050
20221116,10:40:34,182.75,1650,642050
20221116,10:40:35,182.85,450,642050
20221116,10:40:36,183.25,300,642050
20221116,10:40:37,183.40,150,642050
20221116,10:40:39,182.85,5200,642050
20221116,10:40:40,182.95,950,642050
20221116,10:40:41,183.15,100,642050
20221116,10:40:42,183.05,250,642050
20221116,10:40:43,183.30,350,642050
20221116,10:40:45,183.15,200,642050
20221116,10:40:46,182.95,50,642050
20221116,10:40:47,182.80,250,642050
20221116,10:40:48,182.40,450,642050
20221116,10:40:49,182.50,650,642050
20221116,10:40:50,182.20,950,642050
20221116,10:40:51,182.75,250,642050
20221116,10:40:52,182.05,200,642050
20221116,10:40:53,181.35,850,642050
20221116,10:40:54,182.10,300,642050
20221116,10:40:56,182.50,150,642050
20221116,10:40:57,182.10,200,642050
20221116,10:40:58,182.15,1800,642050
20221116,10:40:59,182.00,150,642050
20221116,10:41:00,182.00,200,642050
20221116,10:41:01,181.50,200,642050
20221116,10:41:02,181.20,400,642050
20221116,10:41:03,180.60,550,642050
20221116,10:41:04,180.70,1900,642050
20221116,10:41:05,180.45,300,642050
20221116,10:41:06,181.40,2950,642050
20221116,10:41:07,180.65,1350,642050
20221116,10:41:08,180.80,100,642050
20221116,10:41:09,181.45,1800,642050
20221116,10:41:10,182.10,2900,642050
20221116,10:41:11,181.85,100,642050
20221116,10:41:13,182.20,150,642050
20221116,10:41:14,181.85,150,642050
20221116,10:41:15,182.35,50,642050
20221116,10:41:16,181.55,150,642050
20221116,10:41:17,180.60,150,642050
20221116,10:41:19,180.60,2850,642050
20221116,10:41:20,181.05,100,642050
20221116,10:41:21,180.75,150,642050
20221116,10:41:22,180.70,450,642050
20221116,10:41:23,180.80,350,642050
20221116,10:41:24,180.65,150,642050
20221116,10:41:27,181.65,1950,642050
20221116,10:41:28,182.10,800,642050
20221116,10:41:30,182.75,50,642050
20221116,10:41:31,181.80,150,642050
20221116,10:41:32,181.70,100,642050
20221116,10:41:33,181.50,2150,642050
20221116,10:41:34,181.00,350,642050
20221116,10:41:35,181.65,150,642050
20221116,10:41:37,181.70,400,642050
20221116,10:41:37,182.25,100,642050
20221116,10:41:38,182.00,200,642050
20221116,10:41:39,182.25,600,642050
20221116,10:41:40,182.95,150,642050
20221116,10:41:41,183.00,1900,642050
20221116,10:41:42,182.55,350,642050
20221116,10:41:44,182.95,50,642050
20221116,10:41:45,182.85,800,642050
20221116,10:41:46,183.00,300,642050
20221116,10:41:47,183.55,100,642050
20221116,10:41:49,183.85,550,632250
20221116,10:41:50,183.45,250,632250
20221116,10:41:51,183.25,1300,632250
20221116,10:41:52,183.40,50,632250
20221116,10:41:53,183.65,450,632250
20221116,10:41:55,183.25,100,632250
20221116,10:41:56,183.50,1600,632250
20221116,10:41:57,183.00,50,632250
20221116,10:41:58,182.10,700,632250
20221116,10:41:59,182.05,100,632250
20221116,10:42:02,183.20,1800,632250
20221116,10:42:02,183.25,1650,632250
20221116,10:42:03,183.55,4350,632250
20221116,10:42:04,184.55,1900,632250
20221116,10:42:05,184.40,50,632250
20221116,10:42:06,184.10,300,632250
20221116,10:42:07,184.25,350,632250
20221116,10:42:08,184.50,250,632250
20221116,10:42:09,184.00,100,632250
20221116,10:42:11,183.95,50,632250
20221116,10:42:12,184.70,400,632250
20221116,10:42:13,184.90,50,632250
20221116,10:42:14,184.95,450,632250
20221116,10:42:15,184.65,900,632250
20221116,10:42:16,184.45,100,632250
20221116,10:42:17,184.50,200,632250
20221116,10:42:18,184.30,50,632250
20221116,10:42:19,184.65,50,632250
20221116,10:42:20,184.65,50,632250
20221116,10:42:21,184.50,800,632250
20221116,10:42:22,184.90,150,632250
20221116,10:42:24,183.00,4000,632250
20221116,10:42:25,182.35,50,632250
20221116,10:42:27,182.75,50,632250
20221116,10:42:28,182.95,300,632250
20221116,10:42:29,182.90,50,632250
20221116,10:42:30,183.80,350,632250
20221116,10:42:31,182.95,50,632250
20221116,10:42:32,183.50,300,632250
20221116,10:42:33,183.45,50,632250
20221116,10:42:34,182.80,50,632250
20221116,10:42:35,183.20,200,632250
20221116,10:42:38,182.50,400,632250
20221116,10:42:39,182.10,500,632250
20221116,10:42:41,182.05,50,632250
20221116,10:42:41,182.05,250,632250
20221116,10:42:43,182.00,1450,632250
20221116,10:42:44,181.95,1250,632250
20221116,10:42:45,182.80,2000,632250
20221116,10:42:46,183.10,3200,632250
20221116,10:42:47,183.30,1200,632250
20221116,10:42:49,182.40,100,632250
20221116,10:42:50,182.30,250,632250
20221116,10:42:53,182.40,50,632250
20221116,10:42:54,182.45,50,632250
20221116,10:42:55,182.40,1050,632250
20221116,10:42:56,183.50,150,632250
20221116,10:42:57,183.80,1250,632250
20221116,10:42:59,184.20,50,632250
20221116,10:43:00,184.55,100,632250
20221116,10:43:01,184.05,50,632250
20221116,10:43:02,183.75,50,632250
20221116,10:43:03,183.35,50,632250
20221116,10:43:05,183.80,200,632250
20221116,10:43:05,184.05,100,632250
20221116,10:43:09,184.05,50,632250
20221116,10:43:10,183.00,300,632250
20221116,10:43:12,182.70,500,632250
20221116,10:43:16,182.70,100,632250
20221116,10:43:22,183.00,50,632250
20221116,10:43:24,183.00,50,632250
20221116,10:43:26,182.00,650,632250
20221116,10:43:27,181.85,150,632250
20221116,10:43:30,181.55,100,632250
20221116,10:43:31,181.65,50,632250
20221116,10:43:33,182.00,750,632250
20221116,10:43:34,182.70,150,632250
20221116,10:43:36,182.85,650,632250
20221116,10:43:37,182.75,50,632250
20221116,10:43:41,182.00,150,632250
20221116,10:43:45,181.90,350,632250
20221116,10:43:47,181.45,400,632250
20221116,10:43:49,181.20,300,632250
20221116,10:43:49,181.55,50,632250
20221116,10:43:50,181.15,50,632250
20221116,10:43:51,180.80,1500,632250
20221116,10:43:52,179.95,3300,632250
20221116,10:43:53,179.95,250,632250
20221116,10:43:54,179.75,900,632250
20221116,10:43:56,178.45,2200,632250
20221116,10:43:57,179.55,650,632250
20221116,10:43:58,180.20,1500,632250
20221116,10:43:58,180.85,250,632250
20221116,10:43:59,181.50,600,632250
20221116,10:44:00,181.35,150,632250
20221116,10:44:01,181.20,100,632250
20221116,10:44:02,180.90,100,632250
20221116,10:44:04,181.00,350,632250
20221116,10:44:05,181.10,150,632250
20221116,10:44:07,181.00,50,632250
20221116,10:44:11,179.25,100,632250
20221116,10:44:12,178.90,500,632250
20221116,10:44:13,179.35,50,632250
20221116,10:44:14,179.10,400,632250
20221116,10:44:15,179.00,450,632250
20221116,10:44:18,178.05,850,632250
20221116,10:44:19,178.10,1000,632250
20221116,10:44:20,177.80,200,632250
20221116,10:44:21,177.50,300,632250
20221116,10:44:23,177.30,400,632250
20221116,10:44:25,177.85,1050,632250
20221116,10:44:25,177.65,600,632250
20221116,10:44:27,178.00,250,632250
20221116,10:44:28,178.15,150,632250
20221116,10:44:30,179.00,50,632250
20221116,10:44:31,178.35,350,632250
20221116,10:44:33,179.50,50,632250
20221116,10:44:36,178.30,200,632250
20221116,10:44:37,178.70,150,632250
20221116,10:44:38,178.60,1800,632250
20221116,10:44:39,178.35,100,632250
20221116,10:44:40,179.00,50,632250
20221116,10:44:41,179.15,50,632250
20221116,10:44:42,179.10,1000,632250
20221116,10:44:49,179.30,100,632250
20221116,10:44:50,180.00,400,631900
20221116,10:44:53,179.80,50,631900
20221116,10:44:55,179.80,50,631900
20221116,10:44:56,179.40,100,631900
20221116,10:44:58,179.00,100,631900
20221116,10:45:01,179.20,700,631900
20221116,10:45:02,180.00,850,631900
20221116,10:45:03,180.30,50,631900
20221116,10:45:04,180.20,50,631900
20221116,10:45:07,180.00,150,631900
20221116,10:45:08,180.30,100,631900
20221116,10:45:09,180.00,50,631900
20221116,10:45:10,180.20,500,631900
20221116,10:45:11,179.45,600,631900
20221116,10:45:12,178.50,200,631900
20221116,10:45:13,179.10,200,631900
20221116,10:45:14,179.55,100,631900
20221116,10:45:16,180.00,100,631900
20221116,10:45:18,180.80,50,631900
20221116,10:45:19,181.00,600,631900
20221116,10:45:20,180.95,750,631900
20221116,10:45:21,181.55,550,631900
20221116,10:45:22,181.55,50,631900
20221116,10:45:26,182.10,300,631900
20221116,10:45:27,182.50,400,631900
20221116,10:45:28,181.85,1800,631900
20221116,10:45:29,183.15,2800,631900
20221116,10:45:30,183.05,50,631900
20221116,10:45:31,183.00,100,631900
20221116,10:45:32,183.05,50,631900
20221116,10:45:33,182.20,600,631900
20221116,10:45:35,181.70,2200,631900
20221116,10:45:37,183.35,300,631900
20221116,10:45:38,183.25,450,631900
20221116,10:45:39,182.95,2850,631900
20221116,10:45:42,182.00,150,631900
20221116,10:45:43,181.75,550,631900
20221116,10:45:46,181.40,2500,631900
20221116,10:45:48,181.30,150,631900
20221116,10:45:49,180.50,1850,631900
20221116,10:45:51,180.10,150,631900
20221116,10:45:52,180.05,900,631900
20221116,10:45:53,179.70,50,631900
20221116,10:45:57,180.00,50,631900
20221116,10:45:59,178.90,100,631900
20221116,10:46:01,180.15,200,631900
20221116,10:46:04,179.00,150,631900
20221116,10:46:07,179.25,50,631900
20221116,10:46:08,179.40,400,631900
20221116,10:46:09,179.55,550,631900
20221116,10:46:10,179.70,50,631900
20221116,10:46:12,180.00,100,631900
20221116,10:46:15,179.25,50,631900
20221116,10:46:17,179.40,1650,631900
20221116,10:46:17,179.80,50,631900
20221116,10:46:18,178.90,100,631900
20221116,10:46:19,178.80,1400,631900
20221116,10:46:21,179.30,50,631900
20221116,10:46:21,179.75,150,631900
20221116,10:46:23,180.00,350,631900
20221116,10:46:25,179.70,600,631900
20221116,10:46:26,179.40,50,631900
20221116,10:46:28,179.15,100,631900
20221116,10:46:29,179.70,50,631900
20221116,10:46:31,180.45,200,631900
20221116,10:46:32,180.85,50,631900
20221116,10:46:36,179.70,50,631900
20221116,10:46:38,180.35,450,631900
20221116,10:46:42,179.40,100,631900
20221116,10:46:46,178.90,200,631900
20221116,10:46:48,179.00,100,631900
20221116,10:46:51,179.15,450,631900
20221116,10:46:53,178.95,1850,631900
20221116,10:46:57,178.90,850,631900
20221116,10:46:58,179.75,50,631900
20221116,10:47:00,178.70,600,631900
20221116,10:47:01,179.70,750,631900
20221116,10:47:03,179.95,50,631900
20221116,10:47:04,179.95,50,631900
20221116,10:47:04,180.30,350,631900
20221116,10:47:05,180.95,550,631900
20221116,10:47:08,181.60,50,631900
20221116,10:47:09,181.60,100,631900
20221116,10:47:10,180.70,50,631900
20221116,10:47:12,180.30,50,631900
20221116,10:47:14,180.25,50,631900
20221116,10:47:15,180.60,100,631900
20221116,10:47:16,180.00,350,631900
20221116,10:47:17,180.05,300,631900
20221116,10:47:25,180.35,650,631900
20221116,10:47:26,180.10,100,631900
20221116,10:47:29,180.30,50,631900
20221116,10:47:30,180.00,100,631900
20221116,10:47:31,179.95,1750,631900
20221116,10:47:32,180.00,250,631900
20221116,10:47:36,180.60,150,631900
20221116,10:47:38,180.40,50,631900
20221116,10:47:39,180.45,150,631900
20221116,10:47:41,180.65,2200,631900
20221116,10:47:41,182.00,250,631900
20221116,10:47:44,181.70,50,631900
20221116,10:47:45,181.65,50,631900
20221116,10:47:48,181.70,100,631900
20221116,10:47:50,182.60,2900,624350
20221116,10:47:50,181.95,50,624350
20221116,10:47:52,182.50,50,624350
20221116,10:47:53,181.95,50,624350
20221116,10:47:55,182.85,650,624350
20221116,10:47:56,182.70,150,624350
20221116,10:47:57,183.60,3750,624350
20221116,10:48:00,183.60,2000,624350
20221116,10:48:01,183.40,50,624350
20221116,10:48:03,183.05,250,624350
20221116,10:48:04,183.15,350,624350
20221116,10:48:06,182.05,500,624350
20221116,10:48:07,181.15,250,624350
20221116,10:48:08,181.50,100,624350
20221116,10:48:13,181.55,50,624350
20221116,10:48:14,182.15,350,624350
20221116,10:48:16,181.95,200,624350
20221116,10:48:17,181.80,50,624350
20221116,10:48:22,181.40,50,624350
20221116,10:48:23,182.00,150,624350
20221116,10:48:25,183.00,300,624350
20221116,10:48:26,183.05,150,624350
20221116,10:48:29,182.20,200,624350
20221116,10:48:30,182.50,600,624350
20221116,10:48:32,181.80,200,624350
20221116,10:48:33,181.40,50,624350
20221116,10:48:34,181.50,200,624350
20221116,10:48:36,181.90,150,624350
20221116,10:48:37,182.50,1100,624350
20221116,10:48:38,181.95,50,624350
20221116,10:48:39,182.10,50,624350
20221116,10:48:42,182.70,850,624350
20221116,10:48:44,183.00,100,624350
20221116,10:48:47,182.60,200,624350
20221116,10:48:48,183.00,50,624350
20221116,10:48:50,182.65,450,624350
20221116,10:48:51,182.90,50,624350
20221116,10:48:54,182.10,100,624350
20221116,10:48:55,182.85,150,624350
20221116,10:48:56,182.75,100,624350
20221116,10:48:57,182.75,200,624350
20221116,10:48:59,182.50,50,624350
20221116,10:49:00,182.75,450,624350
20221116,10:49:02,182.50,1800,624350
20221116,10:49:03,182.95,50,624350
20221116,10:49:08,181.80,50,624350
20221116,10:49:10,182.40,100,624350
20221116,10:49:11,182.90,50,624350
20221116,10:49:12,182.95,200,624350
20221116,10:49:14,183.00,600,624350
20221116,10:49:17,181.90,50,624350
20221116,10:49:18,182.70,50,624350
20221116,10:49:19,182.10,50,624350
20221116,10:49:20,182.00,50,624350
20221116,10:49:21,182.25,150,624350
20221116,10:49:22,182.15,50,624350
20221116,10:49:25,180.70,1150,624350
20221116,10:49:27,181.05,3300,624350
20221116,10:49:29,181.00,100,624350
20221116,10:49:30,181.60,500,624350
20221116,10:49:32,180.55,500,624350
20221116,10:49:34,180.05,450,624350
20221116,10:49:36,179.90,1450,624350
20221116,10:49:37,179.70,400,624350
20221116,10:49:38,180.05,50,624350
20221116,10:49:39,180.50,50,624350
20221116,10:49:44,181.70,100,624350
20221116,10:49:47,180.95,50,624350
20221116,10:49:48,180.50,50,624350
20221116,10:49:49,181.35,50,624350
20221116,10:49:50,181.20,200,624350
20221116,10:49:52,181.35,50,624350
20221116,10:49:56,183.00,200,624350
20221116,10:49:57,183.00,650,624350
20221116,10:49:58,183.50,500,624350
20221116,10:50:00,183.95,1050,624350
20221116,10:50:01,183.70,50,624350
20221116,10:50:02,183.90,50,624350
20221116,10:50:04,184.15,100,624350
20221116,10:50:09,182.60,1500,624350
20221116,10:50:11,182.00,100,624350
20221116,10:50:13,182.85,2200,624350
20221116,10:50:15,182.35,100,624350
20221116,10:50:16,182.90,2350,624350
20221116,10:50:17,183.30,250,624350
20221116,10:50:18,183.40,250,624350
20221116,10:50:20,184.15,2850,624350
20221116,10:50:21,184.30,1800,624350
20221116,10:50:22,184.05,1800,624350
20221116,10:50:23,183.65,350,624350
20221116,10:50:24,183.35,300,624350
20221116,10:50:25,183.60,7450,624350
20221116,10:50:26,183.55,150,624350
20221116,10:50:28,184.50,200,624350
20221116,10:50:29,185.45,2000,624350
20221116,10:50:30,185.40,150,624350
20221116,10:50:31,185.35,2400,624350
20221116,10:50:32,185.00,650,624350
20221116,10:50:33,185.20,800,624350
20221116,10:50:34,186.05,13450,624350
20221116,10:50:35,186.65,2050,624350
20221116,10:50:36,187.00,1000,624350
20221116,10:50:37,187.50,2950,624350
20221116,10:50:38,187.20,900,624350
20221116,10:50:39,189.50,5550,624350
20221116,10:50:40,190.00,13600,624350
20221116,10:50:42,189.90,1950,624350
20221116,10:50:43,190.80,1950,624350
20221116,10:50:44,190.70,2950,624350
20221116,10:50:45,191.55,2200,624350
20221116,10:50:46,192.00,900,624350
20221116,10:50:47,191.30,6350,624350
20221116,10:50:48,191.50,550,624350
20221116,10:50:49,192.35,9300,624350
20221116,10:50:50,192.50,100,616350
20221116,10:50:51,192.65,600,616350
20221116,10:50:52,192.95,50,616350
20221116,10:50:53,192.50,1650,616350
20221116,10:50:54,192.20,250,616350
20221116,10:50:55,192.05,800,616350
20221116,10:50:56,192.55,1150,616350
20221116,10:50:57,192.35,800,616350
20221116,10:50:58,191.90,350,616350
20221116,10:50:59,193.00,400,616350
20221116,10:51:00,193.30,800,616350
20221116,10:51:01,192.90,2000,616350
20221116,10:51:02,193.20,600,616350
20221116,10:51:03,192.70,2300,616350
20221116,10:51:04,193.30,500,616350
20221116,10:51:05,193.50,100,616350
20221116,10:51:06,194.10,850,616350
20221116,10:51:07,194.00,200,616350
20221116,10:51:08,194.65,250,616350
20221116,10:51:09,194.05,200,616350
20221116,10:51:10,193.50,2950,616350
20221116,10:51:11,192.85,4350,616350
20221116,10:51:12,192.70,350,616350
20221116,10:51:13,192.50,950,616350
20221116,10:51:14,192.40,300,616350
20221116,10:51:15,192.70,300,616350
20221116,10:51:16,192.85,2850,616350
20221116,10:51:17,193.00,150,616350
20221116,10:51:18,194.65,250,616350
20221116,10:51:19,193.50,50,616350
20221116,10:51:20,194.30,550,616350
20221116,10:51:21,195.00,4350,616350
20221116,10:51:23,195.20,2000,616350
20221116,10:51:24,196.55,2250,616350
20221116,10:51:25,196.30,1450,616350
20221116,10:51:26,196.65,2050,616350
20221116,10:51:28,199.15,3750,616350
20221116,10:51:29,198.80,2200,616350
20221116,10:51:30,198.90,850,616350
20221116,10:51:31,198.80,700,616350
20221116,10:51:32,199.05,650,616350
20221116,10:51:34,199.30,450,616350
20221116,10:51:35,199.15,1200,616350
20221116,10:51:36,199.50,750,616350
20221116,10:51:37,199.20,2000,616350
20221116,10:51:38,199.30,2550,616350
20221116,10:51:39,199.05,1200,616350
20221116,10:51:40,200.55,13300,616350
20221116,10:51:41,200.25,500,616350
20221116,10:51:43,200.65,750,616350
20221116,10:51:44,202.85,4700,616350
20221116,10:51:45,201.85,1250,616350
20221116,10:51:46,202.00,1350,616350
20221116,10:51:47,202.40,650,616350
20221116,10:51:48,201.60,450,616350
20221116,10:51:49,201.90,2450,616350
20221116,10:51:50,201.30,4300,616350
20221116,10:51:52,200.60,350,616350
20221116,10:51:52,200.80,50,616350
20221116,10:51:53,199.90,3150,616350
20221116,10:51:54,199.90,1400,616350
20221116,10:51:55,199.80,1500,616350
20221116,10:51:56,199.80,1150,616350
20221116,10:51:57,199.85,100,616350
20221116,10:51:59,199.90,600,616350
20221116,10:51:59,199.85,50,616350
20221116,10:52:00,200.25,2000,616350
20221116,10:52:01,199.95,2000,616350
20221116,10:52:02,200.30,150,616350
20221116,10:52:03,199.75,200,616350
20221116,10:52:05,199.90,200,616350
20221116,10:52:05,200.20,50,616350
20221116,10:52:06,199.80,450,616350
20221116,10:52:07,199.30,250,616350
20221116,10:52:08,199.40,200,616350
20221116,10:52:09,199.00,1550,616350
20221116,10:52:11,198.25,1000,616350
20221116,10:52:12,198.85,250,616350
20221116,10:52:13,198.45,350,616350
20221116,10:52:14,197.45,700,616350
20221116,10:52:15,198.75,250,616350
20221116,10:52:16,198.50,250,616350
20221116,10:52:17,198.70,2000,616350
20221116,10:52:18,199.00,750,616350
20221116,10:52:19,199.30,400,616350
20221116,10:52:20,199.50,800,616350
20221116,10:52:22,199.75,700,616350
20221116,10:52:23,199.50,250,616350
20221116,10:52:24,199.05,700,616350
20221116,10:52:26,199.55,250,616350
20221116,10:52:27,199.00,350,616350
20221116,10:52:28,199.00,450,616350
20221116,10:52:29,198.75,50,616350
20221116,10:52:30,199.45,1100,616350
20221116,10:52:31,198.50,100,616350
20221116,10:52:32,198.50,1200,616350
20221116,10:52:33,198.70,400,616350
20221116,10:52:34,198.45,150,616350
20221116,10:52:35,196.75,500,616350
20221116,10:52:36,197.10,150,616350
20221116,10:52:38,197.25,250,616350
20221116,10:52:38,197.15,1150,616350
20221116,10:52:39,197.30,150,616350
20221116,10:52:40,196.35,700,616350
20221116,10:52:41,196.60,100,616350
20221116,10:52:42,196.85,150,616350
20221116,10:52:44,196.10,200,616350
20221116,10:52:45,196.00,1800,616350
20221116,10:52:46,196.20,550,616350
20221116,10:52:47,195.60,200,616350
20221116,10:52:48,195.95,50,616350
20221116,10:52:49,196.00,550,616350
20221116,10:52:50,196.05,450,616350
20221116,10:52:52,196.50,150,616350
20221116,10:52:53,197.20,550,616350
20221116,10:52:54,197.20,1050,616350
20221116,10:52:56,197.25,50,616350
20221116,10:52:57,196.80,150,616350
20221116,10:52:58,196.45,300,616350
20221116,10:53:00,196.50,150,616350
20221116,10:53:01,196.05,550,616350
20221116,10:53:02,196.45,50,616350
20221116,10:53:05,197.50,150,616350
20221116,10:53:06,197.50,50,616350
20221116,10:53:08,197.35,550,616350
20221116,10:53:09,196.85,150,616350
20221116,10:53:10,196.80,50,616350
20221116,10:53:11,196.20,200,616350
20221116,10:53:13,196.60,200,616350
20221116,10:53:14,196.30,150,616350
20221116,10:53:15,196.00,300,616350
20221116,10:53:17,196.00,650,616350
20221116,10:53:18,196.20,950,616350
20221116,10:53:19,195.95,2450,616350
20221116,10:53:20,196.00,250,616350
20221116,10:53:21,196.10,50,616350
20221116,10:53:24,195.90,50,616350
20221116,10:53:26,196.70,350,616350
20221116,10:53:27,196.45,200,616350
20221116,10:53:28,196.40,50,616350
20221116,10:53:29,197.00,100,616350
20221116,10:53:30,197.30,150,616350
20221116,10:53:32,198.00,50,616350
20221116,10:53:33,198.85,150,616350
20221116,10:53:34,198.30,1900,616350
20221116,10:53:35,198.20,50,616350
20221116,10:53:37,198.45,50,616350
20221116,10:53:39,199.20,200,616350
20221116,10:53:40,199.80,50,616350
20221116,10:53:42,199.95,650,616350
20221116,10:53:43,200.00,600,616350
20221116,10:53:44,200.10,600,616350
20221116,10:53:45,200.70,1900,616350
20221116,10:53:45,201.00,100,616350
20221116,10:53:46,200.45,400,616350
20221116,10:53:47,200.65,200,616350
20221116,10:53:48,200.30,250,616350
20221116,10:53:49,200.05,1600,616350
20221116,10:53:51,199.50,1000,585450
20221116,10:53:53,199.10,1200,585450
20221116,10:53:54,199.00,1050,585450
20221116,10:53:55,199.10,100,585450
20221116,10:53:56,199.60,300,585450
20221116,10:53:57,199.50,50,585450
20221116,10:53:59,199.60,100,585450
20221116,10:54:00,200.10,350,585450
20221116,10:54:02,200.15,200,585450
20221116,10:54:03,199.90,50,585450
20221116,10:54:04,199.60,150,585450
20221116,10:54:05,200.15,100,585450
20221116,10:54:06,200.00,500,585450
20221116,10:54:07,199.90,50,585450
20221116,10:54:08,200.00,400,585450
20221116,10:54:11,199.50,150,585450
20221116,10:54:12,198.95,100,585450
20221116,10:54:13,199.20,300,585450
20221116,10:54:16,199.40,150,585450
20221116,10:54:17,199.70,50,585450
20221116,10:54:19,199.50,50,585450
20221116,10:54:20,199.25,50,585450
20221116,10:54:21,199.10,100,585450
20221116,10:54:22,198.60,750,585450
20221116,10:54:23,198.20,100,585450
20221116,10:54:24,198.65,50,585450
20221116,10:54:27,198.50,100,585450
20221116,10:54:28,197.90,3950,585450
20221116,10:54:29,197.80,2500,585450
20221116,10:54:30,198.60,50,585450
20221116,10:54:32,198.70,600,585450
20221116,10:54:33,198.20,2050,585450
20221116,10:54:34,198.35,50,585450
20221116,10:54:35,198.85,50,585450
20221116,10:54:37,198.80,100,585450
20221116,10:54:39,198.55,250,585450
20221116,10:54:40,198.95,50,585450
20221116,10:54:43,197.10,4800,585450
20221116,10:54:44,197.20,150,585450
20221116,10:54:46,196.60,250,585450
20221116,10:54:48,197.15,100,585450
20221116,10:54:51,197.40,50,585450
20221116,10:54:51,197.70,50,585450
20221116,10:54:53,199.00,2400,585450
20221116,10:54:55,198.40,1850,585450
20221116,10:54:56,198.45,500,585450
20221116,10:54:57,198.60,900,585450
20221116,10:55:00,198.25,50,585450
20221116,10:55:02,198.50,150,585450
20221116,10:55:03,198.10,1300,585450
20221116,10:55:04,197.75,500,585450
20221116,10:55:05,198.60,150,585450
20221116,10:55:06,198.90,1750,585450
20221116,10:55:08,197.90,200,585450
20221116,10:55:10,198.20,100,585450
20221116,10:55:11,198.30,1000,585450
20221116,10:55:12,197.40,300,585450
20221116,10:55:13,197.85,700,585450
20221116,10:55:14,198.10,50,585450
20221116,10:55:15,198.60,200,585450
20221116,10:55:16,199.00,1500,585450
20221116,10:55:17,198.60,50,585450
20221116,10:55:18,199.10,200,585450
20221116,10:55:19,199.20,150,585450
20221116,10:55:20,199.95,200,585450
20221116,10:55:22,200.00,200,585450
20221116,10:55:23,200.10,2700,585450
20221116,10:55:24,200.05,100,585450
20221116,10:55:25,200.00,1350,585450
20221116,10:55:26,199.75,200,585450
20221116,10:55:27,200.05,100,585450
20221116,10:55:28,200.00,100,585450
20221116,10:55:29,199.55,50,585450
20221116,10:55:31,200.00,850,585450
20221116,10:55:32,201.00,2200,585450
20221116,10:55:33,200.90,300,585450
20221116,10:55:34,201.30,200,585450
20221116,10:55:36,201.50,200,585450
20221116,10:55:37,201.00,250,585450
20221116,10:55:37,201.20,250,585450
20221116,10:55:38,201.10,50,585450
20221116,10:55:39,201.20,350,585450
20221116,10:55:40,200.85,50,585450
20221116,10:55:41,201.25,100,585450
20221116,10:55:42,201.60,50,585450
20221116,10:55:43,201.35,150,585450
20221116,10:55:44,201.75,50,585450
20221116,10:55:46,201.20,50,585450
20221116,10:55:48,201.40,500,585450
20221116,10:55:49,200.35,1900,585450
20221116,10:55:50,201.40,300,585450
20221116,10:55:50,201.50,100,585450
20221116,10:55:51,200.60,50,585450
20221116,10:55:52,200.90,1550,585450
20221116,10:55:53,201.10,50,585450
20221116,10:55:54,201.45,150,585450
20221116,10:55:56,200.70,2000,585450
20221116,10:55:57,200.75,100,585450
20221116,10:55:58,201.05,2450,585450
20221116,10:55:59,200.60,100,585450
20221116,10:56:00,200.45,200,585450
20221116,10:56:02,200.60,50,585450
20221116,10:56:04,200.60,100,585450
20221116,10:56:05,200.05,50,585450
20221116,10:56:07,200.05,2150,585450
20221116,10:56:08,200.35,150,585450
20221116,10:56:09,200.95,700,585450
20221116,10:56:10,200.00,1400,585450
20221116,10:56:12,199.40,150,585450
20221116,10:56:13,199.95,200,585450
20221116,10:56:14,199.15,100,585450
20221116,10:56:17,199.85,550,585450
20221116,10:56:21,199.40,100,585450
20221116,10:56:22,199.80,50,585450
20221116,10:56:23,199.40,200,585450
20221116,10:56:24,199.50,1150,585450
20221116,10:56:27,199.00,100,585450
20221116,10:56:28,198.90,50,585450
20221116,10:56:30,198.10,500,585450
20221116,10:56:31,199.20,200,585450
20221116,10:56:32,198.50,1000,585450
20221116,10:56:35,198.55,200,585450
20221116,10:56:36,198.50,100,585450
20221116,10:56:40,198.10,50,585450
20221116,10:56:41,198.70,1200,585450
20221116,10:56:44,198.50,100,585450
20221116,10:56:47,198.60,50,585450
20221116,10:56:48,198.10,100,585450
20221116,10:56:49,198.10,200,585450
20221116,10:56:50,198.00,2850,585450
20221116,10:56:52,198.00,150,580650
20221116,10:56:52,198.10,50,580650
20221116,10:56:54,197.95,200,580650
20221116,10:56:56,197.75,1050,580650
20221116,10:56:57,198.10,250,580650
20221116,10:56:59,198.00,100,580650
20221116,10:57:00,197.90,100,580650
20221116,10:57:01,196.55,750,580650
20221116,10:57:02,196.95,1500,580650
20221116,10:57:04,196.85,50,580650
20221116,10:57:05,196.00,1300,580650
20221116,10:57:06,196.00,500,580650
20221116,10:57:07,195.35,100,580650
20221116,10:57:08,194.90,1550,580650
20221116,10:57:09,195.00,500,580650
20221116,10:57:09,194.80,700,580650
20221116,10:57:10,194.95,100,580650
20221116,10:57:12,195.10,400,580650
20221116,10:57:13,195.15,150,580650
20221116,10:57:15,196.70,150,580650
20221116,10:57:16,196.60,100,580650
20221116,10:57:17,196.60,150,580650
20221116,10:57:18,195.75,150,580650
20221116,10:57:19,196.50,200,580650
20221116,10:57:21,196.05,150,580650
20221116,10:57:24,195.85,150,580650
20221116,10:57:26,195.90,150,580650
20221116,10:57:27,195.60,1850,580650
20221116,10:57:29,195.95,200,580650
20221116,10:57:33,196.15,50,580650
20221116,10:57:34,195.40,1800,580650
20221116,10:57:37,195.15,50,580650
20221116,10:57:40,195.70,1850,580650
20221116,10:57:41,196.55,200,580650
20221116,10:57:42,197.10,100,580650
20221116,10:57:44,196.95,200,580650
20221116,10:57:45,197.75,650,580650
20221116,10:57:46,198.60,300,580650
20221116,10:57:47,199.00,150,580650
20221116,10:57:48,198.45,100,580650
20221116,10:57:49,198.70,200,580650
20221116,10:57:50,198.40,150,580650
20221116,10:57:51,198.90,100,580650
20221116,10:57:52,198.95,300,580650
20221116,10:57:53,198.85,100,580650
20221116,10:57:58,199.00,400,580650
20221116,10:57:59,199.55,1050,580650
20221116,10:58:00,200.00,900,580650
20221116,10:58:01,200.60,400,580650
20221116,10:58:02,200.15,2050,580650
20221116,10:58:03,200.75,200,580650
20221116,10:58:03,200.75,300,580650
20221116,10:58:05,199.90,1000,580650
20221116,10:58:06,200.40,50,580650
20221116,10:58:07,200.15,100,580650
20221116,10:58:08,201.40,400,580650
20221116,10:58:09,201.65,150,580650
20221116,10:58:11,204.00,5250,580650
20221116,10:58:12,204.00,900,580650
20221116,10:58:13,203.30,750,580650
20221116,10:58:14,202.80,1300,580650
20221116,10:58:15,203.75,450,580650
20221116,10:58:17,204.20,1300,580650
20221116,10:58:18,204.65,550,580650
20221116,10:58:19,204.25,100,580650
20221116,10:58:20,203.95,100,580650
20221116,10:58:21,203.70,750,580650
20221116,10:58:22,204.20,1300,580650
20221116,10:58:23,205.00,4600,580650
20221116,10:58:24,204.75,1150,580650
20221116,10:58:25,206.00,750,580650
20221116,10:58:25,205.45,1500,580650
20221116,10:58:27,205.00,350,580650
20221116,10:58:28,205.95,350,580650
20221116,10:58:29,206.00,1200,580650
20221116,10:58:30,206.10,1750,580650
20221116,10:58:31,205.15,800,580650
20221116,10:58:32,205.55,2200,580650
20221116,10:58:33,205.80,100,580650
20221116,10:58:34,205.45,100,580650
20221116,10:58:36,204.70,200,580650
20221116,10:58:37,204.65,100,580650
20221116,10:58:38,204.50,150,580650
20221116,10:58:40,204.65,2500,580650
20221116,10:58:41,204.55,600,580650
20221116,10:58:42,204.70,100,580650
20221116,10:58:43,204.90,50,580650
20221116,10:58:45,204.75,1550,580650
20221116,10:58:46,204.95,50,580650
20221116,10:58:47,205.30,1900,580650
20221116,10:58:48,205.70,100,580650
20221116,10:58:49,206.55,750,580650
20221116,10:58:50,206.75,300,580650
20221116,10:58:51,205.10,1250,580650
20221116,10:58:52,204.85,600,580650
20221116,10:58:53,205.20,1200,580650
20221116,10:58:54,205.15,2200,580650
20221116,10:58:55,205.25,350,580650
20221116,10:58:56,204.50,500,580650
20221116,10:58:57,204.95,1300,580650
20221116,10:58:58,204.85,850,580650
20221116,10:58:59,205.00,1900,580650
20221116,10:59:00,204.30,600,580650
20221116,10:59:01,204.40,50,580650
20221116,10:59:02,205.00,500,580650
20221116,10:59:04,204.70,100,580650
20221116,10:59:05,204.80,2150,580650
20221116,10:59:06,204.00,3800,580650
20221116,10:59:07,204.40,850,580650
20221116,10:59:08,204.60,50,580650
20221116,10:59:09,204.40,150,580650
20221116,10:59:10,203.70,50,580650
20221116,10:59:10,203.60,1050,580650
20221116,10:59:11,203.65,2200,580650
20221116,10:59:13,203.70,150,580650
20221116,10:59:14,204.40,950,580650
20221116,10:59:15,204.05,350,580650
20221116,10:59:16,204.05,50,580650
20221116,10:59:17,204.20,150,580650
20221116,10:59:18,204.00,800,580650
20221116,10:59:19,204.20,100,580650
20221116,10:59:20,204.20,100,580650
20221116,10:59:22,204.75,750,580650
20221116,10:59:22,204.30,400,580650
20221116,10:59:24,205.50,2650,580650
20221116,10:59:25,205.70,4800,580650
20221116,10:59:26,205.15,200,580650
20221116,10:59:27,205.10,1000,580650
20221116,10:59:28,204.30,50,580650
20221116,10:59:29,204.85,250,580650
20221116,10:59:31,204.00,1550,580650
20221116,10:59:32,203.70,650,580650
20221116,10:59:33,204.50,1000,580650
20221116,10:59:34,204.10,350,580650
20221116,10:59:36,205.30,200,580650
20221116,10:59:37,206.05,900,580650
20221116,10:59:38,205.10,50,580650
20221116,10:59:39,204.50,200,580650
20221116,10:59:40,205.00,50,580650
20221116,10:59:42,204.10,450,580650
20221116,10:59:44,204.85,150,580650
20221116,10:59:45,204.70,350,580650
20221116,10:59:47,204.00,150,580650
20221116,10:59:48,204.60,1850,580650
20221116,10:59:49,204.50,50,580650
20221116,10:59:50,204.75,50,580650
20221116,10:59:51,204.20,800,576200
20221116,10:59:52,204.70,550,576200
20221116,10:59:53,204.05,50,576200
20221116,10:59:55,204.60,50,576200
20221116,10:59:56,204.45,350,576200
20221116,10:59:58,204.00,150,576200
20221116,10:59:59,203.95,1000,576200
20221116,11:00:01,204.50,150,576200
20221116,11:00:02,204.50,150,576200
20221116,11:00:03,205.50,1950,576200
20221116,11:00:03,205.65,200,576200
20221116,11:00:05,206.00,700,576200
20221116,11:00:06,205.50,550,576200
20221116,11:00:07,205.00,3000,576200
20221116,11:00:08,204.45,600,576200
20221116,11:00:09,203.95,200,576200
20221116,11:00:10,203.85,350,576200
20221116,11:00:10,203.50,350,576200
20221116,11:00:12,204.25,1800,576200
20221116,11:00:14,204.15,1950,576200
20221116,11:00:15,203.75,200,576200
20221116,11:00:17,204.05,1150,576200
20221116,11:00:18,203.35,200,576200
20221116,11:00:19,203.30,250,576200
20221116,11:00:23,204.30,2700,576200
20221116,11:00:24,204.55,100,576200
20221116,11:00:25,203.50,300,576200
20221116,11:00:28,204.85,200,576200
20221116,11:00:29,204.50,650,576200
20221116,11:00:31,204.15,1250,576200
20221116,11:00:32,204.20,50,576200
20221116,11:00:33,204.45,50,576200
20221116,11:00:34,204.20,100,576200
20221116,11:00:35,203.70,550,576200
20221116,11:00:38,204.30,2150,576200
20221116,11:00:41,204.40,150,576200
20221116,11:00:43,204.30,50,576200
20221116,11:00:44,203.95,300,576200
20221116,11:00:46,203.65,500,576200
20221116,11:00:47,203.00,1650,576200
20221116,11:00:48,203.05,350,576200
20221116,11:00:50,201.80,1150,576200
20221116,11:00:51,201.60,350,576200
20221116,11:00:52,200.65,300,576200
20221116,11:00:53,201.00,150,576200
20221116,11:00:54,201.10,300,576200
20221116,11:00:56,201.35,500,576200
20221116,11:00:57,202.35,50,576200
20221116,11:00:58,201.65,550,576200
20221116,11:00:59,202.15,50,576200
20221116,11:01:00,203.00,450,576200
20221116,11:01:03,202.05,50,576200
20221116,11:01:05,201.60,200,576200
20221116,11:01:07,200.80,100,576200
20221116,11:01:08,200.90,800,576200
20221116,11:01:10,201.05,50,576200
20221116,11:01:12,200.75,50,576200
20221116,11:01:13,200.95,650,576200
20221116,11:01:15,201.55,550,576200
20221116,11:01:17,201.55,1000,576200
20221116,11:01:19,199.90,6550,576200
20221116,11:01:20,200.95,700,576200
20221116,11:01:21,199.90,250,576200
20221116,11:01:24,200.45,50,576200
20221116,11:01:25,198.95,800,576200
20221116,11:01:26,198.85,850,576200
20221116,11:01:27,199.15,100,576200
20221116,11:01:28,198.50,850,576200
20221116,11:01:29,199.70,150,576200
20221116,11:01:30,199.15,200,576200
20221116,11:01:31,199.40,100,576200
20221116,11:01:32,200.00,300,576200
20221116,11:01:33,200.55,50,576200
20221116,11:01:34,200.25,50,576200
20221116,11:01:36,200.30,50,576200
20221116,11:01:39,199.85,50,576200
20221116,11:01:40,200.10,650,576200
20221116,11:01:41,199.70,50,576200
20221116,11:01:43,199.70,50,576200
20221116,11:01:44,199.15,50,576200
20221116,11:01:46,199.40,50,576200
20221116,11:01:48,199.10,1200,576200
20221116,11:01:50,199.05,200,576200
20221116,11:01:51,199.20,250,576200
20221116,11:01:52,200.00,150,576200
20221116,11:01:53,200.00,1550,576200
20221116,11:01:56,200.10,50,576200
20221116,11:01:57,200.15,50,576200
20221116,11:01:58,199.95,200,576200
20221116,11:01:59,200.15,100,576200
20221116,11:02:00,200.90,1250,576200
20221116,11:02:01,201.15,100,576200
20221116,11:02:02,200.10,100,576200
20221116,11:02:03,201.00,100,576200
20221116,11:02:04,201.00,200,576200
20221116,11:02:05,200.00,750,576200
20221116,11:02:08,200.20,400,576200
20221116,11:02:09,200.05,150,576200
20221116,11:02:10,199.25,1800,576200
20221116,11:02:12,200.00,100,576200
20221116,11:02:14,200.00,150,576200
20221116,11:02:16,199.35,50,576200
20221116,11:02:17,199.60,150,576200
20221116,11:02:18,199.65,100,576200
20221116,11:02:20,199.75,250,576200
20221116,11:02:23,199.00,250,576200
20221116,11:02:26,197.55,900,576200
20221116,11:02:27,197.15,300,576200
20221116,11:02:28,197.65,50,576200
20221116,11:02:29,198.05,500,576200
20221116,11:02:30,198.20,50,576200
20221116,11:02:31,198.60,500,576200
20221116,11:02:32,198.95,50,576200
20221116,11:02:33,198.55,500,576200
20221116,11:02:35,198.70,50,576200
20221116,11:02:37,198.60,50,576200
20221116,11:02:38,198.70,150,576200
20221116,11:02:40,198.05,150,576200
20221116,11:02:41,198.00,150,576200
20221116,11:02:42,198.00,50,576200
20221116,11:02:43,198.10,50,576200
20221116,11:02:45,198.05,200,576200
20221116,11:02:46,197.60,100,576200
20221116,11:02:47,198.00,100,576200
20221116,11:02:49,197.50,50,576200
20221116,11:02:51,197.15,300,576200
20221116,11:02:55,197.05,300,561700
20221116,11:02:57,197.65,200,561700
20221116,11:02:58,197.55,50,561700
20221116,11:03:00,197.35,150,561700
20221116,11:03:01,197.00,1750,561700
20221116,11:03:02,196.80,250,561700
20221116,11:03:06,196.35,150,561700
20221116,11:03:06,196.10,1800,561700
20221116,11:03:07,196.10,1400,561700
20221116,11:03:08,196.20,350,561700
20221116,11:03:09,196.60,50,561700
20221116,11:03:11,196.80,200,561700
20221116,11:03:12,197.10,50,561700
20221116,11:03:16,198.15,200,561700
20221116,11:03:17,197.60,200,561700
20221116,11:03:18,198.05,200,561700
20221116,11:03:19,197.10,1200,561700
20221116,11:03:20,197.70,100,561700
20221116,11:03:22,197.10,50,561700
20221116,11:03:23,197.30,150,561700
20221116,11:03:27,197.20,200,561700
20221116,11:03:28,197.55,100,561700
20221116,11:03:29,198.50,850,561700
20221116,11:03:30,198.80,100,561700
20221116,11:03:31,198.95,50,561700
20221116,11:03:33,198.60,1100,561700
20221116,11:03:34,198.30,50,561700
20221116,11:03:39,197.35,350,561700
20221116,11:03:39,198.15,1000,561700
20221116,11:03:40,197.40,150,561700
20221116,11:03:41,197.30,150,561700
20221116,11:03:43,197.70,50,561700
20221116,11:03:45,198.00,100,561700
20221116,11:03:48,197.80,150,561700
20221116,11:03:49,198.00,50,561700
20221116,11:03:50,197.80,1500,561700
20221116,11:03:51,197.10,500,561700
20221116,11:03:53,198.00,50,561700
20221116,11:03:55,197.20,50,561700
20221116,11:03:56,197.05,200,561700
20221116,11:03:57,197.00,700,561700
20221116,11:03:58,197.30,50,561700
20221116,11:03:59,196.60,200,561700
20221116,11:04:00,196.40,50,561700
20221116,11:04:01,196.00,400,561700
20221116,11:04:02,195.80,50,561700
20221116,11:04:03,195.60,150,561700
20221116,11:04:04,195.75,150,561700
20221116,11:04:05,195.60,100,561700
20221116,11:04:06,194.30,2550,561700
20221116,11:04:08,194.50,50,561700
20221116,11:04:09,194.05,450,561700
20221116,11:04:10,194.15,650,561700
20221116,11:04:11,194.50,150,561700
20221116,11:04:12,193.75,400,561700
20221116,11:04:13,194.00,50,561700
20221116,11:04:14,194.10,2450,561700
20221116,11:04:15,194.30,50,561700
20221116,11:04:16,195.00,400,561700
20221116,11:04:17,195.10,1200,561700
20221116,11:04:18,195.95,100,561700
20221116,11:04:19,195.75,600,561700
20221116,11:04:23,196.05,50,561700
20221116,11:04:24,195.75,100,561700
20221116,11:04:25,195.95,50,561700
20221116,11:04:29,195.95,50,561700
20221116,11:04:30,195.60,150,561700
20221116,11:04:33,194.70,1900,561700
20221116,11:04:35,194.75,100,561700
20221116,11:04:38,194.90,100,561700
20221116,11:04:39,194.85,50,561700
20221116,11:04:40,194.40,100,561700
20221116,11:04:42,194.90,100,561700
20221116,11:04:43,195.45,50,561700
20221116,11:04:44,195.95,250,561700
20221116,11:04:46,195.50,50,561700
20221116,11:04:47,195.30,50,561700
20221116,11:04:48,196.00,1800,561700
20221116,11:04:49,196.80,50,561700
20221116,11:04:53,196.85,100,561700
20221116,11:04:53,197.60,50,561700
20221116,11:04:54,197.85,300,561700
20221116,11:04:55,197.70,1000,561700
20221116,11:04:58,196.35,300,561700
20221116,11:04:59,196.75,450,561700
20221116,11:05:01,196.75,50,561700
20221116,11:05:02,195.40,800,561700
20221116,11:05:03,195.60,50,561700
20221116,11:05:05,195.90,200,561700
20221116,11:05:06,195.30,150,561700
20221116,11:05:07,195.20,850,561700
20221116,11:05:09,194.40,300,561700
20221116,11:05:11,194.45,150,561700
20221116,11:05:12,194.55,300,561700
20221116,11:05:17,194.00,550,561700
20221116,11:05:18,193.65,200,561700
20221116,11:05:19,193.30,850,561700
20221116,11:05:20,193.25,50,561700
20221116,11:05:21,193.35,50,561700
20221116,11:05:21,193.10,50,561700
20221116,11:05:22,192.65,1300,561700
20221116,11:05:24,193.25,150,561700
20221116,11:05:27,193.30,450,561700
20221116,11:05:28,193.10,350,561700
20221116,11:05:29,193.35,400,561700
20221116,11:05:29,193.15,700,561700
20221116,11:05:31,193.00,100,561700
20221116,11:05:32,192.90,50,561700
20221116,11:05:33,193.25,100,561700
20221116,11:05:34,193.10,1300,561700
20221116,11:05:37,193.15,150,561700
20221116,11:05:40,193.15,50,561700
20221116,11:05:42,192.35,2350,561700
20221116,11:05:43,192.45,900,561700
20221116,11:05:45,191.40,350,561700
20221116,11:05:46,191.85,100,561700
20221116,11:05:47,191.45,650,561700
20221116,11:05:48,191.70,250,561700
20221116,11:05:51,192.05,50,561700
20221116,11:05:52,192.05,150,561700
20221116,11:05:53,192.40,200,559550
20221116,11:05:55,192.05,50,559550
20221116,11:05:57,192.00,950,559550
20221116,11:06:01,193.70,200,559550
20221116,11:06:03,192.20,200,559550
20221116,11:06:05,193.50,150,559550
20221116,11:06:07,193.00,50,559550
20221116,11:06:10,194.00,150,559550
20221116,11:06:11,194.10,250,559550
20221116,11:06:12,193.65,100,559550
20221116,11:06:13,193.20,850,559550
20221116,11:06:14,193.50,150,559550
20221116,11:06:15,192.90,450,559550
20221116,11:06:17,192.75,100,559550
20221116,11:06:19,192.65,550,559550
20221116,11:06:20,192.00,450,559550
20221116,11:06:22,192.40,50,559550
20221116,11:06:24,193.10,50,559550
20221116,11:06:25,193.30,1600,559550
20221116,11:06:26,193.70,5100,559550
20221116,11:06:27,193.70,1000,559550
20221116,11:06:29,193.70,50,559550
20221116,11:06:31,193.90,100,559550
20221116,11:06:32,194.70,550,559550
20221116,11:06:34,194.65,100,559550
20221116,11:06:35,195.15,100,559550
20221116,11:06:37,194.65,100,559550
20221116,11:06:40,194.95,50,559550
20221116,11:06:41,195.00,400,559550
20221116,11:06:43,195.55,1000,559550
20221116,11:06:44,195.40,50,559550
20221116,11:06:45,195.25,100,559550
20221116,11:06:46,195.80,1850,559550
20221116,11:06:48,195.45,100,559550
20221116,11:06:49,195.80,200,559550
20221116,11:06:50,195.90,950,559550
20221116,11:06:57,195.45,150,559550
20221116,11:06:58,194.50,100,559550
20221116,11:07:00,193.75,300,559550
20221116,11:07:03,194.15,50,559550
20221116,11:07:04,194.15,550,559550
20221116,11:07:08,194.10,50,559550
20221116,11:07:09,194.50,200,559550
20221116,11:07:10,194.65,100,559550
20221116,11:07:15,196.00,1550,559550
20221116,11:07:16,196.05,50,559550
20221116,11:07:20,195.00,450,559550
20221116,11:07:21,195.50,200,559550
20221116,11:07:23,195.30,100,559550
20221116,11:07:25,195.60,50,559550
20221116,11:07:29,196.05,50,559550
20221116,11:07:30,196.65,650,559550
20221116,11:07:31,196.70,100,559550
20221116,11:07:33,197.40,1100,559550
20221116,11:07:34,197.80,300,559550
20221116,11:07:35,198.00,150,559550
20221116,11:07:36,197.20,1600,559550
20221116,11:07:37,197.20,4750,559550
20221116,11:07:38,197.15,350,559550
20221116,11:07:39,196.70,1300,559550
20221116,11:07:40,196.85,500,559550
20221116,11:07:44,196.40,50,559550
20221116,11:07:45,196.20,150,559550
20221116,11:07:47,195.70,300,559550
20221116,11:07:50,196.45,150,559550
20221116,11:07:53,195.80,50,559550
20221116,11:07:54,195.80,100,559550
20221116,11:07:55,196.20,50,559550
20221116,11:07:58,196.00,50,559550
20221116,11:07:59,195.80,100,559550
20221116,11:08:03,196.35,10000,559550
20221116,11:08:06,196.10,50,559550
20221116,11:08:07,196.45,100,559550
20221116,11:08:09,197.45,650,559550
20221116,11:08:10,197.80,800,559550
20221116,11:08:10,198.30,50,559550
20221116,11:08:14,197.80,250,559550
20221116,11:08:16,198.00,50,559550
20221116,11:08:17,198.30,550,559550
20221116,11:08:18,198.30,450,559550
20221116,11:08:19,198.30,300,559550
20221116,11:08:19,198.70,550,559550
20221116,11:08:21,198.25,1050,559550
20221116,11:08:23,198.90,250,559550
20221116,11:08:25,197.85,200,559550
20221116,11:08:26,198.25,100,559550
20221116,11:08:27,198.15,150,559550
20221116,11:08:28,198.15,900,559550
20221116,11:08:29,197.70,100,559550
20221116,11:08:30,198.20,650,559550
20221116,11:08:34,197.00,100,559550
20221116,11:08:35,196.75,550,559550
20221116,11:08:36,196.80,50,559550
20221116,11:08:38,196.45,50,559550
20221116,11:08:40,196.45,50,559550
20221116,11:08:41,196.40,100,559550
20221116,11:08:43,196.15,100,559550
20221116,11:08:44,195.20,50,559550
20221116,11:08:45,195.25,50,559550
20221116,11:08:48,195.00,500,559550
20221116,11:08:49,194.15,200,559550
20221116,11:08:51,194.00,100,559550
20221116,11:08:52,194.15,100,559550
20221116,11:08:57,193.60,150,563750
20221116,11:08:58,193.75,100,563750
20221116,11:08:59,193.70,1900,563750
20221116,11:09:02,193.30,200,563750
20221116,11:09:03,193.20,200,563750
20221116,11:09:04,191.90,350,563750
20221116,11:09:05,191.40,450,563750
20221116,11:09:06,190.00,5200,563750
20221116,11:09:09,189.80,250,563750
20221116,11:09:10,190.10,700,563750
20221116,11:09:11,189.60,1100,563750
20221116,11:09:12,189.90,400,563750
20221116,11:09:13,189.30,450,563750
20221116,11:09:14,189.50,700,563750
20221116,11:09:15,190.05,1500,563750
20221116,11:09:16,190.10,50,563750
20221116,11:09:17,191.00,350,563750
20221116,11:09:19,190.55,700,563750
20221116,11:09:21,190.00,250,563750
20221116,11:09:22,189.95,600,563750
20221116,11:09:25,190.85,850,563750
20221116,11:09:28,191.70,100,563750
20221116,11:09:29,191.45,800,563750
20221116,11:09:31,190.95,50,563750
20221116,11:09:31,190.80,50,563750
20221116,11:09:32,191.20,50,563750
20221116,11:09:33,191.60,50,563750
20221116,11:09:36,191.20,50,563750
20221116,11:09:39,191.70,50,563750
20221116,11:09:40,191.75,50,563750
20221116,11:09:41,191.30,50,563750
20221116,11:09:44,192.00,250,563750
20221116,11:09:45,192.55,300,563750
20221116,11:09:47,192.55,50,563750
20221116,11:09:50,192.45,1100,563750
20221116,11:09:51,192.35,50,563750
20221116,11:09:52,192.30,50,563750
20221116,11:09:55,192.70,100,563750
20221116,11:09:57,192.90,50,563750
20221116,11:09:59,192.30,50,563750
20221116,11:10:00,193.00,150,563750
20221116,11:10:02,192.70,100,563750
20221116,11:10:03,192.30,300,563750
20221116,11:10:04,192.00,250,563750
20221116,11:10:05,192.05,50,563750
20221116,11:10:07,192.00,200,563750
20221116,11:10:08,192.10,100,563750
20221116,11:10:09,192.10,200,563750
20221116,11:10:10,191.35,50,563750
20221116,11:10:11,190.80,150,563750
20221116,11:10:11,191.50,50,563750
20221116,11:10:13,190.80,700,563750
20221116,11:10:14,190.40,450,563750
20221116,11:10:16,190.95,50,563750
20221116,11:10:18,190.00,1700,563750
20221116,11:10:19,189.40,150,563750
20221116,11:10:21,189.15,100,563750
20221116,11:10:22,189.20,50,563750
20221116,11:10:25,189.15,50,563750
20221116,11:10:26,189.00,200,563750
20221116,11:10:28,187.85,1250,563750
20221116,11:10:29,188.00,50,563750
20221116,11:10:30,187.65,100,563750
20221116,11:10:31,187.70,300,563750
20221116,11:10:32,187.45,150,563750
20221116,11:10:33,187.95,2900,563750
20221116,11:10:34,188.25,350,563750
20221116,11:10:35,188.35,100,563750
20221116,11:10:36,188.95,100,563750
20221116,11:10:37,188.75,4650,563750
20221116,11:10:38,189.35,900,563750
20221116,11:10:41,189.90,2350,563750
20221116,11:10:42,190.00,200,563750
20221116,11:10:43,189.30,50,563750
20221116,11:10:44,189.90,150,563750
20221116,11:10:45,189.65,100,563750
20221116,11:10:46,189.40,50,563750
20221116,11:10:47,189.35,100,563750
20221116,11:10:48,189.05,250,563750
20221116,11:10:49,189.05,250,563750
20221116,11:10:51,189.00,50,563750
20221116,11:10:54,188.65,100,563750
20221116,11:10:56,189.10,200,563750
20221116,11:11:00,189.00,200,563750
20221116,11:11:01,188.00,100,563750
20221116,11:11:02,188.00,650,563750
20221116,11:11:03,187.85,600,563750
20221116,11:11:04,186.30,950,563750
20221116,11:11:05,186.95,600,563750
20221116,11:11:06,186.00,4000,563750
20221116,11:11:07,186.15,200,563750
20221116,11:11:08,186.70,500,563750
20221116,11:11:09,186.00,250,563750
20221116,11:11:11,187.00,1450,563750
20221116,11:11:12,186.20,50,563750
20221116,11:11:13,186.05,50,563750
20221116,11:11:14,186.25,50,563750
20221116,11:11:16,186.55,50,563750
20221116,11:11:17,186.55,50,563750
20221116,11:11:18,186.50,150,563750
20221116,11:11:19,186.55,350,563750
20221116,11:11:21,186.60,200,563750
20221116,11:11:22,186.80,400,563750
20221116,11:11:24,187.25,150,563750
20221116,11:11:25,187.10,100,563750
20221116,11:11:26,186.60,50,563750
20221116,11:11:27,187.45,300,563750
20221116,11:11:29,186.65,50,563750
20221116,11:11:31,187.00,50,563750
20221116,11:11:33,187.15,750,563750
20221116,11:11:34,187.60,100,563750
20221116,11:11:36,187.10,100,563750
20221116,11:11:37,187.00,100,563750
20221116,11:11:39,187.10,1400,563750
20221116,11:11:40,186.75,700,563750
20221116,11:11:41,186.10,250,563750
20221116,11:11:42,186.00,300,563750
20221116,11:11:43,185.75,450,563750
20221116,11:11:44,185.70,400,563750
20221116,11:11:45,186.20,150,563750
20221116,11:11:46,185.65,50,563750
20221116,11:11:48,186.25,300,563750
20221116,11:11:51,186.85,50,563750
20221116,11:11:52,187.20,50,563750
20221116,11:11:54,187.50,250,567450
20221116,11:11:55,187.65,50,567450
20221116,11:11:57,188.70,50,567450
20221116,11:11:58,188.20,200,567450
20221116,11:12:00,188.30,200,567450
20221116,11:12:02,188.10,200,567450
20221116,11:12:04,188.35,250,567450
20221116,11:12:12,188.35,50,567450
20221116,11:12:15,187.35,50,567450
20221116,11:12:18,188.70,1500,567450
20221116,11:12:19,188.75,50,567450
20221116,11:12:21,189.00,50,567450
20221116,11:12:23,189.40,400,567450
20221116,11:12:25,189.20,300,567450
20221116,11:12:27,189.80,350,567450
20221116,11:12:29,189.55,150,567450
20221116,11:12:31,189.80,100,567450
20221116,11:12:32,189.80,1050,567450
20221116,11:12:33,190.00,100,567450
20221116,11:12:35,190.45,900,567450
20221116,11:12:36,191.50,900,567450
20221116,11:12:38,190.80,200,567450
20221116,11:12:39,190.75,1500,567450
20221116,11:12:40,190.90,50,567450
20221116,11:12:41,191.35,50,567450
20221116,11:12:42,190.40,4500,567450
20221116,11:12:43,190.45,200,567450
20221116,11:12:44,190.95,200,567450
20221116,11:12:45,191.45,100,567450
20221116,11:12:46,191.00,300,567450
20221116,11:12:47,191.55,650,567450
20221116,11:12:48,191.70,1950,567450
20221116,11:12:49,191.25,150,567450
20221116,11:12:50,192.10,450,567450
20221116,11:12:51,191.90,100,567450
20221116,11:12:52,192.40,50,567450
20221116,11:12:53,192.40,100,567450
20221116,11:12:54,193.00,1150,567450
20221116,11:12:57,192.80,100,567450
20221116,11:12:58,193.25,700,567450
20221116,11:12:59,192.90,50,567450
20221116,11:13:00,192.95,200,567450
20221116,11:13:02,192.90,100,567450
20221116,11:13:03,192.95,150,567450
20221116,11:13:04,192.95,250,567450
20221116,11:13:06,192.00,100,567450
20221116,11:13:07,191.70,1600,567450
20221116,11:13:08,192.60,50,567450
20221116,11:13:10,192.80,50,567450
20221116,11:13:14,193.40,350,567450
20221116,11:13:15,193.30,750,567450
20221116,11:13:17,193.45,350,567450
20221116,11:13:18,194.15,2000,567450
20221116,11:13:19,194.25,200,567450
20221116,11:13:20,194.45,3250,567450
20221116,11:13:21,194.05,100,567450
20221116,11:13:22,194.10,1600,567450
20221116,11:13:24,193.60,200,567450
20221116,11:13:25,193.95,50,567450
20221116,11:13:26,193.75,450,567450
20221116,11:13:27,192.95,350,567450
20221116,11:13:29,192.60,200,567450
20221116,11:13:31,192.00,200,567450
20221116,11:13:33,191.90,300,567450
20221116,11:13:34,191.20,2550,567450
20221116,11:13:36,192.05,150,567450
20221116,11:13:42,191.35,150,567450
20221116,11:13:44,191.25,400,567450
20221116,11:13:46,191.25,50,567450
20221116,11:13:55,190.30,50,567450
20221116,11:13:57,190.20,150,567450
20221116,11:14:01,190.50,150,567450
20221116,11:14:02,190.40,400,567450
20221116,11:14:04,190.55,150,567450
20221116,11:14:05,189.90,3450,567450
20221116,11:14:06,189.95,250,567450
20221116,11:14:07,189.85,150,567450
20221116,11:14:08,190.25,600,567450
20221116,11:14:09,189.85,50,567450
20221116,11:14:11,188.60,350,567450
20221116,11:14:13,188.75,150,567450
20221116,11:14:14,188.75,250,567450
20221116,11:14:17,189.40,400,567450
20221116,11:14:18,190.30,250,567450
20221116,11:14:20,190.25,100,567450
20221116,11:14:22,190.35,250,567450
20221116,11:14:23,190.10,50,567450
20221116,11:14:25,189.75,50,567450
20221116,11:14:26,190.10,100,567450
20221116,11:14:28,190.90,150,567450
20221116,11:14:29,190.90,250,567450
20221116,11:14:32,190.90,200,567450
20221116,11:14:34,190.35,50,567450
20221116,11:14:36,190.80,350,567450
20221116,11:14:38,191.15,100,567450
20221116,11:14:39,189.95,600,567450
20221116,11:14:43,190.00,50,567450
20221116,11:14:45,189.85,100,567450
20221116,11:14:48,191.25,550,567450
20221116,11:14:51,191.70,1850,567450
20221116,11:14:54,192.25,3850,561000
20221116,11:14:56,191.85,150,561000
20221116,11:14:57,192.55,150,561000
20221116,11:15:00,192.40,350,561000
20221116,11:15:02,191.85,100,561000
20221116,11:15:03,191.85,2100,561000
20221116,11:15:05,192.25,50,561000
20221116,11:15:06,192.25,200,561000
20221116,11:15:08,191.85,50,561000
20221116,11:15:09,191.30,150,561000
20221116,11:15:12,190.65,250,561000
20221116,11:15:15,190.60,100,561000
20221116,11:15:18,191.20,150,561000
20221116,11:15:19,190.00,450,561000
20221116,11:15:20,189.80,50,561000
20221116,11:15:21,190.05,100,561000
20221116,11:15:23,189.80,150,561000
20221116,11:15:24,189.80,300,561000
20221116,11:15:26,189.65,100,561000
20221116,11:15:27,189.90,300,561000
20221116,11:15:30,190.40,150,561000
20221116,11:15:31,190.65,50,561000
20221116,11:15:37,190.65,250,561000
20221116,11:15:38,192.00,1500,561000
20221116,11:15:39,192.50,100,561000
20221116,11:15:44,192.55,50,561000
20221116,11:15:45,193.00,200,561000
20221116,11:15:46,193.30,300,561000
20221116,11:15:47,193.45,250,561000
20221116,11:15:49,194.00,750,561000
20221116,11:15:51,194.10,150,561000
20221116,11:15:57,193.70,50,561000
20221116,11:16:03,194.10,200,561000
20221116,11:16:04,195.00,900,561000
20221116,11:16:05,194.50,50,561000
20221116,11:16:06,194.40,150,561000
20221116,11:16:08,194.55,50,561000
20221116,11:16:09,194.65,1550,561000
20221116,11:16:10,194.60,250,561000
20221116,11:16:11,194.80,50,561000
20221116,11:16:12,194.85,600,561000
20221116,11:16:15,194.90,50,561000
20221116,11:16:16,195.30,200,561000
20221116,11:16:17,195.55,50,561000
20221116,11:16:18,196.10,150,561000
20221116,11:16:19,196.10,50,561000
20221116,11:16:21,195.75,100,561000
20221116,11:16:22,196.15,550,561000
20221116,11:16:23,195.85,50,561000
20221116,11:16:24,195.70,200,561000
20221116,11:16:25,196.20,1800,561000
20221116,11:16:26,196.85,50,561000
20221116,11:16:27,196.20,450,561000
20221116,11:16:29,196.10,1850,561000
20221116,11:16:30,196.15,350,561000
20221116,11:16:31,196.05,50,561000
20221116,11:16:32,196.05,550,561000
20221116,11:16:33,195.85,600,561000
20221116,11:16:34,196.25,250,561000
20221116,11:16:38,196.35,400,561000
20221116,11:16:40,196.25,150,561000
20221116,11:16:40,196.35,50,561000
20221116,11:16:41,196.90,200,561000
20221116,11:16:43,196.90,100,561000
20221116,11:16:44,196.60,150,561000
20221116,11:16:46,196.00,350,561000
20221116,11:16:46,196.20,500,561000
20221116,11:16:48,195.65,1000,561000
20221116,11:16:49,196.00,100,561000
20221116,11:16:52,195.40,50,561000
20221116,11:16:53,195.70,150,561000
20221116,11:16:53,196.00,450,561000
20221116,11:16:55,196.00,50,561000
20221116,11:16:58,197.00,3000,561000
20221116,11:16:59,197.00,50,561000
20221116,11:17:00,197.30,150,561000
20221116,11:17:01,197.90,750,561000
20221116,11:17:03,197.90,50,561000
20221116,11:17:04,198.00,1200,561000
20221116,11:17:04,198.20,50,561000
20221116,11:17:05,197.85,1350,561000
20221116,11:17:07,197.90,1850,561000
20221116,11:17:08,198.10,250,561000
20221116,11:17:09,198.15,1400,561000
20221116,11:17:10,198.35,600,561000
20221116,11:17:11,198.80,200,561000
20221116,11:17:12,199.35,200,561000
20221116,11:17:14,200.00,1700,561000
20221116,11:17:15,199.45,600,561000
20221116,11:17:16,199.40,300,561000
20221116,11:17:17,198.30,1000,561000
20221116,11:17:18,198.25,200,561000
20221116,11:17:19,198.50,500,561000
20221116,11:17:20,197.20,200,561000
20221116,11:17:21,197.75,750,561000
20221116,11:17:24,197.40,200,561000
20221116,11:17:25,198.10,650,561000
20221116,11:17:27,197.70,200,561000
20221116,11:17:28,197.30,100,561000
20221116,11:17:29,197.30,50,561000
20221116,11:17:30,197.00,200,561000
20221116,11:17:31,197.40,200,561000
20221116,11:17:33,197.00,50,561000
20221116,11:17:35,197.30,150,561000
20221116,11:17:37,197.05,150,561000
20221116,11:17:39,197.90,150,561000
20221116,11:17:40,198.20,1550,561000
20221116,11:17:40,197.65,300,561000
20221116,11:17:42,198.70,250,561000
20221116,11:17:43,198.35,1000,561000
20221116,11:17:45,198.30,50,561000
20221116,11:17:46,198.50,50,561000
20221116,11:17:47,198.70,350,561000
20221116,11:17:47,197.90,50,561000
20221116,11:17:50,198.00,100,561000
20221116,11:17:50,197.85,50,561000
20221116,11:17:52,197.30,450,561000
20221116,11:17:54,197.80,100,561000
20221116,11:17:55,197.40,50,568250
20221116,11:17:56,197.40,50,568250
20221116,11:17:57,198.00,50,568250
20221116,11:17:59,198.15,100,568250
20221116,11:17:59,198.15,200,568250
20221116,11:18:00,198.45,600,568250
20221116,11:18:02,197.90,350,568250
20221116,11:18:04,197.10,200,568250
20221116,11:18:05,197.50,650,568250
20221116,11:18:06,197.60,50,568250
20221116,11:18:07,197.85,50,568250
20221116,11:18:09,197.60,50,568250
20221116,11:18:12,197.50,50,568250
20221116,11:18:13,197.45,50,568250
20221116,11:18:14,197.00,200,568250
20221116,11:18:15,197.20,100,568250
20221116,11:18:16,197.00,500,568250
20221116,11:18:17,197.00,1000,568250
20221116,11:18:18,196.85,1600,568250
20221116,11:18:19,196.90,1750,568250
20221116,11:18:20,197.25,250,568250
20221116,11:18:21,197.00,200,568250
20221116,11:18:22,196.35,50,568250
20221116,11:18:23,196.50,100,568250
20221116,11:18:24,196.15,400,568250
20221116,11:18:25,195.80,550,568250
20221116,11:18:26,195.70,1450,568250
20221116,11:18:28,195.60,1000,568250
20221116,11:18:29,196.60,250,568250
20221116,11:18:30,196.30,50,568250
20221116,11:18:33,196.35,50,568250
20221116,11:18:34,196.30,100,568250
20221116,11:18:36,195.30,100,568250
20221116,11:18:37,195.45,150,568250
20221116,11:18:39,196.05,50,568250
20221116,11:18:40,196.25,250,568250
20221116,11:18:42,197.05,50,568250
20221116,11:18:43,196.90,50,568250
20221116,11:18:44,197.50,700,568250
20221116,11:18:46,196.20,150,568250
20221116,11:18:48,196.40,50,568250
20221116,11:18:49,196.80,100,568250
20221116,11:18:52,197.30,100,568250
20221116,11:18:53,197.40,50,568250
20221116,11:18:54,197.80,50,568250
20221116,11:18:55,198.15,550,568250
20221116,11:18:56,198.10,250,568250
20221116,11:18:57,198.50,100,568250
20221116,11:18:59,197.15,150,568250
20221116,11:19:04,197.10,200,568250
20221116,11:19:05,196.95,100,568250
20221116,11:19:05,197.25,50,568250
20221116,11:19:09,197.00,100,568250
20221116,11:19:10,196.60,300,568250
20221116,11:19:11,196.95,50,568250
20221116,11:19:12,196.40,50,568250
20221116,11:19:13,197.40,1000,568250
20221116,11:19:14,196.95,50,568250
20221116,11:19:15,197.30,100,568250
20221116,11:19:16,198.00,200,568250
20221116,11:19:19,198.40,250,568250
20221116,11:19:20,198.80,50,568250
20221116,11:19:21,198.80,300,568250
20221116,11:19:23,198.60,450,568250
20221116,11:19:24,197.80,300,568250
20221116,11:19:25,197.25,50,568250
20221116,11:19:26,197.05,50,568250
20221116,11:19:28,197.75,100,568250
20221116,11:19:30,197.95,50,568250
20221116,11:19:35,197.95,350,568250
20221116,11:19:38,197.75,50,568250
20221116,11:19:41,197.70,1500,568250
20221116,11:19:42,198.30,100,568250
20221116,11:19:44,198.70,100,568250
20221116,11:19:46,198.60,300,568250
20221116,11:19:49,198.80,50,568250
20221116,11:19:51,198.50,50,568250
20221116,11:19:54,198.60,50,568250
20221116,11:19:55,198.80,100,568250
20221116,11:19:56,198.45,50,568250
20221116,11:19:57,198.60,50,568250
20221116,11:19:59,199.00,50,568250
20221116,11:20:00,199.25,350,568250
20221116,11:20:02,198.35,50,568250
20221116,11:20:03,198.50,150,568250
20221116,11:20:06,197.70,450,568250
20221116,11:20:07,197.95,200,568250
20221116,11:20:10,198.00,150,568250
20221116,11:20:11,197.70,50,568250
20221116,11:20:13,197.65,100,568250
20221116,11:20:15,198.40,50,568250
20221116,11:20:17,198.70,50,568250
20221116,11:20:18,198.30,100,568250
20221116,11:20:19,198.15,50,568250
20221116,11:20:24,197.85,50,568250
20221116,11:20:25,197.90,50,568250
20221116,11:20:30,197.70,600,568250
20221116,11:20:32,198.10,450,568250
20221116,11:20:35,197.30,150,568250
20221116,11:20:36,197.30,50,568250
20221116,11:20:41,198.00,250,568250
20221116,11:20:42,197.55,50,568250
20221116,11:20:43,197.20,100,568250
20221116,11:20:44,197.45,550,568250
20221116,11:20:46,197.80,100,568250
20221116,11:20:52,196.70,250,568250
20221116,11:20:53,197.00,350,568250
20221116,11:20:54,197.45,50,568250
20221116,11:20:56,197.40,500,564150
20221116,11:20:57,197.00,400,564150
20221116,11:20:58,196.70,100,564150
20221116,11:21:00,197.40,50,564150
20221116,11:21:05,196.00,300,564150
20221116,11:21:08,195.80,250,564150
20221116,11:21:10,196.75,50,564150
20221116,11:21:11,196.30,50,564150
20221116,11:21:12,196.75,50,564150
20221116,11:21:13,196.55,50,564150
20221116,11:21:16,196.45,100,564150
20221116,11:21:21,197.00,50,564150
20221116,11:21:25,196.35,100,564150
20221116,11:21:28,196.30,50,564150
20221116,11:21:37,196.50,1000,564150
20221116,11:21:45,197.00,100,564150
20221116,11:21:48,197.40,150,564150
20221116,11:21:49,197.85,50,564150
20221116,11:21:51,197.30,200,564150
20221116,11:21:52,198.00,200,564150
20221116,11:21:53,197.50,150,564150
20221116,11:21:56,197.85,400,564150
20221116,11:21:58,197.30,100,564150
20221116,11:22:01,196.90,450,564150
20221116,11:22:02,197.50,50,564150
20221116,11:22:04,197.50,100,564150
20221116,11:22:07,197.10,1250,564150
20221116,11:22:10,197.05,100,564150
20221116,11:22:12,197.25,50,564150
20221116,11:22:15,197.50,50,564150
20221116,11:22:16,198.10,450,564150
20221116,11:22:17,197.75,500,564150
20221116,11:22:18,198.00,400,564150
20221116,11:22:19,198.30,150,564150
20221116,11:22:20,198.60,250,564150
20221116,11:22:21,198.00,150,564150
20221116,11:22:23,198.70,50,564150
20221116,11:22:24,198.35,50,564150
20221116,11:22:25,198.00,200,564150
20221116,11:22:28,198.25,50,564150
20221116,11:22:29,197.65,100,564150
20221116,11:22:30,197.50,100,564150
20221116,11:22:31,197.85,50,564150
20221116,11:22:37,197.35,350,564150
20221116,11:22:38,197.55,50,564150
20221116,11:22:39,197.55,200,564150
20221116,11:22:40,197.80,50,564150
20221116,11:22:41,197.50,50,564150
20221116,11:22:43,197.15,400,564150
20221116,11:22:46,196.85,500,564150
20221116,11:22:48,196.50,200,564150
20221116,11:22:50,196.25,150,564150
20221116,11:22:52,197.00,700,564150
20221116,11:22:53,197.10,200,564150
20221116,11:23:00,197.40,150,564150
20221116,11:23:04,197.40,100,564150
20221116,11:23:09,196.20,150,564150
20221116,11:23:10,196.20,150,564150
20221116,11:23:11,195.50,50,564150
20221116,11:23:12,195.85,6600,564150
20221116,11:23:14,194.80,500,564150
20221116,11:23:16,194.90,50,564150
20221116,11:23:17,195.20,200,564150
20221116,11:23:18,195.25,100,564150
20221116,11:23:19,196.50,100,564150
20221116,11:23:25,196.15,50,564150
20221116,11:23:27,195.55,100,564150
20221116,11:23:28,195.95,100,564150
20221116,11:23:29,195.85,100,564150
20221116,11:23:36,196.05,100,564150
20221116,11:23:38,196.30,1800,564150
20221116,11:23:40,196.00,250,564150
20221116,11:23:42,197.05,650,564150
20221116,11:23:44,197.40,350,564150
20221116,11:23:54,197.10,50,564150
20221116,11:23:57,196.95,50,561850
20221116,11:23:59,197.00,50,561850
20221116,11:24:02,197.00,100,561850
20221116,11:24:03,197.10,50,561850
20221116,11:24:04,197.70,700,561850
20221116,11:24:05,198.00,350,561850
20221116,11:24:09,198.35,500,561850
20221116,11:24:10,198.40,50,561850
20221116,11:24:11,197.60,150,561850
20221116,11:24:13,197.45,50,561850
20221116,11:24:14,197.50,1100,561850
20221116,11:24:16,197.40,250,561850
20221116,11:24:18,198.05,50,561850
20221116,11:24:19,197.40,50,561850
20221116,11:24:25,197.45,50,561850
20221116,11:24:27,197.50,50,561850
20221116,11:24:28,197.30,50,561850
20221116,11:24:32,196.50,1300,561850
20221116,11:24:33,196.60,50,561850
20221116,11:24:34,197.00,50,561850
20221116,11:24:38,195.85,400,561850
20221116,11:24:39,195.75,50,561850
20221116,11:24:41,196.10,250,561850
20221116,11:24:44,195.65,50,561850
20221116,11:24:54,195.90,300,561850
20221116,11:24:56,196.35,150,561850
20221116,11:25:00,196.15,50,561850
20221116,11:25:01,196.60,50,561850
20221116,11:25:03,196.75,100,561850
20221116,11:25:07,195.00,450,561850
20221116,11:25:10,195.00,150,561850
20221116,11:25:12,194.00,300,561850
20221116,11:25:16,194.45,50,561850
20221116,11:25:18,194.20,2500,561850
20221116,11:25:20,193.55,150,561850
20221116,11:25:22,193.25,200,561850
20221116,11:25:24,193.75,50,561850
20221116,11:25:25,193.35,50,561850
20221116,11:25:27,194.00,200,561850
20221116,11:25:28,193.60,50,561850
20221116,11:25:30,193.15,100,561850
20221116,11:25:32,193.85,150,561850
20221116,11:25:37,193.40,50,561850
20221116,11:25:40,194.25,50,561850
20221116,11:25:41,193.85,50,561850
20221116,11:25:44,194.50,150,561850
20221116,11:25:50,193.30,50,561850
20221116,11:25:58,193.35,50,561850
20221116,11:25:59,193.45,50,561850
20221116,11:26:00,193.25,100,561850
20221116,11:26:01,192.50,2000,561850
20221116,11:26:03,192.50,50,561850
20221116,11:26:05,192.95,750,561850
20221116,11:26:06,192.55,50,561850
20221116,11:26:08,191.80,950,561850
20221116,11:26:10,191.80,500,561850
20221116,11:26:11,191.55,600,561850
20221116,11:26:12,191.60,1300,561850
20221116,11:26:13,191.05,900,561850
20221116,11:26:14,190.80,650,561850
20221116,11:26:15,191.35,200,561850
20221116,11:26:16,191.35,550,561850
20221116,11:26:17,191.25,100,561850
20221116,11:26:18,191.80,50,561850
20221116,11:26:20,192.00,200,561850
20221116,11:26:22,191.90,50,561850
20221116,11:26:23,191.65,200,561850
20221116,11:26:24,191.45,250,561850
20221116,11:26:27,191.20,50,561850
20221116,11:26:31,191.25,100,561850
20221116,11:26:33,191.45,50,561850
20221116,11:26:34,191.50,50,561850
20221116,11:26:37,192.00,250,561850
20221116,11:26:38,192.75,50,561850
20221116,11:26:45,194.70,1500,561850
20221116,11:26:51,193.65,50,561850
20221116,11:26:59,192.35,100,567100
20221116,11:27:00,192.35,100,567100
20221116,11:27:05,191.90,50,567100
20221116,11:27:06,192.80,150,567100
20221116,11:27:09,192.40,250,567100
20221116,11:27:11,191.70,250,567100
20221116,11:27:17,192.15,50,567100
20221116,11:27:21,192.10,50,567100
20221116,11:27:24,192.80,50,567100
20221116,11:27:28,192.55,50,567100
20221116,11:27:31,192.10,50,567100
20221116,11:27:32,191.95,50,567100
20221116,11:27:33,191.35,50,567100
20221116,11:27:35,191.95,50,567100
20221116,11:27:38,191.65,100,567100
20221116,11:27:40,192.30,100,567100
20221116,11:27:41,192.55,50,567100
20221116,11:27:44,193.00,200,567100
20221116,11:27:46,193.75,200,567100
20221116,11:27:48,194.20,1800,567100
20221116,11:27:52,194.30,150,567100
20221116,11:27:55,194.40,1100,567100
20221116,11:28:09,194.70,350,567100
20221116,11:28:10,195.00,1450,567100
20221116,11:28:11,195.35,50,567100
20221116,11:28:12,196.00,150,567100
20221116,11:28:15,195.25,300,567100
20221116,11:28:17,195.95,50,567100
20221116,11:28:18,196.00,100,567100
20221116,11:28:20,195.00,100,567100
20221116,11:28:28,196.10,50,567100
20221116,11:28:36,196.00,150,567100
20221116,11:28:38,196.25,50,567100
20221116,11:28:40,195.85,100,567100
20221116,11:28:41,195.30,100,567100
20221116,11:28:42,196.05,150,567100
20221116,11:28:44,195.80,50,567100
20221116,11:28:48,196.00,50,567100
20221116,11:28:49,196.25,100,567100
20221116,11:28:50,196.70,350,567100
20221116,11:28:51,196.70,200,567100
20221116,11:28:54,196.70,50,567100
20221116,11:28:56,196.60,100,567100
20221116,11:28:58,196.95,150,567100
20221116,11:29:01,196.70,1250,567100
20221116,11:29:03,196.60,150,567100
20221116,11:29:05,196.15,250,567100
20221116,11:29:06,196.35,100,567100
20221116,11:29:08,196.60,500,567100
20221116,11:29:10,196.40,50,567100
20221116,11:29:11,196.90,50,567100
20221116,11:29:13,197.80,200,567100
20221116,11:29:16,197.50,50,567100
20221116,11:29:19,197.80,300,567100
20221116,11:29:25,196.55,50,567100
20221116,11:29:26,197.05,50,567100
20221116,11:29:27,196.40,10050,567100
20221116,11:29:31,197.80,100,567100
20221116,11:29:38,198.00,2350,567100
20221116,11:29:40,198.15,200,567100
20221116,11:29:41,198.50,50,567100
20221116,11:29:42,199.50,450,567100
20221116,11:29:45,199.00,750,567100
20221116,11:29:46,198.10,950,567100
20221116,11:29:48,198.75,750,567100
20221116,11:29:50,199.25,150,567100
20221116,11:29:54,198.15,50,567100
20221116,11:29:56,198.50,1150,558000
20221116,11:29:57,197.60,1400,558000
20221116,11:29:58,197.40,450,558000
20221116,11:29:58,197.30,100,558000
20221116,11:29:59,197.70,100,558000
20221116,11:30:00,196.85,1100,558000
20221116,11:30:02,196.75,1450,558000
20221116,11:30:03,196.80,100,558000
20221116,11:30:05,197.50,500,558000
20221116,11:30:08,197.10,50,558000
20221116,11:30:09,197.50,550,558000
20221116,11:30:10,197.25,150,558000
20221116,11:30:17,195.45,1050,558000
20221116,11:30:21,195.30,200,558000
20221116,11:30:22,195.00,200,558000
20221116,11:30:22,195.00,1000,558000
20221116,11:30:27,195.70,100,558000
20221116,11:30:28,194.85,300,558000
20221116,11:30:28,195.15,600,558000
20221116,11:30:31,194.75,200,558000
20221116,11:30:34,195.80,1000,558000
20221116,11:30:35,196.00,50,558000
20221116,11:30:37,195.40,50,558000
20221116,11:30:38,195.80,50,558000
20221116,11:30:46,195.60,50,558000
20221116,11:30:49,196.20,1800,558000
20221116,11:30:51,195.55,100,558000
20221116,11:30:53,195.70,50,558000
20221116,11:31:01,196.70,200,558000
20221116,11:31:05,196.70,50,558000
20221116,11:31:06,196.65,250,558000
20221116,11:31:12,196.75,150,558000
20221116,11:31:15,196.05,100,558000
20221116,11:31:16,196.15,100,558000
20221116,11:31:22,197.40,300,558000
20221116,11:31:26,198.00,100,558000
20221116,11:31:29,197.50,50,558000
20221116,11:31:31,197.05,50,558000
20221116,11:31:32,197.00,50,558000
20221116,11:31:36,196.75,100,558000
20221116,11:31:39,196.80,50,558000
20221116,11:31:41,197.05,50,558000
20221116,11:31:44,197.00,50,558000
20221116,11:31:48,196.90,200,558000
20221116,11:31:50,197.80,50,558000
20221116,11:31:51,198.00,100,558000
20221116,11:31:54,198.20,250,558000
20221116,11:31:57,199.00,100,558000
20221116,11:31:58,199.00,150,558000
20221116,11:32:00,198.35,100,558000
20221116,11:32:01,198.15,1000,558000
20221116,11:32:02,198.65,150,558000
20221116,11:32:03,199.00,1200,558000
20221116,11:32:06,198.20,50,558000
20221116,11:32:08,198.40,500,558000
20221116,11:32:14,198.00,100,558000
20221116,11:32:15,197.25,50,558000
20221116,11:32:16,198.05,500,558000
20221116,11:32:18,198.40,50,558000
20221116,11:32:22,198.50,600,558000
20221116,11:32:25,198.40,50,558000
20221116,11:32:26,198.00,500,558000
20221116,11:32:32,197.45,50,558000
20221116,11:32:33,197.60,50,558000
20221116,11:32:36,198.25,400,558000
20221116,11:32:37,198.20,100,558000
20221116,11:32:38,197.90,200,558000
20221116,11:32:40,197.70,50,558000
20221116,11:33:05,198.00,200,558650
20221116,11:33:06,199.60,1350,558650
20221116,11:33:07,200.60,13850,558650
20221116,11:33:11,201.75,50,558650
20221116,11:33:13,204.75,1850,558650
20221116,11:33:14,204.30,1600,558650
20221116,11:33:15,204.20,650,558650
20221116,11:33:16,205.10,5500,558650
20221116,11:33:17,205.50,1250,558650
20221116,11:33:18,205.45,1050,558650
20221116,11:33:19,205.50,1050,558650
20221116,11:33:20,205.60,150,558650
20221116,11:33:21,205.95,6950,558650
20221116,11:33:22,205.15,3100,558650
20221116,11:33:24,204.60,50,558650
20221116,11:33:26,204.50,500,558650
20221116,11:33:27,204.55,100,558650
20221116,11:33:29,204.60,1700,558650
20221116,11:33:31,206.00,2150,558650
20221116,11:33:32,206.50,500,558650
20221116,11:33:33,207.00,6450,558650
20221116,11:33:34,206.00,150,558650
20221116,11:33:35,206.05,350,558650
20221116,11:33:36,207.30,1850,558650
20221116,11:33:37,207.00,200,558650
20221116,11:33:38,207.10,250,558650
20221116,11:33:40,206.25,400,558650
20221116,11:33:41,206.55,1300,558650
20221116,11:33:42,204.70,1200,558650
20221116,11:33:45,204.60,350,558650
20221116,11:33:46,205.95,550,558650
20221116,11:33:48,206.25,1550,558650
20221116,11:33:50,206.35,150,558650
20221116,11:33:51,206.55,350,558650
20221116,11:33:52,206.10,450,558650
20221116,11:33:53,205.85,600,558650
20221116,11:33:54,205.65,100,558650
20221116,11:33:56,205.55,200,558650
20221116,11:33:58,206.65,2850,558650
20221116,11:33:59,207.00,200,558650
20221116,11:34:00,207.10,400,558650
20221116,11:34:02,208.05,2650,558650
20221116,11:34:04,211.00,14100,558650
20221116,11:34:05,210.75,2400,558650
20221116,11:34:06,210.25,1900,558650
20221116,11:34:07,210.15,300,558650
20221116,11:34:08,209.70,150,558650
20221116,11:34:09,208.90,750,558650
20221116,11:34:10,210.00,1100,558650
20221116,11:34:11,209.80,150,558650
20221116,11:34:12,210.30,350,558650
20221116,11:34:13,208.75,1550,558650
20221116,11:34:14,208.30,100,558650
20221116,11:34:15,209.35,800,558650
20221116,11:34:16,209.25,150,558650
20221116,11:34:17,208.65,1200,558650
20221116,11:34:18,208.60,50,558650
20221116,11:34:19,209.05,250,558650
20221116,11:34:20,208.70,1950,558650
20221116,11:34:21,208.85,200,558650
20221116,11:34:22,208.95,250,558650
20221116,11:34:24,209.00,700,558650
20221116,11:34:25,208.50,300,558650
20221116,11:34:26,208.45,500,558650
20221116,11:34:27,208.00,2050,558650
20221116,11:34:28,207.55,1850,558650
20221116,11:34:29,207.00,1750,558650
20221116,11:34:32,208.00,300,558650
20221116,11:34:33,207.70,450,558650
20221116,11:34:34,208.00,550,558650
20221116,11:34:35,208.00,900,558650
20221116,11:34:36,209.00,250,558650
20221116,11:34:37,209.20,250,558650
20221116,11:34:39,209.30,1300,558650
20221116,11:34:40,209.60,250,558650
20221116,11:34:41,208.85,250,558650
20221116,11:34:42,208.40,50,558650
20221116,11:34:43,208.60,200,558650
20221116,11:34:44,208.85,50,558650
20221116,11:34:45,208.35,150,558650
20221116,11:34:46,208.80,1850,558650
20221116,11:34:47,208.65,450,558650
20221116,11:34:48,209.05,1900,558650
20221116,11:34:49,209.55,100,558650
20221116,11:34:51,209.40,50,558650
20221116,11:34:53,208.95,100,558650
20221116,11:34:55,209.00,600,558650
20221116,11:34:56,209.05,650,558650
20221116,11:34:58,207.55,2350,558650
20221116,11:34:59,207.50,1500,558650
20221116,11:35:00,206.90,400,558650
20221116,11:35:01,206.35,1900,558650
20221116,11:35:02,207.00,1100,558650
20221116,11:35:03,206.85,100,558650
20221116,11:35:04,207.10,50,558650
20221116,11:35:05,206.45,350,558650
20221116,11:35:06,205.90,200,558650
20221116,11:35:07,205.40,1150,558650
20221116,11:35:11,206.00,1100,558650
20221116,11:35:12,206.80,50,558650
20221116,11:35:15,205.80,50,558650
20221116,11:35:16,205.85,100,558650
20221116,11:35:17,206.45,350,558650
20221116,11:35:18,206.30,1500,558650
20221116,11:35:19,206.90,900,558650
20221116,11:35:21,205.90,200,558650
20221116,11:35:23,205.25,50,558650
20221116,11:35:24,205.00,150,558650
20221116,11:35:29,206.00,1150,558650
20221116,11:35:30,206.10,100,558650
20221116,11:35:34,206.00,500,558650
20221116,11:35:35,205.90,50,558650
20221116,11:35:36,205.50,150,558650
20221116,11:35:37,205.15,100,558650
20221116,11:35:38,204.90,250,558650
20221116,11:35:41,206.00,50,558650
20221116,11:35:42,205.65,700,558650
20221116,11:35:44,205.20,100,558650
20221116,11:35:45,205.30,150,558650
20221116,11:35:46,205.15,600,558650
20221116,11:35:48,205.95,100,558650
20221116,11:35:50,206.75,200,558650
20221116,11:35:52,206.00,500,558650
20221116,11:35:54,206.15,50,558650
20221116,11:35:57,205.75,100,540350
20221116,11:35:59,205.75,50,540350
20221116,11:36:01,205.30,250,540350
20221116,11:36:03,204.55,150,540350
20221116,11:36:04,205.00,50,540350
20221116,11:36:07,204.50,600,540350
20221116,11:36:09,203.55,2750,540350
20221116,11:36:12,203.85,1000,540350
20221116,11:36:14,204.10,100,540350
20221116,11:36:17,204.25,150,540350
20221116,11:36:18,205.00,1950,540350
20221116,11:36:19,205.40,500,540350
20221116,11:36:20,206.30,1050,540350
20221116,11:36:22,205.95,100,540350
20221116,11:36:23,205.85,50,540350
20221116,11:36:27,205.60,1100,540350
20221116,11:36:29,205.35,150,540350
20221116,11:36:30,205.20,100,540350
20221116,11:36:33,204.30,50,540350
20221116,11:36:34,204.30,50,540350
20221116,11:36:35,203.60,100,540350
20221116,11:36:37,203.60,150,540350
20221116,11:36:42,203.20,50,540350
20221116,11:36:45,204.35,100,540350
20221116,11:36:49,203.35,50,540350
20221116,11:36:50,203.45,50,540350
20221116,11:36:51,203.10,100,540350
20221116,11:36:53,203.35,50,540350
20221116,11:36:56,204.00,200,540350
20221116,11:36:57,204.35,100,540350
20221116,11:36:58,204.45,50,540350
20221116,11:37:00,204.45,200,540350
20221116,11:37:02,203.65,1400,540350
20221116,11:37:03,204.15,100,540350
20221116,11:37:09,202.50,200,540350
20221116,11:37:11,201.50,350,540350
20221116,11:37:14,201.30,1150,540350
20221116,11:37:17,201.50,150,540350
20221116,11:37:18,201.35,1050,540350
20221116,11:37:20,201.90,1100,540350
20221116,11:37:21,202.20,150,540350
20221116,11:37:22,202.20,100,540350
20221116,11:37:24,201.75,250,540350
20221116,11:37:25,201.20,850,540350
20221116,11:37:26,200.65,50,540350
20221116,11:37:28,200.80,400,540350
20221116,11:37:29,200.65,50,540350
20221116,11:37:30,202.05,1550,540350
20221116,11:37:34,202.15,1100,540350
20221116,11:37:36,202.05,50,540350
20221116,11:37:38,201.40,150,540350
20221116,11:37:40,201.00,50,540350
20221116,11:37:41,201.60,50,540350
20221116,11:37:43,201.00,450,540350
20221116,11:37:44,201.05,50,540350
20221116,11:37:47,200.55,50,540350
20221116,11:37:50,201.05,300,540350
20221116,11:37:55,201.75,700,540350
20221116,11:37:56,202.00,100,540350
20221116,11:37:58,201.65,50,540350
20221116,11:37:59,202.40,300,540350
20221116,11:38:00,202.25,350,540350
20221116,11:38:02,201.75,200,540350
20221116,11:38:02,201.60,100,540350
20221116,11:38:03,202.95,250,540350
20221116,11:38:04,202.30,300,540350
20221116,11:38:05,202.15,150,540350
20221116,11:38:06,201.45,400,540350
20221116,11:38:08,201.20,750,540350
20221116,11:38:09,201.45,50,540350
20221116,11:38:11,201.80,150,540350
20221116,11:38:12,201.70,50,540350
20221116,11:38:13,201.20,1050,540350
20221116,11:38:18,201.90,300,540350
20221116,11:38:19,202.25,300,540350
20221116,11:38:23,202.30,1800,540350
20221116,11:38:24,201.65,50,540350
20221116,11:38:27,201.75,1800,540350
20221116,11:38:31,201.00,100,540350
20221116,11:38:34,201.65,250,540350
20221116,11:38:35,201.05,100,540350
20221116,11:38:36,201.60,50,540350
20221116,11:38:43,202.00,50,540350
20221116,11:38:44,201.40,200,540350
20221116,11:38:45,201.80,100,540350
20221116,11:38:49,201.10,50,540350
20221116,11:38:50,201.00,50,540350
20221116,11:38:54,200.80,400,540350
20221116,11:38:56,200.80,50,540350
20221116,11:38:57,200.90,2300,540350
20221116,11:38:59,200.85,50,540350
20221116,11:39:00,200.00,350,540350
20221116,11:39:01,199.60,100,539750
20221116,11:39:02,200.00,50,539750
20221116,11:39:03,200.40,1850,539750
20221116,11:39:05,200.40,1150,539750
20221116,11:39:05,200.60,50,539750
20221116,11:39:06,200.35,400,539750
20221116,11:39:07,199.55,750,539750
20221116,11:39:08,199.95,1900,539750
20221116,11:39:14,200.55,100,539750
20221116,11:39:15,201.15,100,539750
20221116,11:39:17,201.30,50,539750
20221116,11:39:19,201.25,50,539750
20221116,11:39:19,201.65,50,539750
20221116,11:39:23,201.40,50,539750
20221116,11:39:24,201.20,100,539750
20221116,11:39:25,200.90,100,539750
20221116,11:39:27,201.00,100,539750
20221116,11:39:32,201.10,50,539750
20221116,11:39:38,200.60,50,539750
20221116,11:39:40,200.20,750,539750
20221116,11:39:42,200.55,1000,539750
20221116,11:39:43,200.10,50,539750
20221116,11:39:45,200.00,900,539750
20221116,11:39:46,200.20,1650,539750
20221116,11:39:47,199.30,1850,539750
20221116,11:39:49,199.30,750,539750
20221116,11:39:50,199.20,750,539750
20221116,11:39:51,199.45,50,539750
20221116,11:39:52,199.10,50,539750
20221116,11:39:55,199.60,50,539750
20221116,11:39:56,199.85,150,539750
20221116,11:39:59,199.85,50,539750
20221116,11:40:01,198.80,1800,539750
20221116,11:40:02,198.00,650,539750
20221116,11:40:03,197.20,300,539750
20221116,11:40:04,197.30,50,539750
20221116,11:40:05,196.95,650,539750
20221116,11:40:06,198.15,350,539750
20221116,11:40:08,197.65,200,539750
20221116,11:40:09,197.20,200,539750
20221116,11:40:11,196.20,1900,539750
20221116,11:40:12,196.00,700,539750
20221116,11:40:13,196.20,2650,539750
20221116,11:40:14,196.65,50,539750
20221116,11:40:16,196.40,50,539750
20221116,11:40:18,196.30,200,539750
20221116,11:40:19,196.40,50,539750
20221116,11:40:21,195.90,50,539750
20221116,11:40:23,195.40,400,539750
20221116,11:40:24,196.00,250,539750
20221116,11:40:25,196.45,50,539750
20221116,11:40:25,196.15,50,539750
20221116,11:40:26,196.40,100,539750
20221116,11:40:27,196.40,350,539750
20221116,11:40:28,196.40,100,539750
20221116,11:40:30,196.25,250,539750
20221116,11:40:31,195.50,1900,539750
20221116,11:40:32,195.30,1950,539750
20221116,11:40:32,195.80,50,539750
20221116,11:40:33,195.60,150,539750
20221116,11:40:34,195.65,200,539750
20221116,11:40:35,196.10,500,539750
20221116,11:40:36,196.20,500,539750
20221116,11:40:39,195.35,100,539750
20221116,11:40:40,195.30,250,539750
20221116,11:40:41,195.65,150,539750
20221116,11:40:41,195.00,500,539750
20221116,11:40:42,195.80,50,539750
20221116,11:40:45,195.00,450,539750
20221116,11:40:46,195.00,150,539750
20221116,11:40:49,194.90,100,539750
20221116,11:40:51,194.50,450,539750
20221116,11:40:52,195.05,50,539750
20221116,11:40:53,194.10,550,539750
20221116,11:40:54,194.20,200,539750
20221116,11:40:54,194.70,50,539750
20221116,11:40:55,194.45,100,539750
20221116,11:40:56,194.65,50,539750
20221116,11:41:01,194.65,150,539750
20221116,11:41:03,194.00,50,539750
20221116,11:41:04,192.90,1350,539750
20221116,11:41:05,193.55,2500,539750
20221116,11:41:07,193.20,250,539750
20221116,11:41:08,193.60,700,539750
20221116,11:41:08,193.90,50,539750
20221116,11:41:10,194.45,200,539750
20221116,11:41:11,193.65,50,539750
20221116,11:41:14,194.95,150,539750
20221116,11:41:15,195.00,650,539750
20221116,11:41:16,194.75,50,539750
20221116,11:41:19,195.15,500,539750
20221116,11:41:21,195.55,100,539750
20221116,11:41:22,195.70,50,539750
20221116,11:41:23,195.65,550,539750
20221116,11:41:25,196.40,150,539750
20221116,11:41:28,196.95,250,539750
20221116,11:41:31,197.15,200,539750
20221116,11:41:32,197.70,50,539750
20221116,11:41:35,197.15,50,539750
20221116,11:41:36,197.10,50,539750
20221116,11:41:37,196.30,300,539750
20221116,11:41:41,196.05,50,539750
20221116,11:41:44,196.00,400,539750
20221116,11:41:45,195.15,200,539750
20221116,11:41:48,195.05,200,539750
20221116,11:41:49,194.85,150,539750
20221116,11:41:52,194.40,500,539750
20221116,11:41:55,194.65,50,539750
20221116,11:41:56,194.55,300,539750
20221116,11:42:01,194.35,100,529100
20221116,11:42:02,194.00,400,529100
20221116,11:42:05,193.55,50,529100
20221116,11:42:08,193.95,550,529100
20221116,11:42:09,193.65,200,529100
20221116,11:42:10,194.20,150,529100
20221116,11:42:12,193.70,50,529100
20221116,11:42:13,193.30,100,529100
20221116,11:42:18,193.00,650,529100
20221116,11:42:19,192.40,300,529100
20221116,11:42:20,192.30,50,529100
20221116,11:42:20,193.00,50,529100
20221116,11:42:22,193.00,700,529100
20221116,11:42:23,193.20,500,529100
20221116,11:42:27,193.40,400,529100
20221116,11:42:28,193.55,1200,529100
20221116,11:42:29,193.10,100,529100
20221116,11:42:31,192.00,150,529100
20221116,11:42:33,191.10,1900,529100
20221116,11:42:33,190.85,700,529100
20221116,11:42:34,190.30,650,529100
20221116,11:42:36,189.40,2900,529100
20221116,11:42:36,190.00,100,529100
20221116,11:42:38,189.15,2150,529100
20221116,11:42:39,189.30,2650,529100
20221116,11:42:40,189.00,50,529100
20221116,11:42:40,189.45,1050,529100
20221116,11:42:43,189.80,50,529100
20221116,11:42:44,189.85,1900,529100
20221116,11:42:45,190.20,50,529100
20221116,11:42:45,190.25,50,529100
20221116,11:42:46,190.60,50,529100
20221116,11:42:48,191.20,600,529100
20221116,11:42:51,192.00,50,529100
20221116,11:42:52,192.15,50,529100
20221116,11:42:53,191.95,100,529100
20221116,11:42:55,191.75,100,529100
20221116,11:42:57,191.95,50,529100
20221116,11:42:58,191.55,150,529100
20221116,11:42:59,192.20,100,529100
20221116,11:43:01,192.30,50,529100
20221116,11:43:02,192.55,250,529100
20221116,11:43:03,192.15,100,529100
20221116,11:43:05,193.10,50,529100
20221116,11:43:07,192.85,200,529100
20221116,11:43:08,192.30,200,529100
20221116,11:43:11,192.40,150,529100
20221116,11:43:12,192.00,100,529100
20221116,11:43:13,191.95,300,529100
20221116,11:43:17,191.95,400,529100
20221116,11:43:20,191.80,50,529100
20221116,11:43:22,191.90,250,529100
20221116,11:43:24,191.60,100,529100
20221116,11:43:26,192.30,100,529100
20221116,11:43:29,192.00,50,529100
20221116,11:43:30,191.80,150,529100
20221116,11:43:31,192.30,50,529100
20221116,11:43:32,191.95,100,529100
20221116,11:43:36,192.65,550,529100
20221116,11:43:41,191.65,100,529100
20221116,11:43:43,191.80,50,529100
20221116,11:43:45,191.35,50,529100
20221116,11:43:46,191.00,750,529100
20221116,11:43:47,190.55,50,529100
20221116,11:43:52,190.50,50,529100
20221116,11:43:54,191.15,500,529100
20221116,11:43:55,191.10,1850,529100
20221116,11:43:56,190.45,200,529100
20221116,11:43:57,190.00,350,529100
20221116,11:44:00,190.65,250,529100
20221116,11:44:01,190.10,50,529100
20221116,11:44:03,190.10,650,529100
20221116,11:44:04,190.95,350,529100
20221116,11:44:07,190.00,200,529100
20221116,11:44:09,190.20,50,529100
20221116,11:44:12,189.55,800,529100
20221116,11:44:16,189.00,450,529100
20221116,11:44:17,189.65,50,529100
20221116,11:44:18,189.70,150,529100
20221116,11:44:19,189.30,100,529100
20221116,11:44:22,188.70,900,529100
20221116,11:44:24,188.50,450,529100
20221116,11:44:25,189.05,250,529100
20221116,11:44:26,187.60,700,529100
20221116,11:44:27,187.75,650,529100
20221116,11:44:28,187.00,450,529100
20221116,11:44:30,188.15,150,529100
20221116,11:44:31,187.00,300,529100
20221116,11:44:32,187.00,50,529100
20221116,11:44:33,187.00,50,529100
20221116,11:44:35,187.90,150,529100
20221116,11:44:36,187.55,300,529100
20221116,11:44:37,187.00,550,529100
20221116,11:44:39,186.90,150,529100
20221116,11:44:40,187.00,150,529100
20221116,11:44:41,187.25,250,529100
20221116,11:44:42,187.30,50,529100
20221116,11:44:43,187.75,650,529100
20221116,11:44:44,187.20,100,529100
20221116,11:44:45,187.65,1650,529100
20221116,11:44:47,187.85,700,529100
20221116,11:44:48,187.60,50,529100
20221116,11:44:49,187.30,200,529100
20221116,11:44:50,187.75,50,529100
20221116,11:44:53,187.75,100,529100
20221116,11:44:55,187.10,1200,529100
20221116,11:44:56,186.10,250,529100
20221116,11:44:57,187.10,100,529100
20221116,11:44:58,187.50,100,529100
20221116,11:44:59,186.80,150,529100
20221116,11:45:01,187.05,550,529100
20221116,11:45:02,184.55,4100,530900
20221116,11:45:03,184.30,750,530900
20221116,11:45:04,184.60,750,530900
20221116,11:45:05,183.60,400,530900
20221116,11:45:06,184.35,100,530900
20221116,11:45:08,185.00,1400,530900
20221116,11:45:09,185.15,150,530900
20221116,11:45:10,185.25,250,530900
20221116,11:45:11,185.35,100,530900
20221116,11:45:12,186.30,100,530900
20221116,11:45:13,185.15,350,530900
20221116,11:45:14,185.70,150,530900
20221116,11:45:15,185.00,250,530900
20221116,11:45:16,184.85,150,530900
20221116,11:45:17,184.65,100,530900
20221116,11:45:18,184.00,250,530900
20221116,11:45:20,184.85,50,530900
20221116,11:45:21,184.80,50,530900
20221116,11:45:22,184.80,50,530900
20221116,11:45:24,184.65,300,530900
20221116,11:45:25,184.85,100,530900
20221116,11:45:26,184.50,400,530900
20221116,11:45:27,183.65,150,530900
20221116,11:45:29,183.65,750,530900
20221116,11:45:31,184.15,50,530900
20221116,11:45:32,184.75,250,530900
20221116,11:45:33,185.20,850,530900
20221116,11:45:35,185.40,200,530900
20221116,11:45:37,185.00,1500,530900
20221116,11:45:38,184.50,100,530900
20221116,11:45:39,184.15,50,530900
20221116,11:45:44,185.00,50,530900
20221116,11:45:45,185.15,50,530900
20221116,11:45:46,185.60,100,530900
20221116,11:45:49,184.20,600,530900
20221116,11:45:50,184.45,500,530900
20221116,11:45:51,184.20,150,530900
20221116,11:45:53,184.50,50,530900
20221116,11:45:54,185.00,100,530900
20221116,11:45:56,185.90,150,530900
20221116,11:45:58,187.00,450,530900
20221116,11:45:59,186.65,600,530900
20221116,11:46:04,186.10,50,530900
20221116,11:46:05,185.65,50,530900
20221116,11:46:07,185.00,200,530900
20221116,11:46:08,184.50,650,530900
20221116,11:46:10,184.90,50,530900
20221116,11:46:12,185.00,300,530900
20221116,11:46:14,185.20,150,530900
20221116,11:46:16,185.65,50,530900
20221116,11:46:17,185.75,1800,530900
20221116,11:46:20,186.45,100,530900
20221116,11:46:21,186.15,150,530900
20221116,11:46:24,187.20,650,530900
20221116,11:46:25,187.35,1050,530900
20221116,11:46:28,187.25,50,530900
20221116,11:46:31,187.45,50,530900
20221116,11:46:32,187.00,50,530900
20221116,11:46:33,187.40,200,530900
20221116,11:46:35,187.35,50,530900
20221116,11:46:37,187.00,550,530900
20221116,11:46:38,187.05,300,530900
20221116,11:46:46,187.90,600,530900
20221116,11:46:47,187.40,100,530900
20221116,11:46:49,188.00,200,530900
20221116,11:46:53,188.35,550,530900
20221116,11:46:55,188.40,100,530900
20221116,11:46:56,188.45,200,530900
20221116,11:46:58,189.00,450,530900
20221116,11:47:00,187.85,650,530900
20221116,11:47:01,187.45,700,530900
20221116,11:47:03,188.40,150,530900
20221116,11:47:05,187.80,100,530900
20221116,11:47:06,187.00,550,530900
20221116,11:47:07,186.60,500,530900
20221116,11:47:09,186.10,650,530900
20221116,11:47:11,187.05,200,530900
20221116,11:47:12,186.35,50,530900
20221116,11:47:13,186.60,250,530900
20221116,11:47:15,186.95,150,530900
20221116,11:47:18,187.05,200,530900
20221116,11:47:20,187.80,150,530900
20221116,11:47:21,187.90,50,530900
20221116,11:47:22,187.90,50,530900
20221116,11:47:27,187.65,50,530900
20221116,11:47:29,188.40,50,530900
20221116,11:47:30,188.10,50,530900
20221116,11:47:31,188.40,50,530900
20221116,11:47:35,189.00,100,530900
20221116,11:47:36,189.40,100,530900
20221116,11:47:37,188.40,550,530900
20221116,11:47:39,188.95,1050,530900
20221116,11:47:40,189.45,150,530900
20221116,11:47:41,189.05,50,530900
20221116,11:47:43,189.50,100,530900
20221116,11:47:49,189.50,500,530900
20221116,11:47:52,189.45,50,530900
20221116,11:47:56,189.95,550,530900
20221116,11:47:57,189.95,400,530900
20221116,11:47:59,189.60,50,530900
20221116,11:48:00,189.70,50,530900
20221116,11:48:01,188.55,200,531300
20221116,11:48:02,188.60,150,531300
20221116,11:48:03,188.80,50,531300
20221116,11:48:05,189.25,200,531300
20221116,11:48:07,188.00,100,531300
20221116,11:48:09,188.35,50,531300
20221116,11:48:10,188.40,50,531300
20221116,11:48:11,187.85,100,531300
20221116,11:48:13,188.00,100,531300
20221116,11:48:15,187.85,100,531300
20221116,11:48:17,188.10,50,531300
20221116,11:48:20,188.00,50,531300
20221116,11:48:22,187.15,50,531300
20221116,11:48:23,187.50,450,531300
20221116,11:48:25,188.15,250,531300
20221116,11:48:28,187.20,250,531300
20221116,11:48:29,187.20,100,531300
20221116,11:48:34,188.40,450,531300
20221116,11:48:35,189.00,200,531300
20221116,11:48:36,189.25,500,531300
20221116,11:48:38,188.85,100,531300
20221116,11:48:41,188.85,200,531300
20221116,11:48:48,188.30,50,531300
20221116,11:48:49,188.60,250,531300
20221116,11:48:55,188.50,100,531300
20221116,11:48:59,187.95,50,531300
20221116,11:49:02,187.00,200,531300
20221116,11:49:05,187.90,100,531300
20221116,11:49:08,188.00,700,531300
20221116,11:49:10,187.55,250,531300
20221116,11:49:12,186.85,2100,531300
20221116,11:49:16,186.20,150,531300
20221116,11:49:17,185.75,200,531300
20221116,11:49:19,186.05,550,531300
20221116,11:49:20,186.30,100,531300
20221116,11:49:21,185.65,250,531300
20221116,11:49:24,185.60,100,531300
20221116,11:49:25,185.00,200,531300
20221116,11:49:26,184.50,50,531300
20221116,11:49:28,184.90,50,531300
20221116,11:49:31,182.60,7200,531300
20221116,11:49:32,182.65,900,531300
20221116,11:49:33,183.25,950,531300
20221116,11:49:34,182.75,150,531300
20221116,11:49:35,181.95,150,531300
20221116,11:49:36,183.00,100,531300
20221116,11:49:37,182.30,150,531300
20221116,11:49:39,182.40,100,531300
20221116,11:49:41,182.15,250,531300
20221116,11:49:42,182.00,250,531300
20221116,11:49:43,181.85,300,531300
20221116,11:49:44,181.60,250,531300
20221116,11:49:45,182.25,50,531300
20221116,11:49:46,182.10,100,531300
20221116,11:49:47,180.90,1600,531300
20221116,11:49:48,180.95,100,531300
20221116,11:49:50,181.00,1500,531300
20221116,11:49:51,181.10,100,531300
20221116,11:49:52,181.60,100,531300
20221116,11:49:52,180.90,50,531300
20221116,11:49:53,179.45,8750,531300
20221116,11:49:54,179.70,500,531300
20221116,11:49:55,179.40,1100,531300
20221116,11:49:56,180.00,200,531300
20221116,11:49:57,180.20,400,531300
20221116,11:49:58,180.95,250,531300
20221116,11:50:00,180.00,150,531300
20221116,11:50:02,180.00,50,531300
20221116,11:50:02,180.10,300,531300
20221116,11:50:03,180.00,50,531300
20221116,11:50:06,179.40,700,531300
20221116,11:50:07,179.30,250,531300
20221116,11:50:08,178.00,500,531300
20221116,11:50:09,178.30,100,531300
20221116,11:50:11,178.80,250,531300
20221116,11:50:12,179.80,3200,531300
20221116,11:50:13,179.35,1800,531300
20221116,11:50:14,179.70,50,531300
20221116,11:50:15,180.00,350,531300
20221116,11:50:17,179.85,300,531300
20221116,11:50:19,180.35,50,531300
20221116,11:50:20,180.40,100,531300
20221116,11:50:21,181.20,150,531300
20221116,11:50:22,180.95,50,531300
20221116,11:50:24,180.90,300,531300
20221116,11:50:25,182.00,2450,531300
20221116,11:50:26,181.95,1800,531300
20221116,11:50:27,182.00,50,531300
20221116,11:50:29,180.90,150,531300
20221116,11:50:30,181.05,50,531300
20221116,11:50:31,182.40,1800,531300
20221116,11:50:33,182.50,1900,531300
20221116,11:50:34,182.65,1200,531300
20221116,11:50:35,182.60,400,531300
20221116,11:50:36,182.95,250,531300
20221116,11:50:37,182.60,50,531300
20221116,11:50:38,182.80,150,531300
20221116,11:50:39,183.00,50,531300
20221116,11:50:40,182.95,50,531300
20221116,11:50:47,184.10,100,531300
20221116,11:50:48,184.20,400,531300
20221116,11:50:50,183.70,50,531300
20221116,11:50:51,184.00,200,531300
20221116,11:50:52,183.25,450,531300
20221116,11:50:53,183.65,150,531300
20221116,11:50:56,184.00,50,531300
20221116,11:50:59,184.15,100,531300
20221116,11:50:59,184.25,200,531300
20221116,11:51:01,184.90,400,531300
20221116,11:51:03,184.80,100,523500
20221116,11:51:04,185.00,1600,523500
20221116,11:51:05,184.45,50,523500
20221116,11:51:08,184.10,150,523500
20221116,11:51:09,184.35,300,523500
20221116,11:51:09,184.60,50,523500
20221116,11:51:12,184.00,350,523500
20221116,11:51:13,183.65,200,523500
20221116,11:51:16,183.70,100,523500
20221116,11:51:20,183.50,50,523500
20221116,11:51:22,183.50,1800,523500
20221116,11:51:23,183.00,700,523500
20221116,11:51:23,182.40,400,523500
20221116,11:51:25,183.30,200,523500
20221116,11:51:27,183.50,100,523500
20221116,11:51:28,183.30,500,523500
20221116,11:51:28,183.30,100,523500
20221116,11:51:29,183.45,250,523500
20221116,11:51:30,182.75,750,523500
20221116,11:51:35,182.25,50,523500
20221116,11:51:35,182.00,150,523500
20221116,11:51:36,182.05,50,523500
20221116,11:51:40,181.35,50,523500
20221116,11:51:41,181.30,50,523500
20221116,11:51:42,181.50,1800,523500
20221116,11:51:43,180.60,350,523500
20221116,11:51:45,180.20,150,523500
20221116,11:51:46,180.50,350,523500
20221116,11:51:47,180.00,600,523500
20221116,11:51:48,180.00,3000,523500
20221116,11:51:50,180.70,250,523500
20221116,11:51:51,180.45,200,523500
20221116,11:51:54,180.40,350,523500
20221116,11:51:56,180.15,600,523500
20221116,11:51:56,179.95,50,523500
20221116,11:51:57,180.30,350,523500
20221116,11:52:03,181.30,150,523500
20221116,11:52:04,181.50,50,523500
20221116,11:52:05,181.50,500,523500
20221116,11:52:06,181.20,100,523500
20221116,11:52:07,181.20,1000,523500
20221116,11:52:09,181.20,400,523500
20221116,11:52:10,180.70,50,523500
20221116,11:52:14,181.10,100,523500
20221116,11:52:16,180.30,1800,523500
20221116,11:52:17,179.55,50,523500
20221116,11:52:22,179.05,1000,523500
20221116,11:52:23,179.20,100,523500
20221116,11:52:24,179.70,150,523500
20221116,11:52:25,180.00,350,523500
20221116,11:52:26,180.35,50,523500
20221116,11:52:29,180.90,300,523500
20221116,11:52:31,180.75,100,523500
20221116,11:52:32,180.80,50,523500
20221116,11:52:33,180.75,250,523500
20221116,11:52:34,181.20,100,523500
20221116,11:52:37,180.75,200,523500
20221116,11:52:41,181.30,1000,523500
20221116,11:52:43,182.20,300,523500
20221116,11:52:45,183.00,1800,523500
20221116,11:52:46,183.00,650,523500
20221116,11:52:47,183.20,150,523500
20221116,11:52:49,182.70,50,523500
20221116,11:52:51,183.00,50,523500
20221116,11:52:52,182.75,50,523500
20221116,11:52:53,182.20,50,523500
20221116,11:52:54,182.45,1000,523500
20221116,11:52:55,182.10,50,523500
20221116,11:52:56,182.60,50,523500
20221116,11:53:00,182.95,50,523500
20221116,11:53:02,182.00,100,523500
20221116,11:53:02,181.40,1800,523500
20221116,11:53:04,181.15,150,523500
20221116,11:53:05,181.10,1600,523500
20221116,11:53:08,179.60,400,523500
20221116,11:53:10,178.85,350,523500
20221116,11:53:11,180.05,50,523500
20221116,11:53:12,179.65,50,523500
20221116,11:53:13,179.90,250,523500
20221116,11:53:14,180.35,50,523500
20221116,11:53:15,180.65,50,523500
20221116,11:53:16,181.15,100,523500
20221116,11:53:17,181.25,100,523500
20221116,11:53:18,180.45,50,523500
20221116,11:53:19,180.10,300,523500
20221116,11:53:19,180.30,50,523500
20221116,11:53:21,180.45,50,523500
20221116,11:53:22,180.55,200,523500
20221116,11:53:23,181.00,550,523500
20221116,11:53:24,180.70,50,523500
20221116,11:53:26,180.45,100,523500
20221116,11:53:26,181.10,50,523500
20221116,11:53:27,180.90,150,523500
20221116,11:53:29,181.10,50,523500
20221116,11:53:30,181.10,500,523500
20221116,11:53:31,180.90,100,523500
20221116,11:53:32,180.95,50,523500
20221116,11:53:33,180.40,150,523500
20221116,11:53:35,181.00,350,523500
20221116,11:53:36,181.30,300,523500
20221116,11:53:38,181.25,100,523500
20221116,11:53:39,181.35,200,523500
20221116,11:53:41,181.40,100,523500
20221116,11:53:41,181.35,50,523500
20221116,11:53:43,180.95,150,523500
20221116,11:53:43,180.50,250,523500
20221116,11:53:45,181.30,150,523500
20221116,11:53:46,181.00,50,523500
20221116,11:53:49,181.05,100,523500
20221116,11:53:51,181.05,1200,523500
20221116,11:53:55,181.70,50,523500
20221116,11:53:57,181.85,1250,523500
20221116,11:54:01,180.05,1950,523500
20221116,11:54:02,180.15,200,526300
20221116,11:54:05,182.00,450,526300
20221116,11:54:08,182.45,200,526300
20221116,11:54:09,182.90,50,526300
20221116,11:54:10,182.80,1050,526300
20221116,11:54:13,183.05,400,526300
20221116,11:54:15,183.70,50,526300
20221116,11:54:16,184.00,150,526300
20221116,11:54:17,183.40,250,526300
20221116,11:54:19,183.85,150,526300
20221116,11:54:20,183.90,450,526300
20221116,11:54:21,183.95,100,526300
20221116,11:54:22,183.40,100,526300
20221116,11:54:24,183.00,50,526300
20221116,11:54:29,183.60,300,526300
20221116,11:54:30,183.50,150,526300
20221116,11:54:31,183.60,150,526300
20221116,11:54:37,183.00,50,526300
20221116,11:54:38,182.70,50,526300
20221116,11:54:42,182.25,250,526300
20221116,11:54:43,182.20,1600,526300
20221116,11:54:46,181.55,50,526300
20221116,11:54:47,181.25,200,526300
20221116,11:54:48,181.50,150,526300
20221116,11:54:49,181.65,200,526300
20221116,11:54:50,182.00,100,526300
20221116,11:54:51,182.05,150,526300
20221116,11:54:53,181.80,50,526300
20221116,11:54:54,182.30,50,526300
20221116,11:54:56,182.00,50,526300
20221116,11:54:58,182.90,100,526300
20221116,11:54:59,183.00,150,526300
20221116,11:55:00,182.90,50,526300
20221116,11:55:01,183.45,1850,526300
20221116,11:55:13,183.25,50,526300
20221116,11:55:16,183.15,100,526300
20221116,11:55:17,183.25,50,526300
20221116,11:55:18,182.95,50,526300
20221116,11:55:22,182.50,50,526300
20221116,11:55:23,181.45,100,526300
20221116,11:55:35,181.85,50,526300
20221116,11:55:36,182.00,50,526300
20221116,11:55:40,181.70,150,526300
20221116,11:55:41,181.65,50,526300
20221116,11:55:47,181.10,100,526300
20221116,11:55:50,181.55,50,526300
20221116,11:55:53,181.50,50,526300
20221116,11:55:56,181.00,50,526300
20221116,11:55:57,180.30,50,526300
20221116,11:55:58,179.70,1350,526300
20221116,11:55:59,179.95,500,526300
20221116,11:56:00,181.05,50,526300
20221116,11:56:02,180.55,300,526300
20221116,11:56:03,180.70,50,526300
20221116,11:56:04,181.30,200,526300
20221116,11:56:06,181.35,100,526300
20221116,11:56:09,181.20,50,526300
20221116,11:56:11,181.85,50,526300
20221116,11:56:15,182.20,50,526300
20221116,11:56:16,182.00,750,526300
20221116,11:56:17,182.20,100,526300
20221116,11:56:18,181.95,100,526300
20221116,11:56:19,182.30,150,526300
20221116,11:56:20,183.40,1800,526300
20221116,11:56:26,183.30,50,526300
20221116,11:56:27,183.35,100,526300
20221116,11:56:29,183.30,100,526300
20221116,11:56:30,183.50,150,526300
20221116,11:56:31,183.35,300,526300
20221116,11:56:32,183.50,1050,526300
20221116,11:56:34,183.90,200,526300
20221116,11:56:36,183.65,50,526300
20221116,11:56:37,183.60,800,526300
20221116,11:56:38,183.90,1300,526300
20221116,11:56:40,183.15,50,526300
20221116,11:56:45,182.40,50,526300
20221116,11:56:46,182.50,400,526300
20221116,11:56:47,182.30,100,526300
20221116,11:56:48,183.00,50,526300
20221116,11:56:50,182.95,550,526300
20221116,11:56:52,183.05,50,526300
20221116,11:56:53,182.95,100,526300
20221116,11:56:54,183.15,150,526300
20221116,11:56:56,183.15,300,526300
20221116,11:56:57,182.80,100,526300
20221116,11:57:00,182.80,1850,526300
20221116,11:57:01,182.30,1000,526300
20221116,11:57:02,181.35,200,526300
20221116,11:57:03,181.40,50,526300
20221116,11:57:05,181.50,500,526700
20221116,11:57:06,181.35,1050,526700
20221116,11:57:08,180.65,250,526700
20221116,11:57:10,180.65,50,526700
20221116,11:57:11,181.20,150,526700
20221116,11:57:14,180.80,550,526700
20221116,11:57:19,181.30,150,526700
20221116,11:57:21,180.80,150,526700
20221116,11:57:22,181.30,350,526700
20221116,11:57:23,181.15,50,526700
20221116,11:57:25,180.85,700,526700
20221116,11:57:26,180.75,250,526700
20221116,11:57:28,181.45,150,526700
20221116,11:57:38,181.30,50,526700
20221116,11:57:39,181.55,1550,526700
20221116,11:57:42,181.00,500,526700
20221116,11:57:44,181.30,4500,526700
20221116,11:57:45,180.50,100,526700
20221116,11:57:46,179.00,2700,526700
20221116,11:57:48,178.95,100,526700
20221116,11:57:49,178.45,50,526700
20221116,11:57:50,180.10,300,526700
20221116,11:57:51,180.85,1800,526700
20221116,11:57:52,179.45,900,526700
20221116,11:57:53,180.15,50,526700
20221116,11:57:56,180.45,1000,526700
20221116,11:58:03,181.00,150,526700
20221116,11:58:06,180.95,50,526700
20221116,11:58:07,180.80,500,526700
20221116,11:58:08,181.00,250,526700
20221116,11:58:09,180.50,200,526700
20221116,11:58:10,181.05,50,526700
20221116,11:58:12,180.60,250,526700
20221116,11:58:13,181.40,50,526700
20221116,11:58:14,181.25,500,526700
20221116,11:58:15,181.35,50,526700
20221116,11:58:17,181.75,150,526700
20221116,11:58:20,181.60,50,526700
20221116,11:58:21,181.90,100,526700
20221116,11:58:30,181.30,50,526700
20221116,11:58:33,180.50,200,526700
20221116,11:58:37,180.90,1700,526700
20221116,11:58:39,181.50,50,526700
20221116,11:58:41,180.90,200,526700
20221116,11:58:45,181.90,50,526700
20221116,11:58:46,181.65,3000,526700
20221116,11:58:48,182.00,350,526700
20221116,11:58:50,181.90,3000,526700
20221116,11:58:52,182.00,1500,526700
20221116,11:58:54,181.00,1800,526700
20221116,11:58:59,181.10,1000,526700
20221116,11:59:00,181.20,1500,526700
20221116,11:59:02,181.25,50,526700
20221116,11:59:03,181.05,50,526700
20221116,11:59:04,181.55,1050,526700
20221116,11:59:07,182.45,150,526700
20221116,11:59:08,182.10,100,526700
20221116,11:59:09,182.80,200,526700
20221116,11:59:10,182.45,200,526700
20221116,11:59:11,181.55,3700,526700
20221116,11:59:14,182.20,50,526700
20221116,11:59:17,182.00,50,526700
20221116,11:59:20,182.75,1900,526700
20221116,11:59:23,182.75,1800,526700
20221116,11:59:24,182.05,50,526700
20221116,11:59:28,181.85,1900,526700
20221116,11:59:30,182.00,100,526700
20221116,11:59:34,182.85,100,526700
20221116,11:59:35,182.30,2600,526700
20221116,11:59:38,181.95,50,526700
20221116,11:59:39,181.60,400,526700
20221116,11:59:42,181.55,200,526700
20221116,11:59:43,182.65,500,526700
20221116,11:59:44,182.50,450,526700
20221116,11:59:50,181.10,1300,526700
20221116,11:59:55,181.10,50,526700
20221116,11:59:56,181.15,100,526700
20221116,11:59:58,181.20,500,526700
20221116,11:59:59,180.90,250,526700
20221116,12:00:00,180.00,800,526700
20221116,12:00:01,178.85,1750,526700
20221116,12:00:02,178.40,50,526700
20221116,12:00:03,179.30,50,526700
20221116,12:00:05,179.30,50,543100
20221116,12:00:06,179.15,50,543100
20221116,12:00:07,179.05,500,543100
20221116,12:00:08,178.25,700,543100
20221116,12:00:10,179.00,250,543100
20221116,12:00:11,179.40,1300,543100
20221116,12:00:12,179.50,50,543100
20221116,12:00:14,178.25,150,543100
20221116,12:00:15,178.85,1800,543100
20221116,12:00:16,177.80,5250,543100
20221116,12:00:17,178.55,450,543100
20221116,12:00:18,177.95,1900,543100
20221116,12:00:19,178.90,5400,543100
20221116,12:00:20,179.00,50,543100
20221116,12:00:21,179.35,150,543100
20221116,12:00:22,179.30,1000,543100
20221116,12:00:23,178.75,50,543100
20221116,12:00:24,178.65,50,543100
20221116,12:00:25,179.30,150,543100
20221116,12:00:26,179.05,50,543100
20221116,12:00:29,177.90,1750,543100
20221116,12:00:32,176.15,3400,543100
20221116,12:00:34,176.65,500,543100
20221116,12:00:34,176.75,750,543100
20221116,12:00:35,177.15,300,543100
20221116,12:00:36,177.35,150,543100
20221116,12:00:37,177.20,250,543100
20221116,12:00:38,177.30,650,543100
20221116,12:00:39,177.40,150,543100
20221116,12:00:41,177.40,2050,543100
20221116,12:00:43,177.30,200,543100
20221116,12:00:44,177.40,5650,543100
20221116,12:00:45,176.10,450,543100
20221116,12:00:46,176.00,1000,543100
20221116,12:00:47,176.50,500,543100
20221116,12:00:48,177.55,650,543100
20221116,12:00:49,177.00,1400,543100
20221116,12:00:51,177.20,200,543100
20221116,12:00:51,177.00,50,543100
20221116,12:00:52,177.25,150,543100
20221116,12:00:53,176.85,50,543100
20221116,12:00:54,176.60,150,543100
20221116,12:00:55,176.70,100,543100
20221116,12:00:56,176.55,250,543100
20221116,12:00:58,177.30,250,543100
20221116,12:01:00,175.60,2400,543100
20221116,12:01:01,176.20,150,543100
20221116,12:01:03,177.00,800,543100
20221116,12:01:04,176.60,1100,543100
20221116,12:01:05,178.00,350,543100
20221116,12:01:06,177.30,100,543100
20221116,12:01:10,176.05,750,543100
20221116,12:01:11,176.00,100,543100
20221116,12:01:13,176.00,150,543100
20221116,12:01:14,175.80,100,543100
20221116,12:01:17,175.40,1050,543100
20221116,12:01:18,175.15,150,543100
20221116,12:01:19,175.00,1100,543100
20221116,12:01:20,175.25,100,543100
20221116,12:01:21,175.20,650,543100
20221116,12:01:23,175.40,50,543100
20221116,12:01:23,175.95,100,543100
20221116,12:01:24,176.25,50,543100
20221116,12:01:25,176.00,100,543100
20221116,12:01:26,176.65,50,543100
20221116,12:01:27,176.40,100,543100
20221116,12:01:29,176.85,200,543100
20221116,12:01:30,175.85,50,543100
20221116,12:01:32,175.30,100,543100
20221116,12:01:33,175.90,50,543100
20221116,12:01:34,176.25,1050,543100
20221116,12:01:35,175.70,150,543100
20221116,12:01:38,175.25,50,543100
20221116,12:01:40,175.00,50,543100
20221116,12:01:40,175.40,50,543100
20221116,12:01:42,175.00,650,543100
20221116,12:01:44,175.50,150,543100
20221116,12:01:45,175.75,50,543100
20221116,12:01:47,175.00,50,543100
20221116,12:01:50,175.20,650,543100
20221116,12:01:51,175.90,650,543100
20221116,12:01:52,175.50,100,543100
20221116,12:01:53,175.95,200,543100
20221116,12:01:54,175.85,150,543100
20221116,12:01:56,176.15,100,543100
20221116,12:01:57,176.50,150,543100
20221116,12:01:59,177.00,800,543100
20221116,12:02:02,177.40,150,543100
20221116,12:02:04,178.00,50,543100
20221116,12:02:05,178.60,100,543100
20221116,12:02:06,177.70,250,543100
20221116,12:02:07,177.75,350,543100
20221116,12:02:10,177.60,50,543100
20221116,12:02:11,177.55,100,543100
20221116,12:02:13,177.30,50,543100
20221116,12:02:15,176.60,1050,543100
20221116,12:02:18,178.25,450,543100
20221116,12:02:24,177.45,200,543100
20221116,12:02:25,177.20,500,543100
20221116,12:02:27,177.15,100,543100
20221116,12:02:31,177.10,500,543100
20221116,12:02:32,176.60,150,543100
20221116,12:02:33,176.45,200,543100
20221116,12:02:37,176.05,300,543100
20221116,12:02:46,176.85,150,543100
20221116,12:02:48,176.60,50,543100
20221116,12:02:53,177.65,250,543100
20221116,12:02:57,177.00,150,543100
20221116,12:03:00,177.05,300,543100
20221116,12:03:03,176.90,50,543100
20221116,12:03:04,176.60,100,543100
20221116,12:03:05,176.00,100,557750
20221116,12:03:06,176.05,700,557750
20221116,12:03:08,176.05,200,557750
20221116,12:03:10,176.00,150,557750
20221116,12:03:15,177.00,100,557750
20221116,12:03:18,176.10,50,557750
20221116,12:03:21,176.00,1550,557750
20221116,12:03:22,176.00,50,557750
20221116,12:03:23,175.60,200,557750
20221116,12:03:24,175.05,100,557750
20221116,12:03:26,175.60,100,557750
20221116,12:03:27,175.10,50,557750
20221116,12:03:28,175.55,50,557750
20221116,12:03:37,176.50,50,557750
20221116,12:03:39,176.55,100,557750
20221116,12:03:43,176.00,50,557750
20221116,12:03:45,176.65,350,557750
20221116,12:03:47,176.20,50,557750
20221116,12:03:49,176.85,500,557750
20221116,12:03:50,176.85,50,557750
20221116,12:03:53,176.90,50,557750
20221116,12:03:54,176.50,500,557750
20221116,12:03:58,176.45,50,557750
20221116,12:04:02,176.00,650,557750
20221116,12:04:05,177.00,50,557750
20221116,12:04:06,177.30,100,557750
20221116,12:04:07,176.55,50,557750
20221116,12:04:09,176.70,50,557750
20221116,12:04:14,175.60,300,557750
20221116,12:04:17,175.00,1700,557750
20221116,12:04:22,174.60,350,557750
20221116,12:04:23,173.40,1100,557750
20221116,12:04:24,173.00,3500,557750
20221116,12:04:25,174.10,600,557750
20221116,12:04:26,173.90,200,557750
20221116,12:04:27,174.10,400,557750
20221116,12:04:29,174.75,50,557750
20221116,12:04:29,174.40,1000,557750
20221116,12:04:30,173.60,50,557750
20221116,12:04:31,173.15,350,557750
20221116,12:04:33,173.65,100,557750
20221116,12:04:34,173.10,100,557750
20221116,12:04:37,174.10,250,557750
20221116,12:04:38,174.20,50,557750
20221116,12:04:44,173.70,1800,557750
20221116,12:04:45,173.25,100,557750
20221116,12:04:46,173.60,300,557750
20221116,12:04:51,173.25,100,557750
20221116,12:04:52,173.10,900,557750
20221116,12:04:54,173.90,900,557750
20221116,12:04:56,174.00,300,557750
20221116,12:05:00,174.35,50,557750
20221116,12:05:01,174.25,150,557750
20221116,12:05:02,173.75,100,557750
20221116,12:05:05,174.20,950,557750
20221116,12:05:06,173.75,150,557750
20221116,12:05:07,173.00,150,557750
20221116,12:05:09,172.90,100,557750
20221116,12:05:11,172.10,2150,557750
20221116,12:05:12,172.35,1100,557750
20221116,12:05:14,172.75,300,557750
20221116,12:05:15,173.05,50,557750
20221116,12:05:16,173.30,150,557750
20221116,12:05:17,173.40,50,557750
20221116,12:05:18,173.40,100,557750
20221116,12:05:19,174.20,2200,557750
20221116,12:05:20,174.90,250,557750
20221116,12:05:21,175.40,5400,557750
20221116,12:05:22,174.95,200,557750
20221116,12:05:26,174.90,50,557750
20221116,12:05:31,174.85,200,557750
20221116,12:05:33,174.95,50,557750
20221116,12:05:36,175.50,550,557750
20221116,12:05:38,175.95,700,557750
20221116,12:05:39,175.95,100,557750
20221116,12:05:41,175.90,250,557750
20221116,12:05:43,175.35,100,557750
20221116,12:05:43,174.30,100,557750
20221116,12:05:44,174.05,1100,557750
20221116,12:05:49,175.00,300,557750
20221116,12:05:50,175.25,50,557750
20221116,12:05:52,174.75,250,557750
20221116,12:05:53,174.45,50,557750
20221116,12:05:56,174.00,100,557750
20221116,12:05:57,174.15,100,557750
20221116,12:05:58,173.60,50,557750
20221116,12:06:01,173.00,300,557750
20221116,12:06:02,172.25,1950,557750
20221116,12:06:03,172.00,2500,557750
20221116,12:06:04,171.30,1750,557750
20221116,12:06:05,171.45,300,557750
20221116,12:06:06,171.35,150,565400
20221116,12:06:07,171.55,200,565400
20221116,12:06:09,170.75,2150,565400
20221116,12:06:10,170.65,250,565400
20221116,12:06:13,170.90,150,565400
20221116,12:06:14,170.00,2350,565400
20221116,12:06:15,170.10,50,565400
20221116,12:06:16,169.65,7100,565400
20221116,12:06:17,169.50,700,565400
20221116,12:06:18,170.25,300,565400
20221116,12:06:19,169.40,1300,565400
20221116,12:06:20,169.40,250,565400
20221116,12:06:22,169.00,2050,565400
20221116,12:06:23,168.85,50,565400
20221116,12:06:24,169.45,550,565400
20221116,12:06:25,170.00,1800,565400
20221116,12:06:27,170.00,500,565400
20221116,12:06:28,169.95,100,565400
20221116,12:06:29,169.60,250,565400
20221116,12:06:30,170.05,50,565400
20221116,12:06:31,169.70,350,565400
20221116,12:06:32,169.45,1800,565400
20221116,12:06:33,169.00,300,565400
20221116,12:06:34,169.15,150,565400
20221116,12:06:36,169.70,50,565400
20221116,12:06:37,168.80,1800,565400
20221116,12:06:38,168.75,500,565400
20221116,12:06:39,168.95,100,565400
20221116,12:06:40,168.70,100,565400
20221116,12:06:42,168.70,50,565400
20221116,12:06:44,169.30,750,565400
20221116,12:06:45,168.90,300,565400
20221116,12:06:46,168.75,50,565400
20221116,12:06:50,168.80,100,565400
20221116,12:06:51,168.75,100,565400
20221116,12:06:53,170.20,450,565400
20221116,12:06:54,171.00,50,565400
20221116,12:06:55,170.75,100,565400
20221116,12:06:56,170.45,50,565400
20221116,12:06:57,171.05,100,565400
20221116,12:06:58,170.70,100,565400
20221116,12:07:00,170.45,50,565400
20221116,12:07:03,170.70,100,565400
20221116,12:07:05,170.85,400,565400
20221116,12:07:09,170.45,50,565400
20221116,12:07:10,170.80,150,565400
20221116,12:07:11,170.65,1300,565400
20221116,12:07:12,170.80,300,565400
20221116,12:07:13,171.20,150,565400
20221116,12:07:14,171.70,400,565400
20221116,12:07:15,171.30,200,565400
20221116,12:07:16,170.90,100,565400
20221116,12:07:19,170.85,50,565400
20221116,12:07:20,170.95,500,565400
20221116,12:07:22,170.65,100,565400
20221116,12:07:23,171.10,50,565400
20221116,12:07:26,172.45,2900,565400
20221116,12:07:28,171.65,250,565400
20221116,12:07:29,171.25,2250,565400
20221116,12:07:33,171.35,100,565400
20221116,12:07:35,171.85,50,565400
20221116,12:07:37,171.80,50,565400
20221116,12:07:41,171.80,50,565400
20221116,12:07:43,171.75,100,565400
20221116,12:07:45,171.75,50,565400
20221116,12:07:46,171.50,50,565400
20221116,12:07:47,171.00,1350,565400
20221116,12:07:51,171.65,1550,565400
20221116,12:07:52,171.20,1800,565400
20221116,12:07:53,171.00,1900,565400
20221116,12:07:55,171.20,200,565400
20221116,12:07:58,170.75,150,565400
20221116,12:07:59,170.85,50,565400
20221116,12:08:03,170.70,50,565400
20221116,12:08:07,170.60,50,565400
20221116,12:08:09,170.80,100,565400
20221116,12:08:11,170.80,150,565400
20221116,12:08:14,170.65,100,565400
20221116,12:08:15,170.90,600,565400
20221116,12:08:17,170.90,50,565400
20221116,12:08:18,170.90,250,565400
20221116,12:08:23,170.70,50,565400
20221116,12:08:28,171.05,50,565400
20221116,12:08:30,171.00,50,565400
20221116,12:08:34,171.50,1650,565400
20221116,12:08:35,172.45,200,565400
20221116,12:08:36,172.40,150,565400
20221116,12:08:38,172.55,1550,565400
20221116,12:08:40,173.20,200,565400
20221116,12:08:42,171.10,200,565400
20221116,12:08:43,170.90,1250,565400
20221116,12:08:44,171.05,550,565400
20221116,12:08:46,170.65,50,565400
20221116,12:08:49,170.35,300,565400
20221116,12:08:50,168.15,6850,565400
20221116,12:08:51,168.30,750,565400
20221116,12:08:52,168.85,50,565400
20221116,12:08:53,168.70,100,565400
20221116,12:08:55,169.00,50,565400
20221116,12:08:56,167.40,600,565400
20221116,12:08:57,167.05,100,565400
20221116,12:08:58,167.00,6350,565400
20221116,12:09:00,166.00,350,565400
20221116,12:09:01,165.35,1550,565400
20221116,12:09:02,166.45,300,565400
20221116,12:09:03,165.55,2350,565400
20221116,12:09:04,164.90,2350,565400
20221116,12:09:06,165.15,2450,565400
20221116,12:09:07,165.20,100,580000
20221116,12:09:08,164.00,4000,580000
20221116,12:09:09,164.20,4200,580000
20221116,12:09:10,164.05,200,580000
20221116,12:09:11,163.55,1900,580000
20221116,12:09:12,163.70,1400,580000
20221116,12:09:14,163.80,2650,580000
20221116,12:09:15,165.30,1100,580000
20221116,12:09:16,164.95,2100,580000
20221116,12:09:17,165.80,150,580000
20221116,12:09:18,165.80,50,580000
20221116,12:09:19,166.15,200,580000
20221116,12:09:20,166.00,1850,580000
20221116,12:09:21,166.45,1050,580000
20221116,12:09:22,165.80,800,580000
20221116,12:09:23,165.00,100,580000
20221116,12:09:24,165.20,50,580000
20221116,12:09:26,164.25,50,580000
20221116,12:09:27,164.10,100,580000
20221116,12:09:29,165.00,600,580000
20221116,12:09:30,165.10,1800,580000
20221116,12:09:31,165.45,200,580000
20221116,12:09:32,165.20,250,580000
20221116,12:09:33,165.05,750,580000
20221116,12:09:35,165.05,150,580000
20221116,12:09:38,165.15,50,580000
20221116,12:09:39,164.55,200,580000
20221116,12:09:40,164.70,50,580000
20221116,12:09:41,164.75,100,580000
20221116,12:09:42,164.70,150,580000
20221116,12:09:43,164.55,50,580000
20221116,12:09:44,164.70,250,580000
20221116,12:09:45,164.30,450,580000
20221116,12:09:47,165.00,400,580000
20221116,12:09:48,164.90,50,580000
20221116,12:09:49,165.00,750,580000
20221116,12:09:50,165.20,1800,580000
20221116,12:09:54,164.10,600,580000
20221116,12:09:55,164.40,150,580000
20221116,12:09:57,164.00,750,580000
20221116,12:09:58,164.10,500,580000
20221116,12:09:59,164.15,500,580000
20221116,12:10:00,163.00,3550,580000
20221116,12:10:01,162.90,1350,580000
20221116,12:10:02,161.10,1600,580000
20221116,12:10:04,161.25,300,580000
20221116,12:10:05,162.35,4650,580000
20221116,12:10:06,163.00,200,580000
20221116,12:10:07,162.45,150,580000
20221116,12:10:08,163.30,1150,580000
20221116,12:10:09,164.30,4800,580000
20221116,12:10:10,164.20,1150,580000
20221116,12:10:11,165.10,5400,580000
20221116,12:10:12,164.85,150,580000
20221116,12:10:13,164.75,200,580000
20221116,12:10:15,164.70,350,580000
20221116,12:10:16,164.85,150,580000
20221116,12:10:18,164.50,300,580000
20221116,12:10:19,165.30,1000,580000
20221116,12:10:20,164.80,50,580000
20221116,12:10:20,165.25,500,580000
20221116,12:10:21,165.05,50,580000
20221116,12:10:22,165.25,50,580000
20221116,12:10:23,165.30,1000,580000
20221116,12:10:24,166.10,500,580000
20221116,12:10:25,166.35,100,580000
20221116,12:10:26,166.30,50,580000
20221116,12:10:27,166.10,150,580000
20221116,12:10:30,165.40,50,580000
20221116,12:10:31,165.90,100,580000
20221116,12:10:33,165.85,50,580000
20221116,12:10:34,166.00,100,580000
20221116,12:10:35,165.75,450,580000
20221116,12:10:36,166.10,3550,580000
20221116,12:10:38,166.30,400,580000
20221116,12:10:38,166.60,50,580000
20221116,12:10:39,166.75,50,580000
20221116,12:10:40,166.95,150,580000
20221116,12:10:41,167.20,150,580000
20221116,12:10:42,166.50,200,580000
20221116,12:10:44,166.60,200,580000
20221116,12:10:45,166.80,250,580000
20221116,12:10:46,166.30,100,580000
20221116,12:10:47,167.00,150,580000
20221116,12:10:49,167.40,1550,580000
20221116,12:10:50,167.95,1900,580000
20221116,12:10:51,167.60,550,580000
20221116,12:10:52,168.00,500,580000
20221116,12:10:53,168.00,100,580000
20221116,12:10:54,167.60,50,580000
20221116,12:10:57,167.45,200,580000
20221116,12:10:58,167.15,50,580000
20221116,12:10:59,167.80,2150,580000
20221116,12:11:00,167.65,150,580000
20221116,12:11:01,167.80,2950,580000
20221116,12:11:02,167.50,500,580000
20221116,12:11:03,167.00,350,580000
20221116,12:11:04,167.05,550,580000
20221116,12:11:06,165.75,1300,580000
20221116,12:11:07,165.95,450,580000
20221116,12:11:08,166.05,50,580000
20221116,12:11:09,165.90,50,580000
20221116,12:11:10,165.75,400,580000
20221116,12:11:11,166.75,750,580000
20221116,12:11:14,167.15,50,580000
20221116,12:11:14,166.95,50,580000
20221116,12:11:15,167.20,100,580000
20221116,12:11:16,166.95,50,580000
20221116,12:11:17,167.25,100,580000
20221116,12:11:20,167.90,350,580000
20221116,12:11:22,167.65,100,580000
20221116,12:11:23,168.00,2750,580000
20221116,12:11:24,168.65,2200,580000
20221116,12:11:25,168.50,1850,580000
20221116,12:11:26,168.65,1050,580000
20221116,12:11:27,169.10,550,580000
20221116,12:11:28,169.10,1750,580000
20221116,12:11:29,169.50,350,580000
20221116,12:11:32,168.55,4550,580000
20221116,12:11:33,169.00,100,580000
20221116,12:11:35,169.00,450,580000
20221116,12:11:37,169.10,400,580000
20221116,12:11:38,169.25,1550,580000
20221116,12:11:39,168.60,250,580000
20221116,12:11:40,169.00,100,580000
20221116,12:11:43,168.90,200,580000
20221116,12:11:47,168.60,600,580000
20221116,12:11:48,168.00,200,580000
20221116,12:11:50,168.00,100,580000
20221116,12:11:54,168.20,100,580000
20221116,12:11:55,168.70,50,580000
20221116,12:11:56,168.45,300,580000
20221116,12:11:58,169.00,550,580000
20221116,12:11:59,169.00,1800,580000
20221116,12:12:00,169.15,150,580000
20221116,12:12:01,169.25,50,580000
20221116,12:12:02,169.05,250,580000
20221116,12:12:03,168.90,1050,580000
20221116,12:12:04,168.90,2600,580000
20221116,12:12:05,168.90,600,580000
20221116,12:12:07,168.75,50,584100
20221116,12:12:08,168.35,2300,584100
20221116,12:12:09,168.25,150,584100
20221116,12:12:10,168.10,300,584100
20221116,12:12:11,168.25,1850,584100
20221116,12:12:12,168.60,50,584100
20221116,12:12:13,168.75,50,584100
20221116,12:12:14,168.85,150,584100
20221116,12:12:15,168.80,400,584100
20221116,12:12:17,168.95,50,584100
20221116,12:12:18,168.65,50,584100
20221116,12:12:20,168.30,150,584100
20221116,12:12:21,168.25,1900,584100
20221116,12:12:22,168.40,700,584100
20221116,12:12:24,168.05,50,584100
20221116,12:12:25,168.05,50,584100
20221116,12:12:26,168.20,100,584100
20221116,12:12:27,169.00,50,584100
20221116,12:12:29,168.70,400,584100
20221116,12:12:33,168.90,150,584100
20221116,12:12:35,169.00,150,584100
20221116,12:12:36,168.65,50,584100
20221116,12:12:37,168.80,850,584100
20221116,12:12:37,168.70,100,584100
20221116,12:12:38,168.40,150,584100
20221116,12:12:39,168.10,100,584100
20221116,12:12:41,168.50,200,584100
20221116,12:12:42,168.85,250,584100
20221116,12:12:45,168.50,200,584100
20221116,12:12:46,168.90,1700,584100
20221116,12:12:47,168.45,350,584100
20221116,12:12:49,169.25,1900,584100
20221116,12:12:50,169.80,2250,584100
20221116,12:12:50,169.15,250,584100
20221116,12:12:52,169.85,1800,584100
20221116,12:12:53,169.90,550,584100
20221116,12:12:54,169.70,300,584100
20221116,12:12:55,170.05,600,584100
20221116,12:12:56,170.05,350,584100
20221116,12:12:58,170.45,1700,584100
20221116,12:12:59,170.35,550,584100
20221116,12:13:00,170.30,250,584100
20221116,12:13:03,170.00,2350,584100
20221116,12:13:03,169.60,50,584100
20221116,12:13:05,170.40,1000,584100
20221116,12:13:07,170.30,250,584100
20221116,12:13:08,170.15,200,584100
20221116,12:13:09,169.75,1050,584100
20221116,12:13:10,169.30,100,584100
20221116,12:13:11,169.05,300,584100
20221116,12:13:12,169.05,200,584100
20221116,12:13:14,169.10,200,584100
20221116,12:13:15,169.10,500,584100
20221116,12:13:16,169.80,50,584100
20221116,12:13:18,169.95,250,584100
20221116,12:13:18,169.75,50,584100
20221116,12:13:20,170.30,250,584100
20221116,12:13:21,170.05,350,584100
20221116,12:13:22,170.35,50,584100
20221116,12:13:24,170.15,350,584100
20221116,12:13:26,170.05,100,584100
20221116,12:13:27,170.40,100,584100
20221116,12:13:28,170.80,300,584100
20221116,12:13:29,171.00,4450,584100
20221116,12:13:30,171.00,50,584100
20221116,12:13:32,171.10,50,584100
20221116,12:13:33,171.35,300,584100
20221116,12:13:34,171.60,100,584100
20221116,12:13:35,171.05,200,584100
20221116,12:13:36,171.10,100,584100
20221116,12:13:37,171.00,50,584100
20221116,12:13:38,170.15,950,584100
20221116,12:13:40,170.00,300,584100
20221116,12:13:41,170.05,350,584100
20221116,12:13:44,170.50,500,584100
20221116,12:13:46,170.85,50,584100
20221116,12:13:48,170.45,2850,584100
20221116,12:13:49,170.60,2150,584100
20221116,12:13:50,170.95,550,584100
20221116,12:13:52,171.05,1150,584100
20221116,12:13:53,171.00,50,584100
20221116,12:13:55,171.20,50,584100
20221116,12:13:56,171.65,100,584100
20221116,12:13:57,171.25,1200,584100
20221116,12:13:58,172.30,5700,584100
20221116,12:13:59,172.40,50,584100
20221116,12:14:01,173.30,3750,584100
20221116,12:14:02,173.40,5950,584100
20221116,12:14:03,173.65,500,584100
20221116,12:14:04,173.95,800,584100
20221116,12:14:05,173.50,650,584100
20221116,12:14:06,173.80,100,584100
20221116,12:14:07,173.45,1050,584100
20221116,12:14:08,173.30,1200,584100
20221116,12:14:09,173.00,850,584100
20221116,12:14:09,173.35,50,584100
20221116,12:14:10,173.25,50,584100
20221116,12:14:12,172.60,100,584100
20221116,12:14:13,172.90,100,584100
20221116,12:14:14,172.95,50,584100
20221116,12:14:15,173.25,500,584100
20221116,12:14:16,173.30,1450,584100
20221116,12:14:17,174.60,7250,584100
20221116,12:14:18,175.95,2350,584100
20221116,12:14:19,176.05,800,584100
20221116,12:14:21,176.15,300,584100
20221116,12:14:22,176.20,500,584100
20221116,12:14:23,176.30,750,584100
20221116,12:14:24,176.30,150,584100
20221116,12:14:25,175.80,1900,584100
20221116,12:14:25,175.85,50,584100
20221116,12:14:26,175.90,50,584100
20221116,12:14:27,176.30,1600,584100
20221116,12:14:28,176.55,1500,584100
20221116,12:14:29,175.60,200,584100
20221116,12:14:31,175.00,450,584100
20221116,12:14:32,175.75,250,584100
20221116,12:14:33,175.30,250,584100
20221116,12:14:34,175.80,300,584100
20221116,12:14:34,175.60,150,584100
20221116,12:14:38,175.30,200,584100
20221116,12:14:38,175.00,250,584100
20221116,12:14:40,174.10,1350,584100
20221116,12:14:41,174.85,450,584100
20221116,12:14:42,174.15,2300,584100
20221116,12:14:44,174.65,50,584100
20221116,12:14:46,174.50,150,584100
20221116,12:14:47,174.60,50,584100
20221116,12:14:49,174.80,50,584100
20221116,12:14:50,174.90,100,584100
20221116,12:14:51,174.50,850,584100
20221116,12:14:51,174.40,100,584100
20221116,12:14:52,175.00,1300,584100
20221116,12:14:54,174.60,100,584100
20221116,12:14:57,174.85,150,584100
20221116,12:14:59,175.00,350,584100
20221116,12:15:00,174.80,1500,584100
20221116,12:15:01,175.10,100,584100
20221116,12:15:02,174.90,350,584100
20221116,12:15:03,174.35,2250,584100
20221116,12:15:04,175.00,100,584100
20221116,12:15:05,175.05,500,584100
20221116,12:15:07,175.45,450,570350
20221116,12:15:09,175.60,50,570350
20221116,12:15:10,176.00,150,570350
20221116,12:15:11,176.00,4000,570350
20221116,12:15:12,177.00,7200,570350
20221116,12:15:13,177.85,2350,570350
20221116,12:15:14,177.90,2550,570350
20221116,12:15:14,177.45,500,570350
20221116,12:15:15,177.45,300,570350
20221116,12:15:16,177.60,1150,570350
20221116,12:15:18,177.45,100,570350
20221116,12:15:19,178.00,1800,570350
20221116,12:15:20,179.50,850,570350
20221116,12:15:21,179.40,950,570350
20221116,12:15:22,179.35,100,570350
20221116,12:15:23,179.10,1250,570350
20221116,12:15:24,179.20,2000,570350
20221116,12:15:25,179.95,1100,570350
20221116,12:15:26,179.50,300,570350
20221116,12:15:27,179.55,5600,570350
20221116,12:15:28,179.65,2500,570350
20221116,12:15:29,179.60,500,570350
20221116,12:15:29,179.70,50,570350
20221116,12:15:30,180.20,200,570350
20221116,12:15:31,180.45,1750,570350
20221116,12:15:32,179.70,300,570350
20221116,12:15:34,179.45,300,570350
20221116,12:15:35,179.30,1100,570350
20221116,12:15:36,179.60,2000,570350
20221116,12:15:37,178.60,1600,570350
20221116,12:15:38,179.15,600,570350
20221116,12:15:39,179.25,100,570350
20221116,12:15:40,178.60,1750,570350
20221116,12:15:40,179.25,500,570350
20221116,12:15:41,179.40,100,570350
20221116,12:15:44,180.00,200,570350
20221116,12:15:45,181.00,800,570350
20221116,12:15:46,181.00,3250,570350
20221116,12:15:47,181.65,3250,570350
20221116,12:15:47,181.50,50,570350
20221116,12:15:48,182.30,200,570350
20221116,12:15:50,182.40,550,570350
20221116,12:15:51,182.45,950,570350
20221116,12:15:52,182.15,400,570350
20221116,12:15:53,181.60,1300,570350
20221116,12:15:54,181.15,1000,570350
20221116,12:15:54,181.40,50,570350
20221116,12:15:55,180.75,450,570350
20221116,12:15:57,181.40,350,570350
20221116,12:15:59,180.50,250,570350
20221116,12:16:00,181.00,250,570350
20221116,12:16:00,180.75,50,570350
20221116,12:16:01,180.65,50,570350
20221116,12:16:03,180.85,300,570350
20221116,12:16:04,180.00,2450,570350
20221116,12:16:05,181.20,1600,570350
20221116,12:16:07,180.50,5600,570350
20221116,12:16:08,180.00,1200,570350
20221116,12:16:09,179.55,350,570350
20221116,12:16:10,179.80,1600,570350
20221116,12:16:12,179.30,1600,570350
20221116,12:16:13,179.45,300,570350
20221116,12:16:14,179.35,50,570350
20221116,12:16:15,179.55,150,570350
20221116,12:16:16,180.50,100,570350
20221116,12:16:18,181.50,150,570350
20221116,12:16:19,181.50,200,570350
20221116,12:16:20,182.00,1800,570350
20221116,12:16:20,181.95,100,570350
20221116,12:16:21,181.10,150,570350
20221116,12:16:23,181.45,150,570350
20221116,12:16:24,181.40,250,570350
20221116,12:16:25,181.10,550,570350
20221116,12:16:26,180.90,650,570350
20221116,12:16:27,181.00,250,570350
20221116,12:16:28,181.00,150,570350
20221116,12:16:30,180.80,100,570350
20221116,12:16:31,180.50,1000,570350
20221116,12:16:32,180.40,250,570350
20221116,12:16:33,180.55,50,570350
20221116,12:16:36,180.20,1400,570350
20221116,12:16:37,180.00,2750,570350
20221116,12:16:38,180.30,100,570350
20221116,12:16:40,180.00,50,570350
20221116,12:16:41,179.40,100,570350
20221116,12:16:44,179.50,300,570350
20221116,12:16:45,179.75,50,570350
20221116,12:16:47,179.35,550,570350
20221116,12:16:48,179.30,100,570350
20221116,12:16:50,179.90,350,570350
20221116,12:16:51,180.00,250,570350
20221116,12:16:52,179.50,50,570350
20221116,12:16:53,179.40,200,570350
20221116,12:16:54,179.10,250,570350
20221116,12:16:57,179.65,50,570350
20221116,12:16:58,179.35,250,570350
20221116,12:16:59,178.75,500,570350
20221116,12:17:02,178.80,50,570350
20221116,12:17:03,178.70,50,570350
20221116,12:17:05,178.10,500,570350
20221116,12:17:06,178.30,100,570350
20221116,12:17:09,178.40,50,570350
20221116,12:17:11,178.75,900,570350
20221116,12:17:12,178.35,100,570350
20221116,12:17:13,177.40,3200,570350
20221116,12:17:14,177.80,500,570350
20221116,12:17:16,177.70,50,570350
20221116,12:17:17,177.25,50,570350
20221116,12:17:19,177.20,1300,570350
20221116,12:17:21,177.50,800,570350
20221116,12:17:22,178.00,800,570350
20221116,12:17:24,177.50,50,570350
20221116,12:17:26,177.80,50,570350
20221116,12:17:27,177.90,50,570350
20221116,12:17:28,177.95,50,570350
20221116,12:17:29,178.00,50,570350
20221116,12:17:31,177.85,200,570350
20221116,12:17:33,177.30,50,570350
20221116,12:17:38,177.25,100,570350
20221116,12:17:39,177.00,1150,570350
20221116,12:17:41,176.85,400,570350
20221116,12:17:42,177.05,150,570350
20221116,12:17:43,176.90,50,570350
20221116,12:17:44,177.30,550,570350
20221116,12:17:45,177.55,100,570350
20221116,12:17:46,177.95,1050,570350
20221116,12:17:47,177.30,1000,570350
20221116,12:17:52,177.30,400,570350
20221116,12:17:56,176.70,50,570350
20221116,12:17:59,177.00,700,570350
20221116,12:18:02,177.15,800,570350
20221116,12:18:08,177.05,50,564350
20221116,12:18:13,175.85,650,564350
20221116,12:18:15,177.00,750,564350
20221116,12:18:16,176.10,50,564350
20221116,12:18:18,175.80,100,564350
20221116,12:18:19,175.60,50,564350
20221116,12:18:20,175.60,200,564350
20221116,12:18:21,175.35,300,564350
20221116,12:18:22,175.60,450,564350
20221116,12:18:23,175.00,300,564350
20221116,12:18:24,175.35,150,564350
20221116,12:18:26,176.00,900,564350
20221116,12:18:28,175.45,500,564350
20221116,12:18:30,175.20,150,564350
20221116,12:18:31,175.00,1300,564350
20221116,12:18:32,174.55,50,564350
20221116,12:18:33,174.60,150,564350
20221116,12:18:35,174.80,100,564350
20221116,12:18:36,175.00,50,564350
20221116,12:18:38,175.00,50,564350
20221116,12:18:39,174.50,200,564350
20221116,12:18:40,174.35,100,564350
20221116,12:18:41,174.00,350,564350
20221116,12:18:43,173.90,400,564350
20221116,12:18:44,173.30,150,564350
20221116,12:18:45,173.30,50,564350
20221116,12:18:46,173.30,50,564350
20221116,12:18:47,173.30,100,564350
20221116,12:18:48,173.40,1050,564350
20221116,12:18:50,173.80,900,564350
20221116,12:18:51,174.40,1250,564350
20221116,12:18:53,173.35,150,564350
20221116,12:19:01,174.05,1500,564350
20221116,12:19:04,174.15,50,564350
20221116,12:19:05,174.90,50,564350
20221116,12:19:06,175.10,1800,564350
20221116,12:19:09,174.95,150,564350
20221116,12:19:10,175.30,400,564350
20221116,12:19:12,175.35,50,564350
20221116,12:19:16,176.50,50,564350
20221116,12:19:17,175.95,200,564350
20221116,12:19:18,176.40,50,564350
20221116,12:19:19,176.55,50,564350
20221116,12:19:22,176.65,450,564350
20221116,12:19:26,176.90,1650,564350
20221116,12:19:27,176.90,150,564350
20221116,12:19:28,177.10,1150,564350
20221116,12:19:29,177.20,100,564350
20221116,12:19:31,177.65,200,564350
20221116,12:19:32,177.80,150,564350
20221116,12:19:34,177.95,150,564350
20221116,12:19:35,178.00,200,564350
20221116,12:19:36,177.85,150,564350
20221116,12:19:37,178.25,100,564350
20221116,12:19:38,177.95,50,564350
20221116,12:19:40,178.20,50,564350
20221116,12:19:42,178.15,500,564350
20221116,12:19:45,178.85,150,564350
20221116,12:19:46,179.35,850,564350
20221116,12:19:47,179.40,50,564350
20221116,12:19:49,179.00,1200,564350
20221116,12:19:52,178.40,200,564350
20221116,12:19:55,178.55,50,564350
20221116,12:19:57,178.75,300,564350
20221116,12:19:58,178.90,400,564350
20221116,12:20:00,179.05,9100,564350
20221116,12:20:01,177.95,3000,564350
20221116,12:20:02,178.15,100,564350
20221116,12:20:04,177.90,300,564350
20221116,12:20:06,177.00,450,564350
20221116,12:20:08,176.80,1250,564350
20221116,12:20:09,176.40,200,564350
20221116,12:20:10,176.90,1150,564350
20221116,12:20:12,176.60,50,564350
20221116,12:20:13,177.10,50,564350
20221116,12:20:16,176.80,50,564350
20221116,12:20:17,176.90,50,564350
20221116,12:20:18,177.35,150,564350
20221116,12:20:23,177.60,100,564350
20221116,12:20:25,177.60,250,564350
20221116,12:20:32,178.00,150,564350
20221116,12:20:35,178.00,100,564350
20221116,12:20:36,178.35,1300,564350
20221116,12:20:37,178.40,200,564350
20221116,12:20:38,178.40,50,564350
20221116,12:20:42,177.90,100,564350
20221116,12:20:50,178.00,50,564350
20221116,12:20:51,177.45,300,564350
20221116,12:20:52,177.35,700,564350
20221116,12:20:56,177.05,1800,564350
20221116,12:20:58,177.65,100,564350
20221116,12:20:59,177.75,150,564350
20221116,12:21:01,178.00,150,564350
20221116,12:21:04,178.00,450,564350
20221116,12:21:05,177.80,50,564350
20221116,12:21:06,177.75,50,564350
20221116,12:21:07,177.75,250,564350
20221116,12:21:10,178.35,50,566250
20221116,12:21:11,178.00,100,566250
20221116,12:21:13,177.75,50,566250
20221116,12:21:16,179.15,200,566250
20221116,12:21:17,179.30,150,566250
20221116,12:21:20,180.00,250,566250
20221116,12:21:22,180.80,1600,566250
20221116,12:21:23,180.70,150,566250
20221116,12:21:24,181.00,2400,566250
20221116,12:21:26,181.30,800,566250
20221116,12:21:27,180.90,200,566250
20221116,12:21:28,181.35,50,566250
20221116,12:21:29,181.50,100,566250
20221116,12:21:32,180.95,9150,566250
20221116,12:21:32,180.90,1800,566250
20221116,12:21:33,181.85,1350,566250
20221116,12:21:34,181.85,50,566250
20221116,12:21:35,182.00,500,566250
20221116,12:21:36,182.30,100,566250
20221116,12:21:38,181.05,2200,566250
20221116,12:21:40,181.15,100,566250
20221116,12:21:40,181.60,50,566250
20221116,12:21:41,181.10,200,566250
20221116,12:21:42,181.15,100,566250
20221116,12:21:43,180.95,2100,566250
20221116,12:21:45,180.50,100,566250
20221116,12:21:47,180.45,50,566250
20221116,12:21:47,180.65,50,566250
20221116,12:21:48,180.85,150,566250
20221116,12:21:50,180.50,200,566250
20221116,12:21:51,180.80,100,566250
20221116,12:21:52,180.85,150,566250
20221116,12:21:53,180.75,950,566250
20221116,12:21:54,180.95,250,566250
20221116,12:21:55,181.00,200,566250
20221116,12:21:56,180.95,200,566250
20221116,12:21:57,181.10,250,566250
20221116,12:21:58,181.20,50,566250
20221116,12:21:59,181.20,100,566250
20221116,12:22:00,181.90,50,566250
20221116,12:22:01,181.45,350,566250
20221116,12:22:02,181.35,450,566250
20221116,12:22:04,181.15,450,566250
20221116,12:22:05,181.20,300,566250
20221116,12:22:06,181.40,200,566250
20221116,12:22:10,181.15,100,566250
20221116,12:22:11,180.65,300,566250
20221116,12:22:12,181.55,450,566250
20221116,12:22:14,181.05,100,566250
20221116,12:22:16,180.70,400,566250
20221116,12:22:17,181.00,100,566250
20221116,12:22:19,180.90,250,566250
20221116,12:22:21,180.65,150,566250
20221116,12:22:24,181.00,1200,566250
20221116,12:22:26,181.15,100,566250
20221116,12:22:27,181.20,100,566250
20221116,12:22:28,181.50,50,566250
20221116,12:22:29,181.75,50,566250
20221116,12:22:31,181.30,50,566250
20221116,12:22:32,180.80,50,566250
20221116,12:22:33,179.90,2650,566250
20221116,12:22:35,180.70,50,566250
20221116,12:22:38,179.80,100,566250
20221116,12:22:43,180.55,150,566250
20221116,12:22:44,180.35,100,566250
20221116,12:22:45,180.95,150,566250
20221116,12:22:46,180.95,100,566250
20221116,12:22:47,181.35,150,566250
20221116,12:22:48,181.85,250,566250
20221116,12:22:49,182.40,3950,566250
20221116,12:22:50,182.25,50,566250
20221116,12:22:52,182.35,100,566250
20221116,12:22:53,181.40,100,566250
20221116,12:22:56,181.60,50,566250
20221116,12:22:56,181.50,1000,566250
20221116,12:22:58,181.75,500,566250
20221116,12:23:00,182.00,150,566250
20221116,12:23:02,181.50,900,566250
20221116,12:23:03,181.70,350,566250
20221116,12:23:04,181.80,150,566250
20221116,12:23:05,181.35,1550,566250
20221116,12:23:06,180.45,400,566250
20221116,12:23:09,180.20,1500,566250
20221116,12:23:10,180.30,100,566250
20221116,12:23:11,180.55,50,566250
20221116,12:23:12,180.55,50,566250
20221116,12:23:13,180.20,200,566250
20221116,12:23:14,179.85,250,566250
20221116,12:23:17,180.85,150,566250
20221116,12:23:17,180.45,50,566250
20221116,12:23:19,180.95,700,566250
20221116,12:23:20,181.00,150,566250
20221116,12:23:25,182.00,450,566250
20221116,12:23:27,181.30,200,566250
20221116,12:23:28,181.55,200,566250
20221116,12:23:30,182.25,1600,566250
20221116,12:23:33,181.30,50,566250
20221116,12:23:35,181.25,200,566250
20221116,12:23:37,181.20,50,566250
20221116,12:23:38,181.00,500,566250
20221116,12:23:42,182.40,2650,566250
20221116,12:23:45,181.65,50,566250
20221116,12:23:47,182.25,200,566250
20221116,12:23:48,182.40,50,566250
20221116,12:23:50,181.95,150,566250
20221116,12:23:52,182.40,100,566250
20221116,12:23:54,182.30,500,566250
20221116,12:23:56,181.55,100,566250
20221116,12:24:00,181.60,100,566250
20221116,12:24:00,181.20,150,566250
20221116,12:24:03,181.65,50,566250
20221116,12:24:07,181.00,200,566250
20221116,12:24:08,180.70,50,564100
20221116,12:24:11,179.80,2400,564100
20221116,12:24:12,179.70,250,564100
20221116,12:24:14,179.40,100,564100
20221116,12:24:17,180.30,100,564100
20221116,12:24:18,179.75,50,564100
20221116,12:24:19,180.05,50,564100
20221116,12:24:20,180.55,50,564100
20221116,12:24:21,180.30,50,564100
20221116,12:24:26,181.00,100,564100
20221116,12:24:27,180.95,50,564100
20221116,12:24:29,180.50,50,564100
20221116,12:24:30,179.45,250,564100
20221116,12:24:31,179.65,50,564100
20221116,12:24:32,179.80,200,564100
20221116,12:24:34,179.80,50,564100
20221116,12:24:35,179.85,50,564100
20221116,12:24:37,180.25,50,564100
20221116,12:24:40,179.60,250,564100
20221116,12:24:42,179.80,1150,564100
20221116,12:24:43,179.20,400,564100
20221116,12:24:46,179.20,150,564100
20221116,12:24:47,179.00,1100,564100
20221116,12:24:48,179.00,2050,564100
20221116,12:24:49,179.15,1450,564100
20221116,12:24:50,179.05,450,564100
20221116,12:24:59,180.20,150,564100
20221116,12:25:00,180.10,50,564100
20221116,12:25:01,180.00,500,564100
20221116,12:25:02,180.75,50,564100
20221116,12:25:03,180.85,300,564100
20221116,12:25:05,181.65,50,564100
20221116,12:25:06,182.25,950,564100
20221116,12:25:08,182.85,2450,564100
20221116,12:25:09,183.00,850,564100
20221116,12:25:11,184.00,700,564100
20221116,12:25:12,183.90,700,564100
20221116,12:25:12,183.70,200,564100
20221116,12:25:14,184.60,400,564100
20221116,12:25:15,184.65,100,564100
20221116,12:25:17,184.45,900,564100
20221116,12:25:18,184.30,100,564100
20221116,12:25:19,183.90,300,564100
20221116,12:25:20,183.70,200,564100
20221116,12:25:21,183.70,250,564100
20221116,12:25:23,183.95,450,564100
20221116,12:25:24,183.70,2000,564100
20221116,12:25:25,183.70,50,564100
20221116,12:25:26,184.20,1950,564100
20221116,12:25:27,184.15,50,564100
20221116,12:25:29,183.55,950,564100
20221116,12:25:30,183.00,100,564100
20221116,12:25:31,183.50,1300,564100
20221116,12:25:32,183.00,2250,564100
20221116,12:25:33,182.75,100,564100
20221116,12:25:34,182.90,100,564100
20221116,12:25:35,182.60,300,564100
20221116,12:25:36,182.45,50,564100
20221116,12:25:37,183.20,50,564100
20221116,12:25:39,183.05,100,564100
20221116,12:25:41,183.20,100,564100
20221116,12:25:42,183.05,50,564100
20221116,12:25:43,183.00,50,564100
20221116,12:25:45,183.50,1800,564100
20221116,12:25:48,182.75,150,564100
20221116,12:25:49,182.85,1000,564100
20221116,12:25:50,183.50,50,564100
20221116,12:25:51,183.75,50,564100
20221116,12:25:53,183.30,100,564100
20221116,12:25:54,183.55,50,564100
20221116,12:25:55,182.95,350,564100
20221116,12:25:56,183.00,100,564100
20221116,12:25:57,183.45,100,564100
20221116,12:25:59,183.65,500,564100
20221116,12:26:01,184.15,2250,564100
20221116,12:26:02,184.80,1700,564100
20221116,12:26:04,185.00,100,564100
20221116,12:26:06,184.75,150,564100
20221116,12:26:06,184.85,200,564100
20221116,12:26:07,184.40,300,564100
20221116,12:26:09,184.00,650,564100
20221116,12:26:10,183.70,150,564100
20221116,12:26:10,184.30,200,564100
20221116,12:26:12,184.20,150,564100
20221116,12:26:12,184.05,100,564100
20221116,12:26:13,184.00,50,564100
20221116,12:26:14,183.50,1000,564100
20221116,12:26:16,183.15,500,564100
20221116,12:26:17,183.05,2750,564100
20221116,12:26:19,184.15,100,564100
20221116,12:26:22,184.30,50,564100
20221116,12:26:23,184.40,250,564100
20221116,12:26:24,183.90,50,564100
20221116,12:26:25,184.55,100,564100
20221116,12:26:26,184.00,1000,564100
20221116,12:26:30,184.40,250,564100
20221116,12:26:32,184.40,250,564100
20221116,12:26:33,184.00,50,564100
20221116,12:26:35,183.80,50,564100
20221116,12:26:37,184.35,50,564100
20221116,12:26:39,183.70,100,564100
20221116,12:26:40,184.15,300,564100
20221116,12:26:42,183.85,150,564100
20221116,12:26:43,183.20,1150,564100
20221116,12:26:44,183.50,200,564100
20221116,12:26:46,183.30,50,564100
20221116,12:26:48,183.70,50,564100
20221116,12:26:50,183.60,200,564100
20221116,12:27:00,183.70,300,564100
20221116,12:27:02,183.30,100,564100
20221116,12:27:03,183.15,250,564100
20221116,12:27:04,183.05,1250,564100
20221116,12:27:05,183.10,1200,564100
20221116,12:27:07,182.45,50,564100
20221116,12:27:08,182.15,1300,564100
20221116,12:27:08,182.35,350,564100
20221116,12:27:09,181.80,200,564250
20221116,12:27:10,181.05,100,564250
20221116,12:27:12,180.65,100,564250
20221116,12:27:13,180.50,150,564250
20221116,12:27:14,180.25,50,564250
20221116,12:27:15,180.35,50,564250
20221116,12:27:16,180.90,50,564250
20221116,12:27:22,180.60,200,564250
20221116,12:27:22,180.05,800,564250
20221116,12:27:23,180.10,1050,564250
20221116,12:27:26,180.50,50,564250
20221116,12:27:27,180.00,2400,564250
20221116,12:27:28,179.80,1600,564250
20221116,12:27:30,181.00,200,564250
20221116,12:27:31,181.10,150,564250
20221116,12:27:31,180.75,400,564250
20221116,12:27:32,180.85,100,564250
20221116,12:27:33,180.55,450,564250
20221116,12:27:34,180.45,100,564250
20221116,12:27:39,180.40,650,564250
20221116,12:27:40,180.45,250,564250
20221116,12:27:41,180.45,100,564250
20221116,12:27:42,180.60,450,564250
20221116,12:27:44,180.50,100,564250
20221116,12:27:46,180.45,250,564250
20221116,12:27:47,180.00,700,564250
20221116,12:27:49,179.80,100,564250
20221116,12:27:50,179.80,50,564250
20221116,12:27:51,180.45,3350,564250
20221116,12:27:53,180.55,50,564250
20221116,12:27:55,180.75,50,564250
20221116,12:27:56,180.00,250,564250
20221116,12:27:58,180.40,200,564250
20221116,12:27:59,180.45,150,564250
20221116,12:28:00,181.40,550,564250
20221116,12:28:04,181.00,150,564250
20221116,12:28:05,181.50,100,564250
20221116,12:28:07,180.95,50,564250
20221116,12:28:10,181.50,100,564250
20221116,12:28:15,181.80,50,564250
20221116,12:28:16,181.70,150,564250
20221116,12:28:18,182.00,50,564250
20221116,12:28:19,182.70,700,564250
20221116,12:28:22,181.70,250,564250
20221116,12:28:23,182.00,250,564250
20221116,12:28:28,181.45,50,564250
20221116,12:28:29,181.75,100,564250
20221116,12:28:33,181.75,50,564250
20221116,12:28:35,182.00,1100,564250
20221116,12:28:37,183.10,700,564250
20221116,12:28:39,182.55,250,564250
20221116,12:28:41,182.10,150,564250
20221116,12:28:42,182.55,100,564250
20221116,12:28:52,182.15,700,564250
20221116,12:28:55,182.75,400,564250
20221116,12:28:57,182.80,50,564250
20221116,12:28:59,182.70,50,564250
20221116,12:29:01,183.00,1200,564250
20221116,12:29:02,183.50,150,564250
20221116,12:29:03,184.00,150,564250
20221116,12:29:04,183.70,250,564250
20221116,12:29:06,183.90,200,564250
20221116,12:29:10,183.65,50,564250
20221116,12:29:21,184.00,1500,564250
20221116,12:29:24,184.05,250,564250
20221116,12:29:25,183.50,100,564250
20221116,12:29:26,183.85,1300,564250
20221116,12:29:28,183.20,750,564250
20221116,12:29:32,182.75,400,564250
20221116,12:29:34,182.40,300,564250
20221116,12:29:38,182.00,100,564250
20221116,12:29:39,182.00,100,564250
20221116,12:29:41,182.60,150,564250
20221116,12:29:44,182.75,1000,564250
20221116,12:29:45,182.60,100,564250
20221116,12:29:46,182.85,150,564250
20221116,12:29:47,182.85,50,564250
20221116,12:29:48,183.15,450,564250
20221116,12:29:49,183.15,250,564250
20221116,12:29:50,183.30,50,564250
20221116,12:29:53,183.10,50,564250
20221116,12:29:56,183.10,500,564250
20221116,12:29:57,183.50,100,564250
20221116,12:30:00,182.65,150,564250
20221116,12:30:01,183.35,100,564250
20221116,12:30:02,183.55,150,564250
20221116,12:30:03,183.15,150,564250
20221116,12:30:04,183.60,50,564250
20221116,12:30:08,184.15,650,564250
20221116,12:30:12,184.40,1900,561400
20221116,12:30:13,184.50,50,561400
20221116,12:30:14,183.05,2400,561400
20221116,12:30:15,182.45,50,561400
20221116,12:30:18,182.85,250,561400
20221116,12:30:19,182.65,50,561400
20221116,12:30:20,182.60,250,561400
20221116,12:30:21,182.00,1400,561400
20221116,12:30:27,182.40,150,561400
20221116,12:30:28,182.65,200,561400
20221116,12:30:30,183.10,150,561400
20221116,12:30:34,182.30,450,561400
20221116,12:30:35,182.50,150,561400
20221116,12:30:36,182.90,550,561400
20221116,12:30:38,182.55,200,561400
20221116,12:30:39,182.80,450,561400
20221116,12:30:40,183.10,200,561400
20221116,12:30:41,184.10,300,561400
20221116,12:30:42,184.15,50,561400
20221116,12:30:43,184.20,150,561400
20221116,12:30:44,184.00,100,561400
20221116,12:30:49,182.60,600,561400
20221116,12:30:50,182.60,100,561400
20221116,12:30:51,182.90,700,561400
20221116,12:30:52,182.55,250,561400
20221116,12:30:53,182.00,650,561400
20221116,12:30:54,180.90,150,561400
20221116,12:30:55,179.45,4950,561400
20221116,12:30:56,180.30,950,561400
20221116,12:30:57,181.05,1500,561400
20221116,12:30:58,182.55,800,561400
20221116,12:30:59,182.90,100,561400
20221116,12:31:00,183.80,100,561400
20221116,12:31:02,183.30,200,561400
20221116,12:31:03,182.55,150,561400
20221116,12:31:04,182.35,200,561400
20221116,12:31:05,183.00,1850,561400
20221116,12:31:07,182.95,100,561400
20221116,12:31:10,183.50,700,561400
20221116,12:31:13,183.30,3100,561400
20221116,12:31:16,183.95,50,561400
20221116,12:31:17,183.95,200,561400
20221116,12:31:18,184.10,150,561400
20221116,12:31:20,185.15,1550,561400
20221116,12:31:22,185.40,250,561400
20221116,12:31:23,186.00,900,561400
20221116,12:31:24,186.00,5100,561400
20221116,12:31:25,186.40,200,561400
20221116,12:31:26,186.05,400,561400
20221116,12:31:27,185.85,150,561400
20221116,12:31:28,185.70,100,561400
20221116,12:31:30,185.45,150,561400
20221116,12:31:31,185.75,150,561400
20221116,12:31:32,185.80,100,561400
20221116,12:31:33,185.40,50,561400
20221116,12:31:34,186.20,100,561400
20221116,12:31:36,186.00,350,561400
20221116,12:31:37,186.05,200,561400
20221116,12:31:38,188.80,3850,561400
20221116,12:31:39,187.95,450,561400
20221116,12:31:40,187.45,50,561400
20221116,12:31:41,187.35,400,561400
20221116,12:31:42,187.50,150,561400
20221116,12:31:44,187.05,750,561400
20221116,12:31:45,188.10,150,561400
20221116,12:31:46,187.05,550,561400
20221116,12:31:47,187.85,200,561400
20221116,12:31:48,187.35,50,561400
20221116,12:31:49,188.30,100,561400
20221116,12:31:51,187.65,300,561400
20221116,12:31:53,187.50,100,561400
20221116,12:31:54,187.40,50,561400
20221116,12:31:55,188.20,400,561400
20221116,12:31:56,187.30,250,561400
20221116,12:31:57,187.40,100,561400
20221116,12:31:59,188.00,700,561400
20221116,12:32:00,188.10,100,561400
20221116,12:32:04,189.50,1900,561400
20221116,12:32:05,189.65,50,561400
20221116,12:32:06,189.30,100,561400
20221116,12:32:07,188.60,150,561400
20221116,12:32:08,187.40,50,561400
20221116,12:32:10,187.00,1550,561400
20221116,12:32:11,187.40,250,561400
20221116,12:32:12,187.35,1300,561400
20221116,12:32:15,187.40,100,561400
20221116,12:32:16,187.05,1150,561400
20221116,12:32:18,186.00,350,561400
20221116,12:32:19,187.15,50,561400
20221116,12:32:21,186.40,50,561400
20221116,12:32:22,186.55,250,561400
20221116,12:32:24,186.25,150,561400
20221116,12:32:24,186.25,50,561400
20221116,12:32:25,186.25,50,561400
20221116,12:32:26,187.00,50,561400
20221116,12:32:28,187.00,50,561400
20221116,12:32:29,188.20,950,561400
20221116,12:32:31,187.95,50,561400
20221116,12:32:31,188.10,50,561400
20221116,12:32:32,188.60,2300,561400
20221116,12:32:34,188.40,100,561400
20221116,12:32:35,189.00,50,561400
20221116,12:32:36,188.95,50,561400
20221116,12:32:38,189.15,200,561400
20221116,12:32:39,189.45,500,561400
20221116,12:32:40,189.50,100,561400
20221116,12:32:41,187.65,150,561400
20221116,12:32:44,188.15,200,561400
20221116,12:32:46,189.00,50,561400
20221116,12:32:48,189.10,50,561400
20221116,12:32:49,189.10,150,561400
20221116,12:32:50,189.50,1100,561400
20221116,12:32:51,189.90,950,561400
20221116,12:32:52,189.60,50,561400
20221116,12:32:53,190.00,1000,561400
20221116,12:32:54,190.20,300,561400
20221116,12:32:55,190.35,150,561400
20221116,12:32:57,190.45,300,561400
20221116,12:32:58,190.10,450,561400
20221116,12:32:59,190.30,300,561400
20221116,12:33:00,190.30,500,561400
20221116,12:33:01,190.40,1150,561400
20221116,12:33:02,190.75,1200,561400
20221116,12:33:03,191.50,3250,561400
20221116,12:33:04,191.60,2500,561400
20221116,12:33:05,191.95,1000,561400
20221116,12:33:06,191.50,1950,561400
20221116,12:33:07,191.40,1900,561400
20221116,12:33:08,190.30,900,561400
20221116,12:33:09,191.55,150,561400
20221116,12:33:10,190.55,50,554300
20221116,12:33:11,191.15,50,554300
20221116,12:33:12,190.00,1050,554300
20221116,12:33:14,190.00,500,554300
20221116,12:33:15,190.30,250,554300
20221116,12:33:16,190.40,100,554300
20221116,12:33:17,191.05,50,554300
20221116,12:33:18,191.00,1000,554300
20221116,12:33:19,190.95,150,554300
20221116,12:33:20,190.95,50,554300
20221116,12:33:21,191.25,50,554300
20221116,12:33:24,191.55,100,554300
20221116,12:33:25,192.05,850,554300
20221116,12:33:26,192.45,250,554300
20221116,12:33:27,191.80,450,554300
20221116,12:33:28,192.20,200,554300
20221116,12:33:30,192.15,1200,554300
20221116,12:33:31,191.50,1150,554300
20221116,12:33:32,191.70,1050,554300
20221116,12:33:35,191.50,200,554300
20221116,12:33:36,191.70,150,554300
20221116,12:33:37,190.60,2000,554300
20221116,12:33:38,191.20,100,554300
20221116,12:33:39,191.25,50,554300
20221116,12:33:40,191.50,50,554300
20221116,12:33:41,190.95,50,554300
20221116,12:33:44,191.40,50,554300
20221116,12:33:44,191.60,100,554300
20221116,12:33:45,191.70,200,554300
20221116,12:33:46,191.00,3600,554300
20221116,12:33:47,190.80,50,554300
20221116,12:33:48,191.40,100,554300
20221116,12:33:49,191.80,100,554300
20221116,12:33:51,191.30,150,554300
20221116,12:33:52,191.80,100,554300
20221116,12:33:53,190.95,1050,554300
20221116,12:33:54,190.95,750,554300
20221116,12:33:55,190.75,50,554300
20221116,12:33:56,190.25,300,554300
20221116,12:33:58,190.00,850,554300
20221116,12:34:00,190.05,350,554300
20221116,12:34:01,190.60,100,554300
20221116,12:34:02,190.15,100,554300
20221116,12:34:03,190.25,500,554300
20221116,12:34:06,189.50,600,554300
20221116,12:34:07,189.90,100,554300
20221116,12:34:08,189.35,50,554300
20221116,12:34:09,190.00,50,554300
20221116,12:34:10,190.15,50,554300
20221116,12:34:11,190.00,200,554300
20221116,12:34:13,189.00,250,554300
20221116,12:34:14,188.45,150,554300
20221116,12:34:15,189.20,50,554300
20221116,12:34:16,188.75,1700,554300
20221116,12:34:18,189.85,200,554300
20221116,12:34:18,189.90,100,554300
20221116,12:34:20,190.00,250,554300
20221116,12:34:21,190.50,450,554300
20221116,12:34:22,190.40,50,554300
20221116,12:34:23,190.25,150,554300
20221116,12:34:25,189.85,400,554300
20221116,12:34:26,190.10,500,554300
20221116,12:34:28,189.75,50,554300
20221116,12:34:29,190.15,200,554300
20221116,12:34:30,191.00,200,554300
20221116,12:34:31,191.00,100,554300
20221116,12:34:32,190.50,100,554300
20221116,12:34:33,191.00,2150,554300
20221116,12:34:35,191.80,4900,554300
20221116,12:34:37,192.00,150,554300
20221116,12:34:40,190.45,100,554300
20221116,12:34:42,190.30,100,554300
20221116,12:34:43,190.70,2000,554300
20221116,12:34:45,190.85,50,554300
20221116,12:34:47,191.40,550,554300
20221116,12:34:48,191.35,50,554300
20221116,12:34:49,191.70,100,554300
20221116,12:34:51,190.90,50,554300
20221116,12:34:53,191.15,350,554300
20221116,12:34:53,191.20,50,554300
20221116,12:34:55,190.65,50,554300
20221116,12:34:55,190.85,50,554300
20221116,12:34:57,191.30,50,554300
20221116,12:34:58,191.50,1500,554300
20221116,12:34:59,191.55,100,554300
20221116,12:35:01,191.60,50,554300
20221116,12:35:04,192.00,300,554300
20221116,12:35:04,192.00,2000,554300
20221116,12:35:05,191.95,1500,554300
20221116,12:35:06,191.65,2550,554300
20221116,12:35:07,191.95,300,554300
20221116,12:35:08,191.15,350,554300
20221116,12:35:11,190.65,50,554300
20221116,12:35:12,190.90,100,554300
20221116,12:35:14,190.50,350,554300
20221116,12:35:14,190.30,100,554300
20221116,12:35:15,190.75,100,554300
20221116,12:35:17,190.75,450,554300
20221116,12:35:18,190.25,200,554300
20221116,12:35:20,190.30,100,554300
20221116,12:35:21,191.10,150,554300
20221116,12:35:23,190.55,50,554300
20221116,12:35:24,190.60,100,554300
20221116,12:35:25,190.50,100,554300
20221116,12:35:26,189.40,1250,554300
20221116,12:35:28,188.55,2700,554300
20221116,12:35:30,188.55,100,554300
20221116,12:35:31,189.50,100,554300
20221116,12:35:33,190.00,200,554300
20221116,12:35:37,189.70,100,554300
20221116,12:35:41,190.70,550,554300
20221116,12:35:43,191.15,100,554300
20221116,12:35:44,190.35,100,554300
20221116,12:35:47,189.75,50,554300
20221116,12:35:49,189.65,400,554300
20221116,12:35:51,189.55,100,554300
20221116,12:35:51,189.95,100,554300
20221116,12:35:52,188.70,150,554300
20221116,12:35:54,189.10,200,554300
20221116,12:35:56,189.10,1100,554300
20221116,12:35:57,189.00,150,554300
20221116,12:35:58,189.00,50,554300
20221116,12:36:00,189.00,50,554300
20221116,12:36:01,189.45,800,554300
20221116,12:36:06,189.35,200,554300
20221116,12:36:08,188.60,100,554300
20221116,12:36:09,189.35,200,554300
20221116,12:36:10,187.90,500,554300
20221116,12:36:12,187.65,100,558850
20221116,12:36:13,187.40,1650,558850
20221116,12:36:15,187.00,950,558850
20221116,12:36:16,187.60,1550,558850
20221116,12:36:17,187.40,200,558850
20221116,12:36:18,187.00,600,558850
20221116,12:36:19,186.80,500,558850
20221116,12:36:20,186.30,50,558850
20221116,12:36:23,186.00,4250,558850
20221116,12:36:24,186.20,100,558850
20221116,12:36:25,185.60,100,558850
20221116,12:36:26,185.30,350,558850
20221116,12:36:27,185.60,250,558850
20221116,12:36:29,186.00,400,558850
20221116,12:36:29,185.95,650,558850
20221116,12:36:30,186.25,100,558850
20221116,12:36:31,186.30,250,558850
20221116,12:36:32,186.55,150,558850
20221116,12:36:34,186.65,100,558850
20221116,12:36:35,186.90,500,558850
20221116,12:36:36,186.60,100,558850
20221116,12:36:39,185.70,1800,558850
20221116,12:36:40,185.50,50,558850
20221116,12:36:41,185.45,150,558850
20221116,12:36:42,185.60,800,558850
20221116,12:36:43,185.20,150,558850
20221116,12:36:45,185.55,300,558850
20221116,12:36:46,186.10,700,558850
20221116,12:36:48,186.15,350,558850
20221116,12:36:50,186.00,50,558850
20221116,12:36:53,185.85,150,558850
20221116,12:36:54,185.10,250,558850
20221116,12:36:55,185.00,1350,558850
20221116,12:36:56,184.75,250,558850
20221116,12:36:57,184.50,350,558850
20221116,12:37:01,185.00,150,558850
20221116,12:37:03,184.90,50,558850
20221116,12:37:04,185.35,150,558850
20221116,12:37:05,184.95,250,558850
20221116,12:37:09,184.10,3250,558850
20221116,12:37:10,184.05,50,558850
20221116,12:37:11,183.75,100,558850
20221116,12:37:12,183.15,150,558850
20221116,12:37:13,183.05,1150,558850
20221116,12:37:14,183.00,50,558850
20221116,12:37:16,183.00,1800,558850
20221116,12:37:17,182.60,50,558850
20221116,12:37:18,182.95,150,558850
20221116,12:37:19,183.25,100,558850
20221116,12:37:21,183.00,400,558850
20221116,12:37:23,182.40,50,558850
20221116,12:37:24,182.20,200,558850
20221116,12:37:25,181.55,550,558850
20221116,12:37:26,181.50,50,558850
20221116,12:37:27,181.45,750,558850
20221116,12:37:28,181.40,150,558850
20221116,12:37:29,181.50,50,558850
20221116,12:37:31,182.00,550,558850
20221116,12:37:31,181.90,50,558850
20221116,12:37:33,182.00,650,558850
20221116,12:37:35,182.35,100,558850
20221116,12:37:36,182.00,150,558850
20221116,12:37:37,182.05,200,558850
20221116,12:37:39,183.00,50,558850
20221116,12:37:43,183.40,100,558850
20221116,12:37:44,182.65,150,558850
20221116,12:37:47,182.00,900,558850
20221116,12:37:48,181.25,50,558850
20221116,12:37:49,181.05,50,558850
20221116,12:37:50,180.65,600,558850
20221116,12:37:51,180.95,150,558850
20221116,12:37:52,181.25,450,558850
20221116,12:37:52,181.45,300,558850
20221116,12:37:53,182.00,200,558850
20221116,12:37:55,181.70,50,558850
20221116,12:37:56,181.75,150,558850
20221116,12:37:57,182.15,50,558850
20221116,12:38:01,181.90,50,558850
20221116,12:38:01,182.10,150,558850
20221116,12:38:03,181.20,100,558850
20221116,12:38:04,181.35,350,558850
20221116,12:38:05,181.05,50,558850
20221116,12:38:07,180.80,50,558850
20221116,12:38:09,180.75,400,558850
20221116,12:38:17,181.65,100,558850
20221116,12:38:17,181.60,500,558850
20221116,12:38:19,182.30,50,558850
20221116,12:38:21,182.00,200,558850
20221116,12:38:22,182.30,50,558850
20221116,12:38:27,181.30,50,558850
20221116,12:38:28,181.00,100,558850
20221116,12:38:38,180.85,50,558850
20221116,12:38:39,181.35,50,558850
20221116,12:38:40,182.00,50,558850
20221116,12:38:42,182.15,100,558850
20221116,12:38:43,182.05,50,558850
20221116,12:38:44,182.95,150,558850
20221116,12:38:46,183.30,100,558850
20221116,12:38:48,182.45,250,558850
20221116,12:38:49,182.95,50,558850
20221116,12:38:50,182.65,50,558850
20221116,12:38:53,182.45,800,558850
20221116,12:38:54,182.00,50,558850
20221116,12:38:55,181.85,50,558850
20221116,12:38:56,181.90,2800,558850
20221116,12:38:58,181.40,100,558850
20221116,12:39:01,181.00,300,558850
20221116,12:39:02,180.55,100,558850
20221116,12:39:03,181.00,50,558850
20221116,12:39:04,180.50,50,558850
20221116,12:39:06,180.80,50,558850
20221116,12:39:07,179.65,1650,558850
20221116,12:39:08,179.55,50,558850
20221116,12:39:09,179.00,300,558850
20221116,12:39:10,179.00,350,558850
20221116,12:39:11,179.25,400,558850
20221116,12:39:13,179.20,750,564250
20221116,12:39:14,179.55,100,564250
20221116,12:39:15,179.55,50,564250
20221116,12:39:16,179.90,50,564250
20221116,12:39:17,179.70,100,564250
20221116,12:39:18,179.20,700,564250
20221116,12:39:19,179.65,500,564250
20221116,12:39:22,179.50,50,564250
20221116,12:39:23,179.20,150,564250
20221116,12:39:24,180.00,150,564250
20221116,12:39:25,179.90,150,564250
20221116,12:39:26,179.70,550,564250
20221116,12:39:27,179.95,50,564250
20221116,12:39:28,180.25,250,564250
20221116,12:39:29,181.00,350,564250
20221116,12:39:32,181.30,50,564250
20221116,12:39:42,181.45,50,564250
20221116,12:39:44,181.00,50,564250
20221116,12:39:45,179.60,300,564250
20221116,12:39:46,179.60,100,564250
20221116,12:39:47,179.25,50,564250
20221116,12:39:54,179.00,250,564250
20221116,12:40:00,179.00,100,564250
20221116,12:40:02,178.00,1250,564250
20221116,12:40:03,178.05,50,564250
20221116,12:40:05,177.30,450,564250
20221116,12:40:08,177.05,2200,564250
20221116,12:40:09,177.05,200,564250
20221116,12:40:10,176.75,200,564250
20221116,12:40:11,177.30,200,564250
20221116,12:40:13,177.45,550,564250
20221116,12:40:15,177.45,800,564250
20221116,12:40:17,177.30,50,564250
20221116,12:40:18,176.85,450,564250
20221116,12:40:19,176.85,150,564250
20221116,12:40:21,176.50,50,564250
20221116,12:40:22,175.85,1200,564250
20221116,12:40:23,176.95,250,564250
20221116,12:40:24,176.70,100,564250
20221116,12:40:25,176.30,450,564250
20221116,12:40:26,176.35,50,564250
20221116,12:40:29,177.00,150,564250
20221116,12:40:30,177.45,150,564250
20221116,12:40:31,176.80,3400,564250
20221116,12:40:32,176.70,50,564250
20221116,12:40:33,177.30,100,564250
20221116,12:40:35,177.80,50,564250
20221116,12:40:36,179.00,500,564250
20221116,12:40:37,178.60,100,564250
20221116,12:40:39,178.90,50,564250
20221116,12:40:41,178.75,1000,564250
20221116,12:40:42,179.30,250,564250
20221116,12:40:44,178.70,300,564250
20221116,12:40:45,179.15,50,564250
20221116,12:40:48,179.20,1800,564250
20221116,12:40:49,179.30,50,564250
20221116,12:40:50,179.25,100,564250
20221116,12:40:55,178.35,150,564250
20221116,12:40:56,179.25,250,564250
20221116,12:40:57,179.30,150,564250
20221116,12:40:58,179.35,50,564250
20221116,12:40:59,179.10,200,564250
20221116,12:41:00,177.85,850,564250
20221116,12:41:01,178.25,50,564250
20221116,12:41:05,178.50,50,564250
20221116,12:41:09,178.30,1000,564250
20221116,12:41:10,178.95,50,564250
20221116,12:41:11,179.00,50,564250
20221116,12:41:13,178.95,50,564250
20221116,12:41:14,178.15,150,564250
20221116,12:41:17,177.35,100,564250
20221116,12:41:18,176.80,1000,564250
20221116,12:41:21,177.20,100,564250
20221116,12:41:22,177.40,50,564250
20221116,12:41:23,178.15,100,564250
20221116,12:41:32,178.15,50,564250
20221116,12:41:37,176.85,450,564250
20221116,12:41:39,176.10,150,564250
20221116,12:41:40,177.20,50,564250
20221116,12:41:43,176.95,50,564250
20221116,12:41:44,176.95,100,564250
20221116,12:41:49,176.90,50,564250
20221116,12:41:51,177.00,1500,564250
20221116,12:41:52,177.00,1500,564250
20221116,12:41:53,177.20,50,564250
20221116,12:41:57,177.85,50,564250
20221116,12:41:58,177.50,1400,564250
20221116,12:41:59,177.20,200,564250
20221116,12:42:04,177.90,1000,564250
20221116,12:42:07,178.30,100,564250
20221116,12:42:13,177.75,200,558250
20221116,12:42:14,178.30,50,558250
20221116,12:42:15,178.35,50,558250
20221116,12:42:16,179.00,350,558250
20221116,12:42:18,179.40,100,558250
20221116,12:42:19,179.40,500,558250
20221116,12:42:23,179.75,250,558250
20221116,12:42:26,180.25,150,558250
20221116,12:42:28,179.80,100,558250
20221116,12:42:29,180.05,50,558250
20221116,12:42:31,179.85,100,558250
20221116,12:42:32,180.30,50,558250
20221116,12:42:33,180.00,150,558250
20221116,12:42:36,180.10,150,558250
20221116,12:42:38,179.50,150,558250
20221116,12:42:41,178.70,50,558250
20221116,12:42:42,179.00,200,558250
20221116,12:42:48,179.00,50,558250
20221116,12:42:49,179.00,50,558250
20221116,12:42:53,179.00,50,558250
20221116,12:43:05,178.20,50,558250
20221116,12:43:06,178.00,50,558250
20221116,12:43:09,177.00,1000,558250
20221116,12:43:14,177.20,50,558250
20221116,12:43:18,177.25,350,558250
20221116,12:43:19,177.00,600,558250
20221116,12:43:20,175.95,750,558250
20221116,12:43:22,175.80,200,558250
20221116,12:43:23,175.30,50,558250
20221116,12:43:26,176.00,100,558250
20221116,12:43:29,177.00,100,558250
20221116,12:43:31,176.10,50,558250
20221116,12:43:34,176.40,100,558250
20221116,12:43:35,176.00,150,558250
20221116,12:43:36,176.05,50,558250
20221116,12:43:39,176.60,900,558250
20221116,12:43:43,176.35,200,558250
20221116,12:43:45,176.15,550,558250
20221116,12:43:46,176.15,250,558250
20221116,12:43:47,176.55,50,558250
20221116,12:43:54,176.45,50,558250
20221116,12:43:56,177.20,100,558250
20221116,12:43:57,177.00,100,558250
20221116,12:43:58,176.60,200,558250
20221116,12:44:00,177.20,50,558250
20221116,12:44:01,177.70,50,558250
20221116,12:44:03,178.05,50,558250
20221116,12:44:04,179.00,200,558250
20221116,12:44:05,179.40,50,558250
20221116,12:44:06,179.70,50,558250
20221116,12:44:08,179.75,50,558250
20221116,12:44:09,179.60,400,558250
20221116,12:44:11,179.55,2500,558250
20221116,12:44:12,180.00,1100,558250
20221116,12:44:13,179.85,150,558250
20221116,12:44:15,179.60,150,558250
20221116,12:44:17,179.40,600,558250
20221116,12:44:18,179.65,250,558250
20221116,12:44:20,179.80,250,558250
20221116,12:44:22,180.25,50,558250
20221116,12:44:24,180.45,100,558250
20221116,12:44:28,180.50,150,558250
20221116,12:44:29,180.50,150,558250
20221116,12:44:31,180.50,350,558250
20221116,12:44:32,180.55,200,558250
20221116,12:44:36,180.90,450,558250
20221116,12:44:36,180.40,100,558250
20221116,12:44:38,180.30,50,558250
20221116,12:44:41,181.10,50,558250
20221116,12:44:42,180.95,50,558250
20221116,12:44:45,181.35,50,558250
20221116,12:44:46,181.65,400,558250
20221116,12:44:47,181.90,300,558250
20221116,12:44:48,180.70,250,558250
20221116,12:44:49,180.95,200,558250
20221116,12:44:50,181.50,300,558250
20221116,12:44:51,180.90,150,558250
20221116,12:44:54,181.45,100,558250
20221116,12:44:55,182.00,600,558250
20221116,12:44:58,181.50,150,558250
20221116,12:44:59,181.05,150,558250
20221116,12:45:00,180.65,150,558250
20221116,12:45:01,180.90,50,558250
20221116,12:45:03,181.90,1500,558250
20221116,12:45:05,181.20,1650,558250
20221116,12:45:06,181.20,100,558250
20221116,12:45:07,181.55,150,558250
20221116,12:45:08,181.40,2100,558250
20221116,12:45:09,181.95,50,558250
20221116,12:45:10,182.00,600,558250
20221116,12:45:12,181.70,500,555000
20221116,12:45:12,181.85,600,555000
20221116,12:45:13,181.40,100,555000
20221116,12:45:14,181.30,1000,555000
20221116,12:45:15,181.85,50,555000
20221116,12:45:17,182.40,350,555000
20221116,12:45:18,183.20,150,555000
20221116,12:45:19,183.05,1800,555000
20221116,12:45:21,183.70,50,555000
20221116,12:45:22,184.00,600,555000
20221116,12:45:23,183.40,1350,555000
20221116,12:45:24,184.00,1750,555000
20221116,12:45:24,184.15,550,555000
20221116,12:45:25,184.40,250,555000
20221116,12:45:26,184.70,200,555000
20221116,12:45:27,184.75,550,555000
20221116,12:45:28,185.60,1700,555000
20221116,12:45:29,185.95,2550,555000
20221116,12:45:30,186.20,900,555000
20221116,12:45:31,186.40,100,555000
20221116,12:45:32,185.35,500,555000
20221116,12:45:34,184.75,1000,555000
20221116,12:45:35,185.50,650,555000
20221116,12:45:36,185.20,400,555000
20221116,12:45:37,184.60,900,555000
20221116,12:45:38,185.10,50,555000
20221116,12:45:39,183.40,4700,555000
20221116,12:45:39,184.10,50,555000
20221116,12:45:40,183.45,150,555000
20221116,12:45:43,183.95,50,555000
20221116,12:45:45,183.65,100,555000
20221116,12:45:46,183.20,600,555000
20221116,12:45:50,183.50,150,555000
20221116,12:46:00,185.30,100,555000
20221116,12:46:01,184.60,100,555000
20221116,12:46:02,185.00,100,555000
20221116,12:46:04,186.00,1250,555000
20221116,12:46:05,186.50,500,555000
20221116,12:46:08,185.85,200,555000
20221116,12:46:10,185.90,50,555000
20221116,12:46:11,184.75,50,555000
20221116,12:46:11,185.05,50,555000
20221116,12:46:13,185.30,350,555000
20221116,12:46:14,185.50,300,555000
20221116,12:46:16,185.60,100,555000
20221116,12:46:17,185.50,50,555000
20221116,12:46:18,186.00,100,555000
20221116,12:46:20,186.05,150,555000
20221116,12:46:20,185.50,50,555000
20221116,12:46:21,185.75,200,555000
20221116,12:46:22,185.05,100,555000
20221116,12:46:24,185.00,1800,555000
20221116,12:46:24,184.65,250,555000
20221116,12:46:27,185.30,100,555000
20221116,12:46:31,184.95,50,555000
20221116,12:46:32,184.75,50,555000
20221116,12:46:33,185.00,50,555000
20221116,12:46:36,184.30,100,555000
20221116,12:46:37,183.80,350,555000
20221116,12:46:38,184.00,100,555000
20221116,12:46:40,184.05,50,555000
20221116,12:46:43,185.10,50,555000
20221116,12:46:45,184.65,300,555000
20221116,12:46:46,184.50,50,555000
20221116,12:46:47,185.15,250,555000
20221116,12:46:53,183.80,50,555000
20221116,12:46:55,184.35,200,555000
20221116,12:46:59,184.10,100,555000
20221116,12:47:02,183.40,100,555000
20221116,12:47:03,183.00,250,555000
20221116,12:47:04,183.15,100,555000
20221116,12:47:05,183.00,50,555000
20221116,12:47:07,183.10,100,555000
20221116,12:47:10,182.90,100,555000
20221116,12:47:12,182.30,50,555000
20221116,12:47:13,181.80,2000,555000
20221116,12:47:14,181.20,50,555000
20221116,12:47:17,181.75,50,555000
20221116,12:47:20,181.40,100,555000
20221116,12:47:24,181.20,50,555000
20221116,12:47:27,181.15,150,555000
20221116,12:47:29,180.25,1300,555000
20221116,12:47:30,180.65,100,555000
20221116,12:47:31,181.60,1100,555000
20221116,12:47:33,182.00,350,555000
20221116,12:47:34,181.50,650,555000
20221116,12:47:35,182.00,800,555000
20221116,12:47:37,182.25,150,555000
20221116,12:47:40,181.70,850,555000
20221116,12:47:41,181.75,700,555000
20221116,12:47:42,182.05,400,555000
20221116,12:47:44,181.80,50,555000
20221116,12:47:46,181.60,250,555000
20221116,12:47:48,181.20,100,555000
20221116,12:47:54,181.05,150,555000
20221116,12:47:56,180.00,750,555000
20221116,12:47:57,179.45,200,555000
20221116,12:47:58,179.90,300,555000
20221116,12:48:01,179.40,100,555000
20221116,12:48:03,179.45,100,555000
20221116,12:48:04,180.00,750,555000
20221116,12:48:04,180.10,200,555000
20221116,12:48:06,180.00,50,555000
20221116,12:48:07,181.05,50,555000
20221116,12:48:08,180.15,100,555000
20221116,12:48:14,179.45,100,552050
20221116,12:48:17,179.20,100,552050
20221116,12:48:18,178.45,350,552050
20221116,12:48:19,178.95,1800,552050
20221116,12:48:20,179.05,650,552050
20221116,12:48:25,179.00,50,552050
20221116,12:48:26,179.45,50,552050
20221116,12:48:29,178.25,150,552050
20221116,12:48:31,178.55,150,552050
20221116,12:48:33,178.95,150,552050
20221116,12:48:34,178.90,250,552050
20221116,12:48:36,178.20,50,552050
20221116,12:48:38,178.00,2050,552050
20221116,12:48:39,177.30,100,552050
20221116,12:48:39,177.25,200,552050
20221116,12:48:40,177.00,250,552050
20221116,12:48:42,177.50,50,552050
20221116,12:48:43,176.80,100,552050
20221116,12:48:44,176.25,1000,552050
20221116,12:48:45,176.40,50,552050
20221116,12:48:46,176.50,200,552050
20221116,12:48:48,176.85,100,552050
20221116,12:48:49,176.90,300,552050
20221116,12:48:51,177.35,250,552050
20221116,12:48:54,176.40,500,552050
20221116,12:48:55,176.90,50,552050
20221116,12:48:58,177.75,200,552050
20221116,12:49:00,177.40,50,552050
20221116,12:49:01,177.15,200,552050
20221116,12:49:02,177.45,50,552050
20221116,12:49:06,179.65,600,552050
20221116,12:49:08,179.35,200,552050
20221116,12:49:15,179.65,100,552050
20221116,12:49:16,179.60,200,552050
20221116,12:49:17,179.90,50,552050
20221116,12:49:19,180.80,1000,552050
20221116,12:49:20,180.40,100,552050
20221116,12:49:21,180.80,100,552050
20221116,12:49:28,180.35,50,552050
20221116,12:49:31,180.80,150,552050
20221116,12:49:32,181.50,600,552050
20221116,12:49:34,181.75,50,552050
20221116,12:49:35,181.45,1800,552050
20221116,12:49:37,181.40,200,552050
20221116,12:49:39,180.80,100,552050
20221116,12:49:41,180.35,800,552050
20221116,12:49:44,180.00,200,552050
20221116,12:49:45,180.00,250,552050
20221116,12:49:46,180.30,50,552050
20221116,12:49:48,179.85,50,552050
20221116,12:49:50,179.35,200,552050
20221116,12:50:05,179.50,1000,552050
20221116,12:50:07,179.20,150,552050
20221116,12:50:10,179.35,100,552050
20221116,12:50:12,178.85,50,552050
20221116,12:50:15,178.00,100,552050
20221116,12:50:16,177.00,150,552050
20221116,12:50:17,175.70,2250,552050
20221116,12:50:18,175.35,2350,552050
20221116,12:50:19,176.55,200,552050
20221116,12:50:20,176.40,50,552050
20221116,12:50:21,176.85,350,552050
20221116,12:50:26,176.85,100,552050
20221116,12:50:28,176.25,150,552050
20221116,12:50:33,177.40,250,552050
20221116,12:50:34,177.30,500,552050
20221116,12:50:38,176.90,800,552050
20221116,12:50:39,177.20,600,552050
20221116,12:50:41,176.10,100,552050
20221116,12:50:42,176.25,100,552050
20221116,12:50:43,176.00,50,552050
20221116,12:50:44,176.20,650,552050
20221116,12:50:45,175.45,100,552050
20221116,12:50:46,175.65,50,552050
20221116,12:50:47,174.90,3700,552050
20221116,12:50:48,174.60,800,552050
20221116,12:50:49,175.10,100,552050
20221116,12:50:51,176.30,800,552050
20221116,12:50:52,176.85,150,552050
20221116,12:50:56,176.20,700,552050
20221116,12:50:58,176.40,250,552050
20221116,12:51:00,178.00,2400,552050
20221116,12:51:03,177.60,50,552050
20221116,12:51:04,178.00,650,552050
20221116,12:51:05,178.10,250,552050
20221116,12:51:06,178.30,200,552050
20221116,12:51:10,178.45,100,552050
20221116,12:51:14,178.00,50,547250
20221116,12:51:19,178.25,900,547250
20221116,12:51:21,178.30,200,547250
20221116,12:51:22,178.80,2500,547250
20221116,12:51:24,178.25,100,547250
20221116,12:51:27,178.40,50,547250
20221116,12:51:29,179.00,300,547250
20221116,12:51:32,179.40,350,547250
20221116,12:51:36,180.00,500,547250
20221116,12:51:37,179.90,200,547250
20221116,12:51:39,180.35,50,547250
20221116,12:51:43,180.90,50,547250
20221116,12:51:44,181.35,150,547250
20221116,12:51:46,180.80,100,547250
20221116,12:51:51,182.00,300,547250
20221116,12:51:52,182.00,50,547250
20221116,12:51:53,182.00,50,547250
20221116,12:51:54,182.00,50,547250
20221116,12:51:55,182.00,250,547250
20221116,12:51:57,182.20,100,547250
20221116,12:51:59,182.15,100,547250
20221116,12:52:00,182.15,50,547250
20221116,12:52:01,181.80,50,547250
20221116,12:52:02,181.65,50,547250
20221116,12:52:03,181.65,400,547250
20221116,12:52:04,181.10,50,547250
20221116,12:52:05,181.25,150,547250
20221116,12:52:07,181.90,500,547250
20221116,12:52:08,181.80,50,547250
20221116,12:52:10,181.40,100,547250
20221116,12:52:11,180.80,50,547250
20221116,12:52:13,181.15,150,547250
20221116,12:52:14,181.60,800,547250
20221116,12:52:16,182.00,1850,547250
20221116,12:52:18,183.00,250,547250
20221116,12:52:19,183.40,200,547250
20221116,12:52:20,183.90,50,547250
20221116,12:52:21,184.10,2250,547250
20221116,12:52:24,183.75,500,547250
20221116,12:52:25,184.65,250,547250
20221116,12:52:26,184.90,1350,547250
20221116,12:52:28,184.60,150,547250
20221116,12:52:29,184.55,750,547250
20221116,12:52:33,184.90,1000,547250
20221116,12:52:35,185.00,100,547250
20221116,12:52:36,184.45,350,547250
20221116,12:52:37,183.90,250,547250
20221116,12:52:39,183.95,300,547250
20221116,12:52:43,184.50,300,547250
20221116,12:52:44,183.90,850,547250
20221116,12:52:45,183.55,100,547250
20221116,12:52:46,183.40,1000,547250
20221116,12:52:53,183.10,400,547250
20221116,12:52:56,183.10,50,547250
20221116,12:52:57,183.45,50,547250
20221116,12:52:58,183.50,100,547250
20221116,12:52:59,182.95,1200,547250
20221116,12:53:00,183.65,100,547250
20221116,12:53:04,184.10,500,547250
20221116,12:53:08,184.00,150,547250
20221116,12:53:10,183.30,100,547250
20221116,12:53:11,182.50,100,547250
20221116,12:53:13,182.60,650,547250
20221116,12:53:14,182.40,50,547250
20221116,12:53:16,182.05,1200,547250
20221116,12:53:18,183.00,400,547250
20221116,12:53:23,183.30,100,547250
20221116,12:53:24,183.00,50,547250
20221116,12:53:32,182.35,250,547250
20221116,12:53:34,182.90,100,547250
20221116,12:53:37,183.40,2150,547250
20221116,12:53:40,183.05,50,547250
20221116,12:53:45,181.65,1050,547250
20221116,12:53:55,181.90,50,547250
20221116,12:53:59,182.00,50,547250
20221116,12:54:03,183.00,50,547250
20221116,12:54:06,182.15,300,547250
20221116,12:54:11,182.15,200,547250
20221116,12:54:12,182.70,200,547250
20221116,12:54:18,184.00,50,545300
20221116,12:54:19,184.60,50,545300
20221116,12:54:21,185.00,550,545300
20221116,12:54:22,185.25,450,545300
20221116,12:54:24,185.05,150,545300
20221116,12:54:25,185.00,150,545300
20221116,12:54:27,184.40,600,545300
20221116,12:54:35,182.60,250,545300
20221116,12:54:41,182.55,100,545300
20221116,12:54:45,182.60,50,545300
20221116,12:54:49,181.90,550,545300
20221116,12:54:50,182.35,50,545300
20221116,12:54:52,182.15,150,545300
20221116,12:54:56,183.00,100,545300
20221116,12:54:58,184.00,500,545300
20221116,12:55:00,183.40,50,545300
20221116,12:55:08,182.80,50,545300
20221116,12:55:13,182.75,100,545300
20221116,12:55:15,182.00,50,545300
20221116,12:55:19,181.55,950,545300
20221116,12:55:21,182.80,750,545300
20221116,12:55:23,182.90,100,545300
20221116,12:55:24,183.00,500,545300
20221116,12:55:26,182.90,50,545300
20221116,12:55:28,181.90,100,545300
20221116,12:55:30,181.85,50,545300
20221116,12:55:31,181.55,50,545300
20221116,12:55:35,183.00,2050,545300
20221116,12:55:37,182.75,950,545300
20221116,12:55:40,182.30,50,545300
20221116,12:55:42,182.60,500,545300
20221116,12:55:43,182.20,50,545300
20221116,12:55:52,182.05,50,545300
20221116,12:55:56,181.95,300,545300
20221116,12:55:58,181.30,950,545300
20221116,12:56:01,182.95,150,545300
20221116,12:56:03,183.40,200,545300
20221116,12:56:06,183.90,350,545300
20221116,12:56:07,183.65,150,545300
20221116,12:56:09,182.95,700,545300
20221116,12:56:13,182.70,100,545300
20221116,12:56:17,181.60,1900,545300
20221116,12:56:23,181.00,1150,545300
20221116,12:56:24,180.85,200,545300
20221116,12:56:25,180.75,50,545300
20221116,12:56:26,180.00,1300,545300
20221116,12:56:27,179.85,1100,545300
20221116,12:56:29,179.50,500,545300
20221116,12:56:30,180.10,200,545300
20221116,12:56:32,179.85,250,545300
20221116,12:56:40,181.20,50,545300
20221116,12:56:41,180.15,150,545300
20221116,12:56:44,179.90,1800,545300
20221116,12:56:51,180.00,1200,545300
20221116,12:56:57,179.80,50,545300
20221116,12:57:01,179.65,900,545300
20221116,12:57:08,179.65,150,545300
20221116,12:57:09,179.65,250,545300
20221116,12:57:11,179.20,500,545300
20221116,12:57:13,180.00,50,546100
20221116,12:57:29,182.75,200,546100
20221116,12:57:30,182.70,500,546100
20221116,12:57:33,183.00,550,546100
20221116,12:57:34,183.40,700,546100
20221116,12:57:35,185.35,5750,546100
20221116,12:57:35,187.45,2300,546100
20221116,12:57:36,186.70,600,546100
20221116,12:57:37,186.15,250,546100
20221116,12:57:38,185.90,50,546100
20221116,12:57:39,185.85,500,546100
20221116,12:57:44,185.90,350,546100
20221116,12:57:45,185.95,1100,546100
20221116,12:57:48,184.95,450,546100
20221116,12:57:49,184.50,50,546100
20221116,12:57:52,185.20,500,546100
20221116,12:57:55,184.60,600,546100
20221116,12:57:57,183.65,50,546100
20221116,12:58:00,183.55,550,546100
20221116,12:58:04,185.00,100,546100
20221116,12:58:06,184.10,500,546100
20221116,12:58:07,184.80,250,546100
20221116,12:58:09,183.55,300,546100
20221116,12:58:10,183.95,50,546100
20221116,12:58:10,183.20,50,546100
20221116,12:58:16,183.55,50,546100
20221116,12:58:17,183.60,50,546100
20221116,12:58:21,183.40,50,546100
20221116,12:58:22,182.60,400,546100
20221116,12:58:26,183.70,3200,546100
20221116,12:58:27,182.20,50,546100
20221116,12:58:28,182.10,800,546100
20221116,12:58:32,182.70,50,546100
20221116,12:58:33,182.80,100,546100
20221116,12:58:34,184.10,300,546100
20221116,12:58:38,182.90,50,546100
20221116,12:58:39,183.40,350,546100
20221116,12:58:43,183.60,1000,546100
20221116,12:58:46,183.90,550,546100
20221116,12:58:50,182.30,50,546100
20221116,12:58:52,182.00,850,546100
20221116,12:58:56,182.25,850,546100
20221116,12:58:59,184.00,400,546100
20221116,12:59:01,184.70,200,546100
20221116,12:59:02,184.20,50,546100
20221116,12:59:04,185.15,100,546100
20221116,12:59:06,186.45,550,546100
20221116,12:59:08,184.20,1300,546100
20221116,12:59:09,184.55,500,546100
20221116,12:59:10,184.35,950,546100
20221116,12:59:11,184.15,200,546100
20221116,12:59:14,183.70,300,546100
20221116,12:59:15,184.15,50,546100
20221116,12:59:18,182.90,100,546100
20221116,12:59:20,183.85,150,546100
20221116,12:59:26,183.10,50,546100
20221116,12:59:35,183.50,100,546100
20221116,12:59:42,184.30,50,546100
20221116,12:59:42,185.00,50,546100
20221116,12:59:45,185.75,50,546100
20221116,12:59:45,185.40,250,546100
20221116,12:59:46,185.40,750,546100
20221116,12:59:48,184.90,1750,546100
20221116,12:59:49,184.75,50,546100
20221116,12:59:50,184.75,100,546100
20221116,12:59:52,184.90,100,546100
20221116,12:59:53,184.65,400,546100
20221116,13:00:01,184.25,900,546100
20221116,13:00:01,184.35,100,546100
20221116,13:00:04,184.10,50,546100
20221116,13:00:05,184.15,150,546100
20221116,13:00:06,184.00,250,546100
20221116,13:00:07,183.05,150,546100
20221116,13:00:12,183.00,900,546100
20221116,13:00:13,182.65,150,546100
20221116,13:00:17,182.20,50,542850
20221116,13:00:18,181.70,1000,542850
20221116,13:00:19,180.85,600,542850
20221116,13:00:20,181.40,1500,542850
20221116,13:00:21,181.25,650,542850
20221116,13:00:21,182.10,50,542850
20221116,13:00:22,181.50,100,542850
20221116,13:00:25,182.45,150,542850
20221116,13:00:26,181.75,50,542850
20221116,13:00:38,183.00,150,542850
20221116,13:00:40,182.60,50,542850
20221116,13:00:42,181.25,950,542850
20221116,13:00:44,181.05,550,542850
20221116,13:00:46,181.10,100,542850
20221116,13:00:51,180.70,1000,542850
20221116,13:00:54,180.00,1700,542850
20221116,13:00:55,179.80,1150,542850
20221116,13:00:56,179.80,50,542850
20221116,13:00:59,179.50,1800,542850
20221116,13:01:01,179.80,150,542850
20221116,13:01:02,180.00,50,542850
20221116,13:01:03,179.75,50,542850
20221116,13:01:04,179.60,1300,542850
20221116,13:01:05,179.25,1400,542850
20221116,13:01:06,179.80,50,542850
20221116,13:01:09,180.00,100,542850
20221116,13:01:11,179.80,100,542850
20221116,13:01:13,180.00,50,542850
20221116,13:01:14,179.45,150,542850
20221116,13:01:16,179.90,50,542850
20221116,13:01:17,179.95,100,542850
20221116,13:01:18,181.00,1150,542850
20221116,13:01:19,181.25,250,542850
20221116,13:01:20,180.80,150,542850
20221116,13:01:25,180.75,550,542850
20221116,13:01:28,180.40,1150,542850
20221116,13:01:29,180.30,50,542850
20221116,13:01:31,180.45,50,542850
20221116,13:01:32,180.10,50,542850
20221116,13:01:38,181.85,50,542850
20221116,13:01:39,183.00,100,542850
20221116,13:01:40,183.00,150,542850
20221116,13:01:41,182.75,300,542850
20221116,13:01:42,184.40,2000,542850
20221116,13:01:43,183.85,150,542850
20221116,13:01:44,184.55,1850,542850
20221116,13:01:45,184.45,150,542850
20221116,13:01:47,184.50,50,542850
20221116,13:01:48,185.60,2200,542850
20221116,13:01:49,185.15,50,542850
20221116,13:01:50,186.00,650,542850
20221116,13:01:51,185.90,100,542850
20221116,13:01:52,186.05,1750,542850
20221116,13:01:53,185.00,50,542850
20221116,13:01:54,184.75,150,542850
20221116,13:01:55,184.95,500,542850
20221116,13:01:57,185.45,150,542850
20221116,13:01:58,185.00,200,542850
20221116,13:01:59,184.40,2000,542850
20221116,13:02:01,185.05,100,542850
20221116,13:02:03,185.35,750,542850
20221116,13:02:05,184.00,50,542850
20221116,13:02:08,183.10,200,542850
20221116,13:02:09,183.95,50,542850
20221116,13:02:10,183.15,200,542850
20221116,13:02:12,183.60,50,542850
20221116,13:02:16,182.45,100,542850
20221116,13:02:19,183.30,50,542850
20221116,13:02:21,183.95,200,542850
20221116,13:02:22,183.40,150,542850
20221116,13:02:28,184.45,500,542850
20221116,13:02:29,184.05,50,542850
20221116,13:02:32,183.90,350,542850
20221116,13:02:35,184.35,1550,542850
20221116,13:02:37,185.00,200,542850
20221116,13:02:39,184.90,350,542850
20221116,13:02:40,185.15,100,542850
20221116,13:02:41,185.00,1000,542850
20221116,13:02:43,184.40,150,542850
20221116,13:02:46,184.60,1500,542850
20221116,13:02:47,184.65,50,542850
20221116,13:02:48,185.05,1000,542850
20221116,13:02:55,184.05,550,542850
20221116,13:03:00,182.85,950,542850
20221116,13:03:02,182.80,3450,542850
20221116,13:03:04,182.20,200,542850
20221116,13:03:05,182.40,150,542850
20221116,13:03:12,182.55,50,542850
20221116,13:03:13,182.20,100,542850
20221116,13:03:14,183.00,900,542850
20221116,13:03:17,182.60,50,541900
20221116,13:03:24,183.45,300,541900
20221116,13:03:27,184.00,100,541900
20221116,13:03:29,183.35,50,541900
20221116,13:03:31,184.35,100,541900
20221116,13:03:36,184.35,150,541900
20221116,13:03:48,183.40,150,541900
20221116,13:03:50,184.00,100,541900
20221116,13:04:04,182.50,50,541900
20221116,13:04:08,183.20,1800,541900
20221116,13:04:14,182.75,250,541900
20221116,13:04:25,183.00,50,541900
20221116,13:04:28,183.60,100,541900
20221116,13:04:40,183.60,150,541900
20221116,13:04:48,183.70,50,541900
20221116,13:04:51,184.00,700,541900
20221116,13:04:52,183.95,3150,541900
20221116,13:04:53,184.35,50,541900
20221116,13:04:54,184.40,100,541900
20221116,13:04:56,183.00,300,541900
20221116,13:04:57,182.75,50,541900
20221116,13:04:59,182.45,400,541900
20221116,13:05:06,183.00,300,541900
20221116,13:05:10,184.75,50,541900
20221116,13:05:22,183.90,50,541900
20221116,13:05:28,184.25,1000,541900
20221116,13:05:29,184.30,650,541900
20221116,13:05:30,183.90,300,541900
20221116,13:05:32,183.00,250,541900
20221116,13:05:37,183.40,50,541900
20221116,13:05:41,183.50,150,541900
20221116,13:05:43,182.85,150,541900
20221116,13:05:45,183.30,50,541900
20221116,13:05:52,183.15,50,541900
20221116,13:06:00,182.00,550,541900
20221116,13:06:03,181.40,50,541900
20221116,13:06:05,181.95,100,541900
20221116,13:06:07,181.65,50,541900
20221116,13:06:10,181.55,100,541900
20221116,13:06:11,181.50,100,541900
20221116,13:06:13,181.50,150,541900
20221116,13:06:14,183.00,600,541900
20221116,13:06:15,183.15,400,540900
20221116,13:06:16,183.55,50,540900
20221116,13:06:21,183.05,100,540900
20221116,13:06:23,183.45,100,540900
20221116,13:06:28,182.90,100,540900
20221116,13:06:29,183.15,500,540900
20221116,13:06:30,182.90,50,540900
20221116,13:06:31,183.30,700,540900
20221116,13:06:32,182.70,100,540900
20221116,13:06:43,180.20,500,540900
20221116,13:06:44,180.00,2150,540900
20221116,13:06:45,180.30,50,540900
20221116,13:06:49,180.00,50,540900
20221116,13:06:49,180.00,500,540900
20221116,13:06:50,180.15,2100,540900
20221116,13:06:54,180.05,50,540900
20221116,13:07:00,178.40,1000,540900
20221116,13:07:01,178.00,1250,540900
20221116,13:07:03,178.20,100,540900
20221116,13:07:05,178.10,500,540900
20221116,13:07:07,177.45,250,540900
20221116,13:07:08,177.95,850,540900
20221116,13:07:09,178.00,1200,540900
20221116,13:07:12,178.45,50,540900
20221116,13:07:13,178.50,300,540900
20221116,13:07:14,179.00,950,540900
20221116,13:07:15,178.80,2300,540900
20221116,13:07:16,179.30,50,540900
20221116,13:07:19,178.40,50,540900
20221116,13:07:20,178.85,50,540900
20221116,13:07:27,177.70,600,540900
20221116,13:07:32,177.35,100,540900
20221116,13:07:34,177.10,1250,540900
20221116,13:07:35,177.00,200,540900
20221116,13:07:36,176.55,50,540900
20221116,13:07:37,177.40,100,540900
20221116,13:07:40,177.70,100,540900
20221116,13:07:42,178.00,50,540900
20221116,13:07:43,178.00,450,540900
20221116,13:07:45,177.90,50,540900
20221116,13:07:47,178.30,50,540900
20221116,13:07:48,178.05,50,540900
20221116,13:07:50,179.50,300,540900
20221116,13:07:57,180.25,1100,540900
20221116,13:07:58,180.50,100,540900
20221116,13:08:01,179.90,900,540900
20221116,13:08:02,180.10,50,540900
20221116,13:08:04,179.85,50,540900
20221116,13:08:08,179.90,250,540900
20221116,13:08:11,180.70,150,540900
20221116,13:08:13,180.50,350,540900
20221116,13:08:14,179.35,50,540900
20221116,13:08:17,179.25,300,540900
20221116,13:08:18,178.00,400,540900
20221116,13:08:20,178.10,150,540900
20221116,13:08:32,178.35,50,540900
20221116,13:08:34,178.65,50,540900
20221116,13:08:36,179.00,150,540900
20221116,13:08:37,179.50,250,540900
20221116,13:08:40,180.15,1000,540900
20221116,13:08:41,180.10,1000,540900
20221116,13:08:49,179.75,100,540900
20221116,13:08:55,180.25,100,540900
20221116,13:08:57,180.10,50,540900
20221116,13:08:58,180.60,450,540900
20221116,13:09:03,179.80,200,540900
20221116,13:09:10,178.40,500,540900
20221116,13:09:15,179.15,50,540750
20221116,13:09:20,179.10,50,540750
20221116,13:09:28,178.40,50,540750
20221116,13:09:30,178.00,1900,540750
20221116,13:09:36,177.95,450,540750
20221116,13:09:39,177.25,600,540750
20221116,13:09:41,177.00,150,540750
20221116,13:09:42,176.50,850,540750
20221116,13:09:44,176.70,50,540750
20221116,13:09:45,177.60,600,540750
20221116,13:09:48,177.65,100,540750
20221116,13:09:52,177.10,350,540750
20221116,13:09:54,177.80,100,540750
20221116,13:09:55,178.15,50,540750
20221116,13:09:56,178.00,50,540750
20221116,13:09:58,178.10,100,540750
20221116,13:10:01,177.50,300,540750
20221116,13:10:03,178.00,100,540750
20221116,13:10:10,177.35,6150,540750
20221116,13:10:11,177.25,100,540750
20221116,13:10:12,177.50,50,540750
20221116,13:10:15,177.90,50,540750
20221116,13:10:16,178.30,1800,540750
20221116,13:10:16,177.65,50,540750
20221116,13:10:20,178.75,500,540750
20221116,13:10:22,178.80,100,540750
20221116,13:10:30,179.25,1850,540750
20221116,13:10:30,178.95,200,540750
20221116,13:10:35,179.75,1300,540750
20221116,13:10:38,181.35,750,540750
20221116,13:10:42,180.65,100,540750
20221116,13:10:44,179.75,1800,540750
20221116,13:10:45,180.15,50,540750
20221116,13:10:49,179.90,200,540750
20221116,13:10:58,178.75,50,540750
20221116,13:11:08,178.00,400,540750
20221116,13:11:09,178.15,50,540750
20221116,13:11:19,178.05,50,540750
20221116,13:11:21,177.75,50,540750
20221116,13:11:22,177.85,50,540750
20221116,13:11:23,177.80,150,540750
20221116,13:11:25,178.50,1800,540750
20221116,13:11:26,178.70,150,540750
20221116,13:11:30,177.25,50,540750
20221116,13:11:32,177.70,150,540750
20221116,13:11:34,177.50,1800,540750
20221116,13:11:39,178.20,900,540750
20221116,13:11:49,178.30,100,540750
20221116,13:11:53,178.10,100,540750
20221116,13:11:54,178.00,50,540750
20221116,13:11:56,177.50,100,540750
20221116,13:11:57,177.10,1400,540750
20221116,13:12:01,178.65,50,540750
20221116,13:12:04,178.55,650,540750
20221116,13:12:06,178.65,600,540750
20221116,13:12:10,180.15,1850,540750
20221116,13:12:16,180.45,1800,540750
20221116,13:12:20,181.45,50,544450
20221116,13:12:22,181.30,1550,544450
20221116,13:12:23,181.05,50,544450
20221116,13:12:24,181.60,200,544450
20221116,13:12:26,181.05,4500,544450
20221116,13:12:27,182.00,800,544450
20221116,13:12:28,182.00,50,544450
20221116,13:12:29,181.80,350,544450
20221116,13:12:32,179.90,1500,544450
20221116,13:12:33,179.55,300,544450
20221116,13:12:35,179.80,200,544450
20221116,13:12:36,180.25,1200,544450
20221116,13:12:41,180.75,350,544450
20221116,13:13:00,180.30,50,544450
20221116,13:13:07,180.25,500,544450
20221116,13:13:08,180.00,500,544450
20221116,13:13:11,178.95,50,544450
20221116,13:13:16,178.55,50,544450
20221116,13:13:18,179.00,50,544450
20221116,13:13:21,180.00,50,544450
20221116,13:13:26,181.00,50,544450
20221116,13:13:27,180.30,50,544450
20221116,13:13:36,179.70,50,544450
20221116,13:13:53,178.50,50,544450
20221116,13:13:57,178.00,1000,544450
20221116,13:13:58,178.00,900,544450
20221116,13:14:01,178.00,150,544450
20221116,13:14:04,177.00,500,544450
20221116,13:14:05,175.60,450,544450
20221116,13:14:06,174.55,2300,544450
20221116,13:14:08,174.95,1700,544450
20221116,13:14:11,174.30,800,544450
20221116,13:14:12,174.55,650,544450
20221116,13:14:13,175.30,50,544450
20221116,13:14:14,175.60,1100,544450
20221116,13:14:15,176.70,300,544450
20221116,13:14:16,176.70,50,544450
20221116,13:14:17,177.95,450,544450
20221116,13:14:22,177.45,50,544450
20221116,13:14:23,178.50,1000,544450
20221116,13:14:27,178.40,50,544450
20221116,13:14:34,179.00,50,544450
20221116,13:14:35,179.45,350,544450
20221116,13:14:36,179.40,1000,544450
20221116,13:14:37,179.45,50,544450
20221116,13:14:38,179.20,100,544450
20221116,13:14:41,179.40,650,544450
20221116,13:14:45,179.50,50,544450
20221116,13:14:48,180.05,200,544450
20221116,13:14:51,179.40,100,544450
20221116,13:14:55,179.30,50,544450
20221116,13:14:58,179.45,550,544450
20221116,13:15:00,180.30,100,544450
20221116,13:15:10,179.75,100,544450
20221116,13:15:15,179.90,50,544450
20221116,13:15:17,179.30,200,540200
20221116,13:15:19,180.05,1000,540200
20221116,13:15:24,180.25,50,540200
20221116,13:15:30,179.45,50,540200
20221116,13:15:31,179.35,100,540200
20221116,13:15:33,177.75,250,540200
20221116,13:15:35,177.90,50,540200
20221116,13:15:37,178.70,50,540200
20221116,13:15:41,177.80,350,540200
20221116,13:15:44,178.05,100,540200
20221116,13:15:46,178.20,100,540200
20221116,13:15:49,179.20,50,540200
20221116,13:16:03,179.35,250,540200
20221116,13:16:06,179.00,50,540200
20221116,13:16:08,178.50,550,540200
20221116,13:16:09,178.45,250,540200
20221116,13:16:20,178.85,200,540200
20221116,13:16:26,180.50,700,540200
20221116,13:16:28,181.50,1400,540200
20221116,13:16:29,181.95,50,540200
20221116,13:16:32,180.70,50,540200
20221116,13:16:37,181.80,400,540200
20221116,13:16:39,181.50,50,540200
20221116,13:16:40,181.25,50,540200
20221116,13:16:41,181.10,150,540200
20221116,13:16:42,181.05,200,540200
20221116,13:16:43,180.85,100,540200
20221116,13:16:44,180.80,300,540200
20221116,13:16:47,180.40,50,540200
20221116,13:16:49,181.10,50,540200
20221116,13:16:54,181.25,100,540200
20221116,13:16:56,181.70,50,540200
20221116,13:16:57,181.75,250,540200
20221116,13:16:59,181.65,50,540200
20221116,13:16:59,182.00,650,540200
20221116,13:17:00,181.55,50,540200
20221116,13:17:01,181.45,50,540200
20221116,13:17:02,181.60,100,540200
20221116,13:17:04,181.90,150,540200
20221116,13:17:05,180.65,2100,540200
20221116,13:17:06,180.00,150,540200
20221116,13:17:07,180.55,250,540200
20221116,13:17:08,180.55,50,540200
20221116,13:17:11,179.85,100,540200
20221116,13:17:17,179.60,650,540200
20221116,13:17:18,180.50,100,540200
20221116,13:17:20,180.60,200,540200
20221116,13:17:24,178.95,50,540200
20221116,13:17:25,178.85,50,540200
20221116,13:17:27,178.00,2150,540200
20221116,13:17:28,178.05,100,540200
20221116,13:17:33,178.70,50,540200
20221116,13:17:38,178.25,50,540200
20221116,13:17:39,178.80,50,540200
20221116,13:17:43,178.30,200,540200
20221116,13:17:45,178.00,250,540200
20221116,13:17:50,177.30,1800,540200
20221116,13:17:55,178.10,100,540200
20221116,13:17:56,177.75,100,540200
20221116,13:17:59,178.25,50,540200
20221116,13:18:06,177.00,750,540200
20221116,13:18:08,177.00,50,540200
20221116,13:18:10,177.10,50,540200
20221116,13:18:13,176.20,2000,540200
20221116,13:18:14,175.95,550,540200
20221116,13:18:16,175.65,50,540200
20221116,13:18:19,176.05,300,540950
20221116,13:18:20,176.65,100,540950
20221116,13:18:21,177.35,200,540950
20221116,13:18:41,178.35,50,540950
20221116,13:18:45,178.55,250,540950
20221116,13:18:47,178.70,450,540950
20221116,13:18:47,178.20,200,540950
20221116,13:18:49,178.60,250,540950
20221116,13:18:50,179.00,50,540950
20221116,13:18:53,180.00,400,540950
20221116,13:18:55,180.15,1850,540950
20221116,13:18:57,180.95,250,540950
20221116,13:19:00,181.25,50,540950
20221116,13:19:01,181.75,100,540950
20221116,13:19:02,181.25,300,540950
20221116,13:19:03,182.00,900,540950
20221116,13:19:04,181.90,400,540950
20221116,13:19:04,181.55,50,540950
20221116,13:19:05,181.60,250,540950
20221116,13:19:07,180.95,100,540950
20221116,13:19:10,180.00,50,540950
20221116,13:19:18,180.00,700,540950
20221116,13:19:27,181.00,50,540950
20221116,13:19:28,181.90,50,540950
20221116,13:19:30,181.40,50,540950
20221116,13:19:32,180.80,400,540950
20221116,13:19:36,182.30,1500,540950
20221116,13:19:40,183.10,850,540950
20221116,13:19:41,183.55,500,540950
20221116,13:19:43,184.05,600,540950
20221116,13:19:43,183.75,250,540950
20221116,13:19:45,183.95,200,540950
20221116,13:19:45,185.60,400,540950
20221116,13:19:46,184.85,200,540950
20221116,13:19:47,184.85,350,540950
20221116,13:19:48,185.40,400,540950
20221116,13:19:49,184.65,300,540950
20221116,13:19:50,184.15,600,540950
20221116,13:19:51,183.80,650,540950
20221116,13:19:53,184.65,1000,540950
20221116,13:19:54,185.50,1000,540950
20221116,13:19:57,184.30,3050,540950
20221116,13:19:58,184.55,1250,540950
20221116,13:19:59,184.10,50,540950
20221116,13:20:01,184.25,100,540950
20221116,13:20:02,184.65,50,540950
20221116,13:20:03,185.00,50,540950
20221116,13:20:04,185.00,100,540950
20221116,13:20:07,185.05,150,540950
20221116,13:20:10,184.00,50,540950
20221116,13:20:11,184.35,300,540950
20221116,13:20:12,183.50,50,540950
20221116,13:20:13,183.70,900,540950
20221116,13:20:14,184.00,100,540950
20221116,13:20:16,183.85,50,540950
20221116,13:20:17,184.15,200,540950
20221116,13:20:20,183.40,800,540950
20221116,13:20:25,184.00,50,540950
20221116,13:20:26,183.85,400,540950
20221116,13:20:29,183.95,500,540950
20221116,13:20:35,184.20,50,540950
20221116,13:20:36,184.85,50,540950
20221116,13:20:37,185.00,350,540950
20221116,13:20:39,185.05,200,540950
20221116,13:20:41,185.10,400,540950
20221116,13:20:42,185.40,400,540950
20221116,13:20:43,184.60,1000,540950
20221116,13:20:44,184.30,50,540950
20221116,13:20:46,183.55,50,540950
20221116,13:20:50,184.00,50,540950
20221116,13:20:51,183.65,1800,540950
20221116,13:20:55,184.55,600,540950
20221116,13:20:58,183.70,1350,540950
20221116,13:21:00,183.95,100,540950
20221116,13:21:03,183.65,150,540950
20221116,13:21:08,184.05,150,540950
20221116,13:21:10,184.55,300,540950
20221116,13:21:13,184.00,50,540950
20221116,13:21:14,184.50,200,540950
20221116,13:21:15,185.00,50,540950
20221116,13:21:17,185.35,600,540950
20221116,13:21:19,186.00,1500,535350
20221116,13:21:21,185.70,550,535350
20221116,13:21:23,185.80,100,535350
20221116,13:21:24,185.90,50,535350
20221116,13:21:24,186.65,1550,535350
20221116,13:21:26,186.00,450,535350
20221116,13:21:28,186.85,200,535350
20221116,13:21:31,186.00,50,535350
20221116,13:21:32,186.00,150,535350
20221116,13:21:33,186.80,1000,535350
20221116,13:21:35,186.50,100,535350
20221116,13:21:36,185.80,50,535350
20221116,13:21:37,186.40,50,535350
20221116,13:21:38,185.90,500,535350
20221116,13:21:39,185.00,50,535350
20221116,13:21:41,185.60,150,535350
20221116,13:21:42,185.00,1250,535350
20221116,13:21:45,184.10,100,535350
20221116,13:21:46,184.00,500,535350
20221116,13:21:46,184.25,250,535350
20221116,13:21:48,185.30,200,535350
20221116,13:21:51,184.05,1800,535350
20221116,13:21:52,184.55,100,535350
20221116,13:21:53,184.25,100,535350
20221116,13:22:00,185.30,250,535350
20221116,13:22:01,185.40,1500,535350
20221116,13:22:04,185.75,100,535350
20221116,13:22:06,185.75,4500,535350
20221116,13:22:08,184.60,50,535350
20221116,13:22:09,184.70,200,535350
20221116,13:22:10,184.95,50,535350
20221116,13:22:13,184.70,100,535350
20221116,13:22:14,184.45,100,535350
20221116,13:22:15,184.70,50,535350
20221116,13:22:20,184.20,250,535350
20221116,13:22:21,184.00,150,535350
20221116,13:22:21,183.75,200,535350
20221116,13:22:22,185.00,50,535350
20221116,13:22:26,184.15,350,535350
20221116,13:22:27,184.70,100,535350
20221116,13:22:32,186.40,700,535350
20221116,13:22:34,185.50,150,535350
20221116,13:22:35,185.30,550,535350
20221116,13:22:35,185.15,300,535350
20221116,13:22:38,185.50,50,535350
20221116,13:22:42,186.10,50,535350
20221116,13:22:43,186.40,200,535350
20221116,13:22:44,185.95,50,535350
20221116,13:22:46,186.05,50,535350
20221116,13:22:49,185.65,150,535350
20221116,13:22:50,185.40,100,535350
20221116,13:22:51,185.00,1150,535350
20221116,13:22:55,185.35,50,535350
20221116,13:22:59,185.90,50,535350
20221116,13:23:01,186.25,50,535350
20221116,13:23:04,186.60,1000,535350
20221116,13:23:05,186.05,200,535350
20221116,13:23:06,186.25,200,535350
20221116,13:23:08,186.05,750,535350
20221116,13:23:11,185.35,200,535350
20221116,13:23:12,185.70,1050,535350
20221116,13:23:16,186.00,300,535350
20221116,13:23:17,185.25,200,535350
20221116,13:23:18,185.80,150,535350
20221116,13:23:20,186.20,1150,535350
20221116,13:23:22,187.00,1150,535350
20221116,13:23:24,186.15,2050,535350
20221116,13:23:26,186.50,1800,535350
20221116,13:23:27,186.45,750,535350
20221116,13:23:28,186.10,200,535350
20221116,13:23:30,186.25,50,535350
20221116,13:23:33,186.60,50,535350
20221116,13:23:35,186.70,50,535350
20221116,13:23:36,188.75,4150,535350
20221116,13:23:38,188.65,200,535350
20221116,13:23:39,189.00,550,535350
20221116,13:23:40,188.95,150,535350
20221116,13:23:41,188.35,1500,535350
20221116,13:23:42,187.90,300,535350
20221116,13:23:43,188.20,250,535350
20221116,13:23:46,187.20,4750,535350
20221116,13:23:49,188.45,1800,535350
20221116,13:23:50,188.30,500,535350
20221116,13:23:51,188.45,100,535350
20221116,13:23:52,188.85,200,535350
20221116,13:23:53,189.05,500,535350
20221116,13:23:55,188.00,550,535350
20221116,13:23:56,188.15,100,535350
20221116,13:23:57,188.15,3400,535350
20221116,13:23:59,187.85,150,535350
20221116,13:24:00,187.75,150,535350
20221116,13:24:01,188.10,1650,535350
20221116,13:24:02,187.85,350,535350
20221116,13:24:03,187.85,50,535350
20221116,13:24:04,188.40,50,535350
20221116,13:24:06,188.30,150,535350
20221116,13:24:07,188.60,600,535350
20221116,13:24:08,188.65,50,535350
20221116,13:24:10,188.65,100,535350
20221116,13:24:12,188.65,50,535350
20221116,13:24:14,188.60,50,535350
20221116,13:24:15,189.50,1050,535350
20221116,13:24:16,190.00,1050,535350
20221116,13:24:17,189.80,350,535350
20221116,13:24:18,190.35,200,535350
20221116,13:24:19,190.05,350,535050
20221116,13:24:20,190.10,100,535050
20221116,13:24:21,190.25,100,535050
20221116,13:24:22,189.80,450,535050
20221116,13:24:23,189.70,200,535050
20221116,13:24:24,190.15,150,535050
20221116,13:24:25,189.90,100,535050
20221116,13:24:26,190.60,200,535050
20221116,13:24:27,190.55,800,535050
20221116,13:24:28,190.75,450,535050
20221116,13:24:29,190.55,100,535050
20221116,13:24:30,189.50,1850,535050
20221116,13:24:31,189.00,150,535050
20221116,13:24:33,190.35,100,535050
20221116,13:24:37,190.95,50,535050
20221116,13:24:39,190.45,1750,535050
20221116,13:24:40,190.30,500,535050
20221116,13:24:41,190.05,150,535050
20221116,13:24:44,190.55,3550,535050
20221116,13:24:45,190.55,50,535050
20221116,13:24:46,190.00,2200,535050
20221116,13:24:48,190.30,250,535050
20221116,13:24:49,190.00,550,535050
20221116,13:24:51,190.15,100,535050
20221116,13:24:52,189.95,200,535050
20221116,13:24:54,190.20,50,535050
20221116,13:24:56,189.35,1250,535050
20221116,13:24:57,188.45,750,535050
20221116,13:24:58,187.75,1950,535050
20221116,13:25:00,188.95,150,535050
20221116,13:25:03,189.60,50,535050
20221116,13:25:04,188.60,1200,535050
20221116,13:25:05,188.80,50,535050
20221116,13:25:06,187.75,150,535050
20221116,13:25:07,188.25,50,535050
20221116,13:25:08,187.80,150,535050
20221116,13:25:09,188.10,50,535050
20221116,13:25:10,187.95,1600,535050
20221116,13:25:11,187.90,200,535050
20221116,13:25:12,188.00,550,535050
20221116,13:25:14,187.85,100,535050
20221116,13:25:15,189.00,1750,535050
20221116,13:25:17,189.15,1100,535050
20221116,13:25:18,189.95,200,535050
20221116,13:25:20,190.95,200,535050
20221116,13:25:21,190.65,150,535050
20221116,13:25:22,190.35,100,535050
20221116,13:25:24,191.00,200,535050
20221116,13:25:25,191.10,550,535050
20221116,13:25:26,191.15,100,535050
20221116,13:25:28,191.55,50,535050
20221116,13:25:29,191.40,350,535050
20221116,13:25:30,190.45,1000,535050
20221116,13:25:31,190.35,50,535050
20221116,13:25:34,190.20,700,535050
20221116,13:25:35,190.60,50,535050
20221116,13:25:37,191.25,300,535050
20221116,13:25:39,190.70,200,535050
20221116,13:25:41,191.10,150,535050
20221116,13:25:42,190.70,50,535050
20221116,13:25:43,191.10,50,535050
20221116,13:25:44,190.55,350,535050
20221116,13:25:45,190.65,100,535050
20221116,13:25:46,191.00,600,535050
20221116,13:25:47,190.85,50,535050
20221116,13:25:49,190.00,100,535050
20221116,13:25:50,190.20,200,535050
20221116,13:25:52,190.10,150,535050
20221116,13:25:53,190.15,50,535050
20221116,13:25:54,189.90,1050,535050
20221116,13:25:55,190.50,200,535050
20221116,13:25:56,190.30,650,535050
20221116,13:25:58,190.65,50,535050
20221116,13:26:01,191.00,1750,535050
20221116,13:26:02,190.90,700,535050
20221116,13:26:03,191.20,1400,535050
20221116,13:26:05,191.15,2000,535050
20221116,13:26:06,191.00,150,535050
20221116,13:26:07,191.70,150,535050
20221116,13:26:08,191.05,200,535050
20221116,13:26:09,190.65,250,535050
20221116,13:26:10,191.00,50,535050
20221116,13:26:12,191.50,200,535050
20221116,13:26:13,191.05,50,535050
20221116,13:26:14,191.00,1000,535050
20221116,13:26:16,191.50,150,535050
20221116,13:26:17,191.25,50,535050
20221116,13:26:18,191.60,1850,535050
20221116,13:26:20,191.20,50,535050
20221116,13:26:21,191.75,100,535050
20221116,13:26:22,191.00,150,535050
20221116,13:26:23,191.80,200,535050
20221116,13:26:24,191.65,150,535050
20221116,13:26:25,191.90,50,535050
20221116,13:26:26,193.00,2000,535050
20221116,13:26:27,192.75,150,535050
20221116,13:26:28,193.90,900,535050
20221116,13:26:29,194.35,350,535050
20221116,13:26:31,194.25,1950,535050
20221116,13:26:32,193.95,50,535050
20221116,13:26:33,194.60,750,535050
20221116,13:26:34,194.60,50,535050
20221116,13:26:35,194.95,800,535050
20221116,13:26:36,195.00,1650,535050
20221116,13:26:37,194.75,50,535050
20221116,13:26:38,194.80,1550,535050
20221116,13:26:39,194.00,1500,535050
20221116,13:26:40,194.85,600,535050
20221116,13:26:41,194.05,300,535050
20221116,13:26:42,193.95,100,535050
20221116,13:26:43,194.00,18200,535050
20221116,13:26:45,193.95,50,535050
20221116,13:26:48,194.30,1050,535050
20221116,13:26:49,194.35,750,535050
20221116,13:26:51,195.00,50,535050
20221116,13:26:52,195.20,2400,535050
20221116,13:26:53,194.65,650,535050
20221116,13:26:54,195.20,1050,535050
20221116,13:26:55,194.40,1050,535050
20221116,13:26:56,194.00,750,535050
20221116,13:26:57,194.35,150,535050
20221116,13:26:58,194.55,50,535050
20221116,13:26:59,193.95,100,535050
20221116,13:27:00,193.25,200,535050
20221116,13:27:02,193.00,1650,535050
20221116,13:27:05,193.35,150,535050
20221116,13:27:06,194.25,550,535050
20221116,13:27:07,193.65,200,535050
20221116,13:27:08,193.45,50,535050
20221116,13:27:10,193.25,700,535050
20221116,13:27:11,193.30,550,535050
20221116,13:27:12,192.65,2200,535050
20221116,13:27:13,192.90,50,535050
20221116,13:27:14,192.50,150,535050
20221116,13:27:17,192.25,1000,535050
20221116,13:27:18,192.15,1850,540350
20221116,13:27:19,192.05,3350,540350
20221116,13:27:20,191.55,50,540350
20221116,13:27:21,192.10,600,540350
20221116,13:27:22,192.00,50,540350
20221116,13:27:26,192.90,2100,540350
20221116,13:27:27,193.00,50,540350
20221116,13:27:28,193.20,500,540350
20221116,13:27:32,193.80,150,540350
20221116,13:27:33,194.00,350,540350
20221116,13:27:34,194.15,100,540350
20221116,13:27:35,193.65,1850,540350
20221116,13:27:36,193.50,50,540350
20221116,13:27:37,194.00,1450,540350
20221116,13:27:39,194.00,300,540350
20221116,13:27:40,194.50,250,540350
20221116,13:27:41,194.45,150,540350
20221116,13:27:42,194.25,50,540350
20221116,13:27:43,194.85,750,540350
20221116,13:27:44,194.85,50,540350
20221116,13:27:45,194.90,50,540350
20221116,13:27:46,194.75,50,540350
20221116,13:27:47,194.60,250,540350
20221116,13:27:48,195.00,100,540350
20221116,13:27:50,194.45,100,540350
20221116,13:27:52,195.25,200,540350
20221116,13:27:52,194.85,50,540350
20221116,13:27:53,194.65,100,540350
20221116,13:27:54,194.80,100,540350
20221116,13:27:55,194.40,100,540350
20221116,13:27:56,194.35,250,540350
20221116,13:27:58,194.65,250,540350
20221116,13:27:59,194.00,50,540350
20221116,13:28:04,193.70,2000,540350
20221116,13:28:05,193.15,1100,540350
20221116,13:28:07,193.00,100,540350
20221116,13:28:08,193.20,100,540350
20221116,13:28:14,192.10,50,540350
20221116,13:28:15,192.25,200,540350
20221116,13:28:17,192.25,50,540350
20221116,13:28:20,193.15,550,540350
20221116,13:28:22,193.25,50,540350
20221116,13:28:23,192.60,2500,540350
20221116,13:28:26,192.65,150,540350
20221116,13:28:28,193.20,100,540350
20221116,13:28:30,195.25,2400,540350
20221116,13:28:30,195.15,150,540350
20221116,13:28:32,195.25,50,540350
20221116,13:28:32,195.55,50,540350
20221116,13:28:33,196.10,2100,540350
20221116,13:28:35,196.10,250,540350
20221116,13:28:37,196.35,200,540350
20221116,13:28:37,196.00,100,540350
20221116,13:28:38,196.35,200,540350
20221116,13:28:39,196.90,550,540350
20221116,13:28:40,196.45,550,540350
20221116,13:28:41,196.55,100,540350
20221116,13:28:42,196.35,400,540350
20221116,13:28:44,195.95,700,540350
20221116,13:28:44,196.50,200,540350
20221116,13:28:45,196.05,150,540350
20221116,13:28:46,195.60,1500,540350
20221116,13:28:47,195.55,650,540350
20221116,13:28:48,195.90,200,540350
20221116,13:28:50,196.00,150,540350
20221116,13:28:51,195.95,50,540350
20221116,13:28:52,194.85,550,540350
20221116,13:28:54,195.00,50,540350
20221116,13:28:56,196.00,700,540350
20221116,13:28:57,196.00,100,540350
20221116,13:28:58,196.00,50,540350
20221116,13:28:59,196.05,100,540350
20221116,13:29:00,196.05,50,540350
20221116,13:29:01,195.85,1850,540350
20221116,13:29:02,196.00,150,540350
20221116,13:29:03,195.80,650,540350
20221116,13:29:04,196.15,2000,540350
20221116,13:29:05,196.80,150,540350
20221116,13:29:07,196.40,500,540350
20221116,13:29:07,196.55,200,540350
20221116,13:29:08,196.35,50,540350
20221116,13:29:09,195.95,50,540350
20221116,13:29:12,195.95,50,540350
20221116,13:29:14,196.05,350,540350
20221116,13:29:16,196.00,100,540350
20221116,13:29:16,196.00,250,540350
20221116,13:29:17,196.40,50,540350
20221116,13:29:19,195.95,500,540350
20221116,13:29:20,195.00,100,540350
20221116,13:29:21,195.00,50,540350
20221116,13:29:23,195.00,50,540350
20221116,13:29:24,195.00,150,540350
20221116,13:29:26,193.90,150,540350
20221116,13:29:27,194.50,1900,540350
20221116,13:29:29,194.75,50,540350
20221116,13:29:30,194.90,50,540350
20221116,13:29:33,193.80,200,540350
20221116,13:29:34,193.60,50,540350
20221116,13:29:35,192.80,2050,540350
20221116,13:29:35,193.10,100,540350
20221116,13:29:36,192.90,100,540350
20221116,13:29:37,193.00,1500,540350
20221116,13:29:40,191.80,1600,540350
20221116,13:29:41,192.65,550,540350
20221116,13:29:42,191.10,2200,540350
20221116,13:29:43,191.50,3450,540350
20221116,13:29:44,191.50,600,540350
20221116,13:29:45,191.00,50,540350
20221116,13:29:46,190.30,750,540350
20221116,13:29:47,189.35,3600,540350
20221116,13:29:49,188.95,200,540350
20221116,13:29:50,187.60,800,540350
20221116,13:29:51,187.35,500,540350
20221116,13:29:52,187.25,2050,540350
20221116,13:29:53,186.95,250,540350
20221116,13:29:54,186.65,700,540350
20221116,13:29:56,185.85,2250,540350
20221116,13:29:57,186.00,1050,540350
20221116,13:29:59,187.30,200,540350
20221116,13:30:00,187.90,400,540350
20221116,13:30:01,188.70,550,540350
20221116,13:30:02,188.60,100,540350
20221116,13:30:04,188.60,400,540350
20221116,13:30:07,189.10,1000,540350
20221116,13:30:08,189.00,50,540350
20221116,13:30:09,189.40,50,540350
20221116,13:30:11,189.40,50,540350
20221116,13:30:12,189.60,100,540350
20221116,13:30:13,189.90,200,540350
20221116,13:30:14,189.50,350,540350
20221116,13:30:15,188.95,50,540350
20221116,13:30:16,189.90,250,540350
20221116,13:30:17,189.10,50,540350
20221116,13:30:20,189.00,650,529500
20221116,13:30:21,188.35,1450,529500
20221116,13:30:22,189.05,100,529500
20221116,13:30:25,189.05,100,529500
20221116,13:30:27,189.80,3600,529500
20221116,13:30:27,189.65,1950,529500
20221116,13:30:28,189.75,50,529500
20221116,13:30:29,190.00,200,529500
20221116,13:30:30,189.70,200,529500
20221116,13:30:32,189.15,150,529500
20221116,13:30:34,190.80,450,529500
20221116,13:30:35,190.80,50,529500
20221116,13:30:37,191.45,400,529500
20221116,13:30:38,191.35,1150,529500
20221116,13:30:39,191.70,1250,529500
20221116,13:30:41,190.95,100,529500
20221116,13:30:42,191.25,100,529500
20221116,13:30:43,190.85,900,529500
20221116,13:30:45,190.70,50,529500
20221116,13:30:46,191.00,450,529500
20221116,13:30:47,191.55,200,529500
20221116,13:30:48,191.20,50,529500
20221116,13:30:49,191.10,6000,529500
20221116,13:30:51,190.00,13600,529500
20221116,13:30:53,189.25,50,529500
20221116,13:30:54,188.80,350,529500
20221116,13:30:55,189.45,100,529500
20221116,13:30:56,189.15,3450,529500
20221116,13:30:57,189.80,100,529500
20221116,13:30:58,189.85,150,529500
20221116,13:31:01,190.20,150,529500
20221116,13:31:02,189.95,50,529500
20221116,13:31:03,189.80,400,529500
20221116,13:31:04,189.50,350,529500
20221116,13:31:04,189.45,1300,529500
20221116,13:31:07,189.80,100,529500
20221116,13:31:08,189.50,100,529500
20221116,13:31:10,188.75,150,529500
20221116,13:31:11,189.00,100,529500
20221116,13:31:12,188.45,150,529500
20221116,13:31:13,188.70,150,529500
20221116,13:31:18,188.25,100,529500
20221116,13:31:19,188.00,200,529500
20221116,13:31:20,188.00,1150,529500
20221116,13:31:21,188.35,450,529500
20221116,13:31:23,188.80,50,529500
20221116,13:31:23,188.45,200,529500
20221116,13:31:24,188.20,150,529500
20221116,13:31:28,188.15,100,529500
20221116,13:31:31,187.90,3600,529500
20221116,13:31:33,187.70,200,529500
20221116,13:31:34,187.75,50,529500
20221116,13:31:35,187.30,400,529500
20221116,13:31:36,187.45,100,529500
20221116,13:31:37,187.75,150,529500
20221116,13:31:38,187.30,550,529500
20221116,13:31:39,187.30,50,529500
20221116,13:31:40,187.00,50,529500
20221116,13:31:46,187.15,50,529500
20221116,13:31:47,186.50,100,529500
20221116,13:31:49,186.20,150,529500
20221116,13:31:52,186.45,50,529500
20221116,13:31:53,186.00,300,529500
20221116,13:31:54,185.50,150,529500
20221116,13:31:55,185.35,100,529500
20221116,13:31:56,184.00,2150,529500
20221116,13:31:57,184.80,2600,529500
20221116,13:31:58,184.00,150,529500
20221116,13:31:59,184.35,800,529500
20221116,13:32:00,184.60,50,529500
20221116,13:32:02,183.30,350,529500
20221116,13:32:05,184.50,100,529500
20221116,13:32:06,184.85,800,529500
20221116,13:32:07,185.00,1150,529500
20221116,13:32:08,185.00,100,529500
20221116,13:32:09,185.00,500,529500
20221116,13:32:10,184.65,50,529500
20221116,13:32:11,184.00,700,529500
20221116,13:32:14,183.95,100,529500
20221116,13:32:16,183.70,1100,529500
20221116,13:32:17,183.80,100,529500
20221116,13:32:18,183.15,50,529500
20221116,13:32:19,183.85,1100,529500
20221116,13:32:21,183.00,750,529500
20221116,13:32:23,182.75,100,529500
20221116,13:32:26,183.55,300,529500
20221116,13:32:27,183.30,1500,529500
20221116,13:32:29,183.25,500,529500
20221116,13:32:31,183.25,50,529500
20221116,13:32:34,183.50,50,529500
20221116,13:32:37,183.00,100,529500
20221116,13:32:40,183.30,400,529500
20221116,13:32:41,182.65,100,529500
20221116,13:32:43,183.30,200,529500
20221116,13:32:44,183.55,500,529500
20221116,13:32:48,181.85,1100,529500
20221116,13:32:49,182.05,50,529500
20221116,13:32:51,180.95,400,529500
20221116,13:32:51,180.55,50,529500
20221116,13:32:52,180.35,250,529500
20221116,13:32:54,180.60,300,529500
20221116,13:32:55,180.65,650,529500
20221116,13:32:56,180.75,100,529500
20221116,13:32:57,180.75,950,529500
20221116,13:32:58,181.80,500,529500
20221116,13:32:59,181.80,100,529500
20221116,13:33:02,181.85,100,529500
20221116,13:33:03,180.75,750,529500
20221116,13:33:04,180.45,50,529500
20221116,13:33:05,179.40,2450,529500
20221116,13:33:06,179.00,850,529500
20221116,13:33:07,180.00,950,529500
20221116,13:33:09,179.60,250,529500
20221116,13:33:10,179.05,150,529500
20221116,13:33:11,179.80,300,529500
20221116,13:33:12,179.95,800,529500
20221116,13:33:13,180.30,400,529500
20221116,13:33:13,180.60,450,529500
20221116,13:33:15,180.65,50,529500
20221116,13:33:17,180.50,200,529500
20221116,13:33:18,180.85,350,529500
20221116,13:33:20,180.35,100,529500
20221116,13:33:24,181.40,100,533650
20221116,13:33:25,181.35,100,533650
20221116,13:33:26,181.15,300,533650
20221116,13:33:31,182.35,50,533650
20221116,13:33:31,182.30,350,533650
20221116,13:33:32,182.25,100,533650
20221116,13:33:33,181.65,50,533650
20221116,13:33:35,181.65,50,533650
20221116,13:33:38,181.75,100,533650
20221116,13:33:38,181.20,50,533650
20221116,13:33:39,180.65,100,533650
20221116,13:33:41,180.80,900,533650
20221116,13:33:42,180.95,150,533650
20221116,13:33:42,181.70,100,533650
20221116,13:33:45,182.70,400,533650
20221116,13:33:46,183.00,750,533650
20221116,13:33:47,182.85,250,533650
20221116,13:33:49,183.15,150,533650
20221116,13:33:50,183.90,50,533650
20221116,13:33:51,183.80,1250,533650
20221116,13:33:54,183.50,50,533650
20221116,13:33:56,185.10,150,533650
20221116,13:33:57,184.85,400,533650
20221116,13:33:59,185.95,600,533650
20221116,13:34:00,185.80,300,533650
20221116,13:34:01,186.00,100,533650
20221116,13:34:05,186.00,1100,533650
20221116,13:34:06,186.90,400,533650
20221116,13:34:07,186.25,200,533650
20221116,13:34:10,186.70,150,533650
20221116,13:34:11,187.05,600,533650
20221116,13:34:12,187.50,100,533650
20221116,13:34:13,187.45,50,533650
20221116,13:34:14,187.50,50,533650
20221116,13:34:15,187.80,50,533650
20221116,13:34:16,188.00,250,533650
20221116,13:34:17,189.10,150,533650
20221116,13:34:18,189.90,2000,533650
20221116,13:34:19,190.00,700,533650
20221116,13:34:20,189.40,250,533650
20221116,13:34:21,189.85,150,533650
20221116,13:34:22,190.20,3400,533650
20221116,13:34:23,190.35,350,533650
20221116,13:34:24,190.05,1550,533650
20221116,13:34:25,189.05,1100,533650
20221116,13:34:26,189.50,1000,533650
20221116,13:34:30,189.65,800,533650
20221116,13:34:32,188.50,500,533650
20221116,13:34:35,188.00,400,533650
20221116,13:34:36,188.20,1750,533650
20221116,13:34:38,188.75,50,533650
20221116,13:34:39,188.60,100,533650
20221116,13:34:40,188.10,550,533650
20221116,13:34:44,188.40,150,533650
20221116,13:34:45,189.00,100,533650
20221116,13:34:47,189.00,100,533650
20221116,13:34:52,189.40,100,533650
20221116,13:34:54,189.75,100,533650
20221116,13:34:55,189.40,50,533650
20221116,13:34:56,188.00,350,533650
20221116,13:35:00,188.65,100,533650
20221116,13:35:03,189.35,50,533650
20221116,13:35:04,189.20,50,533650
20221116,13:35:06,189.25,50,533650
20221116,13:35:07,189.20,50,533650
20221116,13:35:08,189.05,50,533650
20221116,13:35:12,189.45,300,533650
20221116,13:35:14,189.15,100,533650
20221116,13:35:16,188.50,50,533650
20221116,13:35:20,186.90,50,533650
20221116,13:35:21,187.85,600,533650
20221116,13:35:23,187.45,100,533650
20221116,13:35:28,187.65,600,533650
20221116,13:35:29,188.50,100,533650
20221116,13:35:31,188.00,50,533650
20221116,13:35:32,188.90,3600,533650
20221116,13:35:38,188.25,100,533650
20221116,13:35:40,188.05,400,533650
20221116,13:35:43,188.25,100,533650
20221116,13:35:44,188.15,50,533650
20221116,13:35:45,188.35,50,533650
20221116,13:35:46,188.05,50,533650
20221116,13:35:50,188.95,50,533650
20221116,13:35:55,189.85,50,533650
20221116,13:35:56,189.70,50,533650
20221116,13:35:57,190.25,900,533650
20221116,13:35:58,191.00,200,533650
20221116,13:35:59,191.25,1550,533650
20221116,13:36:03,191.40,200,533650
20221116,13:36:05,190.95,50,533650
20221116,13:36:06,192.45,2050,533650
20221116,13:36:07,192.75,50,533650
20221116,13:36:08,191.55,1100,533650
20221116,13:36:09,192.40,100,533650
20221116,13:36:10,192.70,300,533650
20221116,13:36:11,193.20,950,533650
20221116,13:36:12,193.50,500,533650
20221116,13:36:13,193.55,950,533650
20221116,13:36:15,193.30,400,533650
20221116,13:36:16,194.00,100,533650
20221116,13:36:17,194.95,50,533650
20221116,13:36:18,195.00,1650,533650
20221116,13:36:19,194.50,1550,533650
20221116,13:36:20,194.35,300,533650
20221116,13:36:22,194.40,50,535150
20221116,13:36:23,194.00,350,535150
20221116,13:36:24,193.65,200,535150
20221116,13:36:25,193.30,150,535150
20221116,13:36:26,193.65,250,535150
20221116,13:36:27,192.70,50,535150
20221116,13:36:28,192.95,100,535150
20221116,13:36:29,192.70,1800,535150
20221116,13:36:30,192.75,200,535150
20221116,13:36:32,192.00,100,535150
20221116,13:36:33,192.25,150,535150
20221116,13:36:34,193.00,1750,535150
20221116,13:36:35,192.95,150,535150
20221116,13:36:36,194.20,850,535150
20221116,13:36:39,194.15,50,535150
20221116,13:36:40,194.25,100,535150
20221116,13:36:41,193.75,50,535150
20221116,13:36:43,194.10,50,535150
20221116,13:36:45,194.20,100,535150
20221116,13:36:48,195.10,1300,535150
20221116,13:36:50,194.35,1550,535150
20221116,13:36:52,195.00,3650,535150
20221116,13:36:55,195.00,8050,535150
20221116,13:36:56,195.90,10450,535150
20221116,13:36:57,195.50,50,535150
20221116,13:36:59,195.70,50,535150
20221116,13:37:01,195.25,200,535150
20221116,13:37:02,195.50,150,535150
20221116,13:37:03,194.70,250,535150
20221116,13:37:04,195.50,100,535150
20221116,13:37:06,195.25,50,535150
20221116,13:37:07,194.55,450,535150
20221116,13:37:08,194.40,500,535150
20221116,13:37:10,194.00,1500,535150
20221116,13:37:11,193.35,150,535150
20221116,13:37:12,194.20,150,535150
20221116,13:37:13,194.25,50,535150
20221116,13:37:14,194.25,200,535150
20221116,13:37:18,195.25,1000,535150
20221116,13:37:20,194.30,150,535150
20221116,13:37:21,195.10,1000,535150
20221116,13:37:23,193.80,1650,535150
20221116,13:37:24,193.35,50,535150
20221116,13:37:25,192.80,2100,535150
20221116,13:37:27,194.30,50,535150
20221116,13:37:34,194.25,550,535150
20221116,13:37:37,195.00,250,535150
20221116,13:37:39,194.10,50,535150
20221116,13:37:40,195.00,50,535150
20221116,13:37:41,195.70,150,535150
20221116,13:37:43,195.45,50,535150
20221116,13:37:44,196.00,1000,535150
20221116,13:37:49,195.80,100,535150
20221116,13:37:50,195.00,150,535150
20221116,13:37:51,195.85,50,535150
20221116,13:37:52,194.65,1250,535150
20221116,13:37:53,195.25,50,535150
20221116,13:37:55,195.85,450,535150
20221116,13:37:56,195.70,50,535150
20221116,13:37:57,195.45,500,535150
20221116,13:37:58,195.50,500,535150
20221116,13:37:59,195.80,50,535150
20221116,13:38:00,196.65,850,535150
20221116,13:38:01,196.40,300,535150
20221116,13:38:02,196.35,100,535150
20221116,13:38:03,196.00,250,535150
20221116,13:38:04,196.70,650,535150
20221116,13:38:05,196.50,400,535150
20221116,13:38:07,197.00,600,535150
20221116,13:38:08,196.70,550,535150
20221116,13:38:09,197.50,300,535150
20221116,13:38:10,197.60,450,535150
20221116,13:38:11,196.90,3700,535150
20221116,13:38:12,196.60,1000,535150
20221116,13:38:13,197.60,1900,535150
20221116,13:38:14,197.55,50,535150
20221116,13:38:15,197.45,50,535150
20221116,13:38:16,197.05,1000,535150
20221116,13:38:18,197.60,1000,535150
20221116,13:38:19,197.00,1200,535150
20221116,13:38:20,196.70,50,535150
20221116,13:38:21,195.80,700,535150
20221116,13:38:22,195.95,200,535150
20221116,13:38:25,197.20,150,535150
20221116,13:38:28,197.60,250,535150
20221116,13:38:29,197.00,250,535150
20221116,13:38:32,196.35,100,535150
20221116,13:38:33,197.00,300,535150
20221116,13:38:35,197.00,50,535150
20221116,13:38:35,197.25,1650,535150
20221116,13:38:37,197.35,250,535150
20221116,13:38:37,197.60,1350,535150
20221116,13:38:38,197.60,7750,535150
20221116,13:38:39,198.10,1950,535150
20221116,13:38:40,197.65,600,535150
20221116,13:38:41,197.55,200,535150
20221116,13:38:43,196.70,750,535150
20221116,13:38:45,196.70,300,535150
20221116,13:38:47,196.60,50,535150
20221116,13:38:48,196.55,100,535150
20221116,13:38:50,196.75,150,535150
20221116,13:38:51,196.00,50,535150
20221116,13:38:53,196.45,150,535150
20221116,13:38:55,195.45,150,535150
20221116,13:38:55,195.00,2450,535150
20221116,13:38:56,194.75,50,535150
20221116,13:38:59,195.10,1150,535150
20221116,13:39:01,196.10,200,535150
20221116,13:39:02,195.65,50,535150
20221116,13:39:03,196.55,900,535150
20221116,13:39:06,196.15,150,535150
20221116,13:39:06,196.10,100,535150
20221116,13:39:07,195.65,250,535150
20221116,13:39:08,195.00,400,535150
20221116,13:39:09,195.50,50,535150
20221116,13:39:13,195.70,100,535150
20221116,13:39:15,196.40,100,535150
20221116,13:39:16,197.55,1100,535150
20221116,13:39:18,198.35,250,535150
20221116,13:39:19,199.40,3550,535150
20221116,13:39:20,200.40,5650,535150
20221116,13:39:21,201.45,750,535150
20221116,13:39:23,202.35,1300,511600
20221116,13:39:24,203.35,2300,511600
20221116,13:39:25,202.25,750,511600
20221116,13:39:26,202.80,400,511600
20221116,13:39:27,201.90,50,511600
20221116,13:39:28,202.05,950,511600
20221116,13:39:29,201.60,2200,511600
20221116,13:39:31,202.90,200,511600
20221116,13:39:31,202.75,150,511600
20221116,13:39:32,202.75,50,511600
20221116,13:39:33,202.65,850,511600
20221116,13:39:34,203.10,600,511600
20221116,13:39:35,203.45,1000,511600
20221116,13:39:36,202.40,1900,511600
20221116,13:39:39,202.75,1200,511600
20221116,13:39:40,203.10,350,511600
20221116,13:39:41,204.00,1450,511600
20221116,13:39:42,204.70,2900,511600
20221116,13:39:44,203.40,2100,511600
20221116,13:39:46,202.85,900,511600
20221116,13:39:46,202.50,200,511600
20221116,13:39:47,202.30,300,511600
20221116,13:39:48,202.70,50,511600
20221116,13:39:49,201.40,650,511600
20221116,13:39:50,200.80,3550,511600
20221116,13:39:52,200.90,2850,511600
20221116,13:39:52,201.70,250,511600
20221116,13:39:53,201.25,100,511600
20221116,13:39:54,201.25,2250,511600
20221116,13:39:55,201.25,250,511600
20221116,13:39:56,201.55,50,511600
20221116,13:39:57,201.60,50,511600
20221116,13:39:58,202.20,1150,511600
20221116,13:39:59,201.10,750,511600
20221116,13:40:00,201.30,150,511600
20221116,13:40:01,202.85,2350,511600
20221116,13:40:02,202.90,350,511600
20221116,13:40:04,202.30,2300,511600
20221116,13:40:05,204.00,350,511600
20221116,13:40:06,204.65,950,511600
20221116,13:40:09,204.80,150,511600
20221116,13:40:10,204.10,950,511600
20221116,13:40:10,203.90,50,511600
20221116,13:40:12,204.40,50,511600
20221116,13:40:15,203.60,500,511600
20221116,13:40:17,202.95,1150,511600
20221116,13:40:19,203.35,200,511600
20221116,13:40:19,203.40,100,511600
20221116,13:40:20,203.50,1450,511600
20221116,13:40:21,203.50,200,511600
20221116,13:40:23,203.50,50,511600
20221116,13:40:25,203.05,50,511600
20221116,13:40:26,202.65,100,511600
20221116,13:40:27,202.70,200,511600
20221116,13:40:28,202.00,100,511600
20221116,13:40:30,202.40,200,511600
20221116,13:40:31,202.00,1800,511600
20221116,13:40:32,202.30,750,511600
20221116,13:40:33,202.45,100,511600
20221116,13:40:35,202.15,50,511600
20221116,13:40:38,201.80,400,511600
20221116,13:40:39,201.55,200,511600
20221116,13:40:40,201.80,300,511600
20221116,13:40:40,201.60,50,511600
20221116,13:40:41,200.90,5350,511600
20221116,13:40:42,201.15,50,511600
20221116,13:40:43,200.70,50,511600
20221116,13:40:45,200.90,100,511600
20221116,13:40:47,201.50,50,511600
20221116,13:40:47,201.10,50,511600
20221116,13:40:48,202.00,400,511600
20221116,13:40:49,202.10,50,511600
20221116,13:40:52,202.65,50,511600
20221116,13:40:53,202.15,50,511600
20221116,13:40:53,201.40,1050,511600
20221116,13:40:54,200.90,50,511600
20221116,13:40:55,200.65,150,511600
20221116,13:40:57,200.55,50,511600
20221116,13:40:58,200.40,100,511600
20221116,13:40:59,200.70,50,511600
20221116,13:41:00,201.20,600,511600
20221116,13:41:01,200.60,500,511600
20221116,13:41:02,200.75,150,511600
20221116,13:41:04,200.80,550,511600
20221116,13:41:05,201.00,250,511600
20221116,13:41:06,201.00,200,511600
20221116,13:41:06,200.00,2650,511600
20221116,13:41:07,200.40,5600,511600
20221116,13:41:08,200.80,150,511600
20221116,13:41:10,201.40,200,511600
20221116,13:41:12,201.20,100,511600
20221116,13:41:13,202.75,600,511600
20221116,13:41:14,203.00,250,511600
20221116,13:41:17,202.70,250,511600
20221116,13:41:20,202.50,650,511600
20221116,13:41:21,201.90,50,511600
20221116,13:41:22,202.00,50,511600
20221116,13:41:25,201.90,50,511600
20221116,13:41:27,202.00,50,511600
20221116,13:41:28,202.10,350,511600
20221116,13:41:29,202.10,1450,511600
20221116,13:41:30,201.80,250,511600
20221116,13:41:30,201.65,100,511600
20221116,13:41:32,201.90,150,511600
20221116,13:41:33,201.90,150,511600
20221116,13:41:35,200.65,250,511600
20221116,13:41:36,200.30,100,511600
20221116,13:41:37,200.00,850,511600
20221116,13:41:38,200.05,250,511600
20221116,13:41:39,200.50,1100,511600
20221116,13:41:41,200.05,50,511600
20221116,13:41:43,199.40,350,511600
20221116,13:41:45,200.05,400,511600
20221116,13:41:47,200.85,1050,511600
20221116,13:41:48,201.50,150,511600
20221116,13:41:49,200.75,150,511600
20221116,13:41:50,200.90,200,511600
20221116,13:41:50,200.85,100,511600
20221116,13:41:52,200.20,50,511600
20221116,13:41:54,199.55,400,511600
20221116,13:41:56,199.05,2000,511600
20221116,13:41:57,200.10,350,511600
20221116,13:41:58,199.85,150,511600
20221116,13:41:59,199.95,50,511600
20221116,13:42:01,201.00,200,511600
20221116,13:42:01,200.55,700,511600
20221116,13:42:02,200.80,100,511600
20221116,13:42:03,200.40,50,511600
20221116,13:42:05,200.15,50,511600
20221116,13:42:06,200.00,500,511600
20221116,13:42:07,201.40,4800,511600
20221116,13:42:08,201.80,50,511600
20221116,13:42:10,201.00,50,511600
20221116,13:42:12,200.90,150,511600
20221116,13:42:13,200.75,50,511600
20221116,13:42:15,200.70,100,511600
20221116,13:42:18,200.25,250,511600
20221116,13:42:19,200.30,500,511600
20221116,13:42:23,199.90,150,520300
20221116,13:42:25,199.85,50,520300
20221116,13:42:27,199.80,50,520300
20221116,13:42:28,200.10,200,520300
20221116,13:42:31,200.90,150,520300
20221116,13:42:32,201.00,100,520300
20221116,13:42:35,201.00,150,520300
20221116,13:42:37,201.55,50,520300
20221116,13:42:39,200.80,50,520300
20221116,13:42:39,199.90,150,520300
20221116,13:42:45,198.50,200,520300
20221116,13:42:45,198.20,50,520300
20221116,13:42:48,198.35,350,520300
20221116,13:42:49,198.30,350,520300
20221116,13:42:50,197.70,50,520300
20221116,13:42:51,197.90,450,520300
20221116,13:42:52,197.70,50,520300
20221116,13:42:53,197.45,200,520300
20221116,13:42:54,197.95,200,520300
20221116,13:42:55,198.10,50,520300
20221116,13:42:57,198.65,900,520300
20221116,13:42:58,198.10,50,520300
20221116,13:42:59,198.15,1750,520300
20221116,13:43:00,197.85,550,520300
20221116,13:43:01,197.50,50,520300
20221116,13:43:03,196.75,200,520300
20221116,13:43:04,196.95,250,520300
20221116,13:43:07,197.65,200,520300
20221116,13:43:08,198.40,2000,520300
20221116,13:43:11,198.10,150,520300
20221116,13:43:12,197.30,250,520300
20221116,13:43:13,197.60,500,520300
20221116,13:43:17,197.35,350,520300
20221116,13:43:18,198.00,1800,520300
20221116,13:43:22,196.00,150,520300
20221116,13:43:23,195.65,200,520300
20221116,13:43:25,195.55,50,520300
20221116,13:43:27,195.60,50,520300
20221116,13:43:28,195.95,250,520300
20221116,13:43:29,196.00,250,520300
20221116,13:43:31,196.00,150,520300
20221116,13:43:32,195.95,100,520300
20221116,13:43:34,196.15,100,520300
20221116,13:43:36,195.45,400,520300
20221116,13:43:37,195.00,300,520300
20221116,13:43:38,194.40,1400,520300
20221116,13:43:39,194.35,250,520300
20221116,13:43:41,194.10,1350,520300
20221116,13:43:42,194.20,100,520300
20221116,13:43:43,193.00,200,520300
20221116,13:43:44,193.45,50,520300
20221116,13:43:44,193.50,200,520300
20221116,13:43:45,192.95,500,520300
20221116,13:43:46,192.95,1950,520300
20221116,13:43:48,194.00,550,520300
20221116,13:43:49,193.60,1000,520300
20221116,13:43:50,195.00,50,520300
20221116,13:43:50,196.00,150,520300
20221116,13:43:53,195.00,50,520300
20221116,13:43:54,195.75,500,520300
20221116,13:43:55,195.35,150,520300
20221116,13:43:56,195.05,100,520300
20221116,13:43:59,194.65,50,520300
20221116,13:44:01,194.70,900,520300
20221116,13:44:02,195.15,50,520300
20221116,13:44:03,194.65,1050,520300
20221116,13:44:05,194.55,50,520300
20221116,13:44:06,194.40,500,520300
20221116,13:44:09,194.50,100,520300
20221116,13:44:11,196.00,50,520300
20221116,13:44:12,195.85,100,520300
20221116,13:44:13,195.75,950,520300
20221116,13:44:14,195.75,200,520300
20221116,13:44:17,196.35,50,520300
20221116,13:44:19,195.90,250,520300
20221116,13:44:23,196.20,250,520300
20221116,13:44:25,197.00,1050,520300
20221116,13:44:26,197.80,500,520300
20221116,13:44:27,197.35,100,520300
20221116,13:44:28,197.80,500,520300
20221116,13:44:29,197.85,50,520300
20221116,13:44:30,198.10,200,520300
20221116,13:44:30,198.00,50,520300
20221116,13:44:31,198.45,350,520300
20221116,13:44:34,197.80,450,520300
20221116,13:44:36,199.00,200,520300
20221116,13:44:37,200.00,850,520300
20221116,13:44:37,199.80,250,520300
20221116,13:44:39,200.00,4750,520300
20221116,13:44:40,200.80,650,520300
20221116,13:44:41,199.95,750,520300
20221116,13:44:42,200.05,500,520300
20221116,13:44:43,200.65,900,520300
20221116,13:44:45,201.00,150,520300
20221116,13:44:47,201.50,100,520300
20221116,13:44:48,201.50,50,520300
20221116,13:44:49,201.70,600,520300
20221116,13:44:50,201.90,100,520300
20221116,13:44:51,201.60,150,520300
20221116,13:44:53,200.95,200,520300
20221116,13:44:53,200.40,150,520300
20221116,13:44:55,199.80,1950,520300
20221116,13:44:57,201.00,450,520300
20221116,13:44:58,201.00,6900,520300
20221116,13:45:00,201.00,200,520300
20221116,13:45:02,201.25,150,520300
20221116,13:45:04,201.65,100,520300
20221116,13:45:05,200.10,50,520300
20221116,13:45:06,200.00,500,520300
20221116,13:45:07,200.05,50,520300
20221116,13:45:08,200.00,1950,520300
20221116,13:45:09,199.95,50,520300
20221116,13:45:12,199.70,50,520300
20221116,13:45:15,199.55,300,520300
20221116,13:45:17,198.50,100,520300
20221116,13:45:18,199.15,50,520300
20221116,13:45:20,198.15,50,520300
20221116,13:45:23,196.80,2650,516250
20221116,13:45:24,197.15,500,516250
20221116,13:45:25,197.25,100,516250
20221116,13:45:26,197.45,150,516250
20221116,13:45:27,197.55,100,516250
20221116,13:45:28,197.30,100,516250
20221116,13:45:29,197.30,50,516250
20221116,13:45:31,197.95,50,516250
20221116,13:45:32,197.55,500,516250
20221116,13:45:34,197.00,50,516250
20221116,13:45:37,196.10,1900,516250
20221116,13:45:39,195.80,200,516250
20221116,13:45:42,195.00,1500,516250
20221116,13:45:43,195.70,50,516250
20221116,13:45:44,195.45,200,516250
20221116,13:45:50,196.50,250,516250
20221116,13:45:52,195.55,50,516250
20221116,13:45:53,195.40,300,516250
20221116,13:45:54,195.00,150,516250
20221116,13:45:55,195.00,50,516250
20221116,13:45:56,195.40,200,516250
20221116,13:45:57,195.85,100,516250
20221116,13:45:58,195.95,100,516250
20221116,13:46:00,196.95,950,516250
20221116,13:46:01,196.20,150,516250
20221116,13:46:03,196.80,400,516250
20221116,13:46:04,197.05,250,516250
20221116,13:46:06,197.90,50,516250
20221116,13:46:07,196.80,350,516250
20221116,13:46:08,197.50,300,516250
20221116,13:46:09,198.00,500,516250
20221116,13:46:10,198.80,400,516250
20221116,13:46:11,198.65,50,516250
20221116,13:46:15,199.40,350,516250
20221116,13:46:16,199.60,50,516250
20221116,13:46:18,199.30,300,516250
20221116,13:46:24,199.25,750,516250
20221116,13:46:25,198.60,250,516250
20221116,13:46:26,198.85,550,516250
20221116,13:46:28,199.45,50,516250
20221116,13:46:29,199.15,450,516250
20221116,13:46:30,198.80,50,516250
20221116,13:46:32,198.35,100,516250
20221116,13:46:35,199.25,350,516250
20221116,13:46:37,200.10,650,516250
20221116,13:46:39,199.70,150,516250
20221116,13:46:40,199.30,50,516250
20221116,13:46:42,198.85,100,516250
20221116,13:46:43,198.15,50,516250
20221116,13:46:44,197.90,1250,516250
20221116,13:46:46,197.55,100,516250
20221116,13:46:53,198.10,100,516250
20221116,13:46:54,197.60,50,516250
20221116,13:46:55,197.15,50,516250
20221116,13:47:00,198.15,1050,516250
20221116,13:47:01,197.00,200,516250
20221116,13:47:02,197.55,50,516250
20221116,13:47:03,196.70,600,516250
20221116,13:47:07,196.00,100,516250
20221116,13:47:09,196.15,450,516250
20221116,13:47:15,197.00,50,516250
20221116,13:47:24,197.40,100,516250
20221116,13:47:25,197.50,50,516250
20221116,13:47:26,198.00,3700,516250
20221116,13:47:29,197.90,50,516250
20221116,13:47:30,198.65,600,516250
20221116,13:47:32,198.60,50,516250
20221116,13:47:36,198.90,150,516250
20221116,13:47:41,199.00,200,516250
20221116,13:47:46,199.30,150,516250
20221116,13:47:49,199.55,50,516250
20221116,13:47:50,199.25,50,516250
20221116,13:47:53,199.40,100,516250
20221116,13:47:55,199.95,1100,516250
20221116,13:47:56,200.00,200,516250
20221116,13:47:57,200.25,2200,516250
20221116,13:47:58,200.50,100,516250
20221116,13:47:59,200.05,350,516250
20221116,13:48:00,199.55,1950,516250
20221116,13:48:01,198.85,150,516250
20221116,13:48:08,197.70,550,516250
20221116,13:48:09,197.90,350,516250
20221116,13:48:11,197.95,150,516250
20221116,13:48:14,197.90,50,516250
20221116,13:48:17,198.05,100,516250
20221116,13:48:20,196.60,500,516250
20221116,13:48:21,196.00,50,516250
20221116,13:48:22,196.40,3300,516250
20221116,13:48:23,196.00,1800,514550
20221116,13:48:24,196.85,1050,514550
20221116,13:48:25,196.10,1050,514550
20221116,13:48:26,195.85,1000,514550
20221116,13:48:29,195.60,500,514550
20221116,13:48:30,195.75,100,514550
20221116,13:48:33,196.70,100,514550
20221116,13:48:34,196.70,550,514550
20221116,13:48:38,195.75,50,514550
20221116,13:48:39,196.30,500,514550
20221116,13:48:42,196.40,50,514550
20221116,13:48:53,196.00,50,514550
20221116,13:48:56,196.00,100,514550
20221116,13:49:02,196.05,100,514550
20221116,13:49:06,196.30,600,514550
20221116,13:49:08,196.30,150,514550
20221116,13:49:09,196.65,250,514550
20221116,13:49:10,196.60,1650,514550
20221116,13:49:13,196.70,50,514550
20221116,13:49:16,197.55,950,514550
20221116,13:49:17,197.40,50,514550
20221116,13:49:18,197.90,50,514550
20221116,13:49:23,197.15,500,514550
20221116,13:49:24,196.70,100,514550
20221116,13:49:28,197.60,100,514550
20221116,13:49:30,197.25,50,514550
20221116,13:49:31,197.05,200,514550
20221116,13:49:33,196.85,200,514550
20221116,13:49:38,197.25,100,514550
20221116,13:49:39,196.85,100,514550
20221116,13:49:42,197.85,350,514550
20221116,13:49:44,197.90,300,514550
20221116,13:49:46,198.00,50,514550
20221116,13:49:47,199.05,1950,514550
20221116,13:49:48,199.05,150,514550
20221116,13:49:50,200.10,2950,514550
20221116,13:49:51,201.00,150,514550
20221116,13:49:52,200.45,1050,514550
20221116,13:49:54,201.75,8450,514550
20221116,13:49:55,202.00,2900,514550
20221116,13:49:57,202.00,100,514550
20221116,13:49:59,201.60,550,514550
20221116,13:49:59,202.00,50,514550
20221116,13:50:00,201.40,100,514550
20221116,13:50:01,201.90,150,514550
20221116,13:50:04,202.25,50,514550
20221116,13:50:05,203.00,100,514550
20221116,13:50:05,203.00,200,514550
20221116,13:50:06,202.55,200,514550
20221116,13:50:07,202.50,100,514550
20221116,13:50:08,203.00,600,514550
20221116,13:50:09,202.90,200,514550
20221116,13:50:11,202.45,250,514550
20221116,13:50:11,201.95,1850,514550
20221116,13:50:13,202.40,150,514550
20221116,13:50:14,202.40,100,514550
20221116,13:50:15,203.20,150,514550
20221116,13:50:17,204.10,500,514550
20221116,13:50:18,204.10,750,514550
20221116,13:50:18,204.55,1500,514550
20221116,13:50:19,203.70,550,514550
20221116,13:50:20,204.90,200,514550
20221116,13:50:21,205.00,550,514550
20221116,13:50:22,204.40,2000,514550
20221116,13:50:23,204.30,2400,514550
20221116,13:50:24,205.25,2850,514550
20221116,13:50:26,205.30,26100,514550
20221116,13:50:27,206.55,650,514550
20221116,13:50:28,206.15,450,514550
20221116,13:50:28,206.10,550,514550
20221116,13:50:29,206.85,300,514550
20221116,13:50:30,206.30,50,514550
20221116,13:50:31,204.90,1150,514550
20221116,13:50:32,205.65,100,514550
20221116,13:50:34,205.00,1150,514550
20221116,13:50:34,205.00,100,514550
20221116,13:50:35,206.00,1000,514550
20221116,13:50:36,206.05,2800,514550
20221116,13:50:37,205.20,250,514550
20221116,13:50:38,204.60,200,514550
20221116,13:50:39,205.20,200,514550
20221116,13:50:41,204.90,50,514550
20221116,13:50:44,205.00,100,514550
20221116,13:50:45,205.10,50,514550
20221116,13:50:46,204.75,150,514550
20221116,13:50:48,205.00,300,514550
20221116,13:50:48,204.30,1000,514550
20221116,13:50:49,204.55,400,514550
20221116,13:50:50,204.55,50,514550
20221116,13:50:51,204.00,500,514550
20221116,13:50:52,204.70,650,514550
20221116,13:50:53,203.50,300,514550
20221116,13:50:54,203.50,50,514550
20221116,13:50:56,203.30,250,514550
20221116,13:50:57,202.95,1900,514550
20221116,13:50:58,202.85,100,514550
20221116,13:50:59,202.70,350,514550
20221116,13:51:01,201.90,50,514550
20221116,13:51:01,202.70,100,514550
20221116,13:51:03,203.00,350,514550
20221116,13:51:04,203.10,550,514550
20221116,13:51:05,203.00,1800,514550
20221116,13:51:07,204.45,550,514550
20221116,13:51:09,203.20,150,514550
20221116,13:51:11,203.00,50,514550
20221116,13:51:14,202.90,100,514550
20221116,13:51:14,202.20,50,514550
20221116,13:51:15,202.95,50,514550
20221116,13:51:16,202.00,300,514550
20221116,13:51:17,200.80,650,514550
20221116,13:51:20,201.55,400,514550
20221116,13:51:20,200.90,200,514550
20221116,13:51:21,201.30,5650,514550
20221116,13:51:22,201.25,2200,514550
20221116,13:51:23,200.90,400,492100
20221116,13:51:25,202.00,50,492100
20221116,13:51:27,201.40,100,492100
20221116,13:51:29,201.70,50,492100
20221116,13:51:30,202.15,100,492100
20221116,13:51:31,201.35,100,492100
20221116,13:51:33,200.80,50,492100
20221116,13:51:34,200.95,300,492100
20221116,13:51:35,201.30,1750,492100
20221116,13:51:39,200.85,650,492100
20221116,13:51:40,201.30,500,492100
20221116,13:51:45,201.60,100,492100
20221116,13:51:46,201.75,50,492100
20221116,13:51:47,202.00,50,492100
20221116,13:51:50,202.60,250,492100
20221116,13:51:52,202.55,250,492100
20221116,13:51:53,202.15,50,492100
20221116,13:51:56,203.00,50,492100
20221116,13:51:57,204.00,650,492100
20221116,13:51:58,204.50,150,492100
20221116,13:51:59,203.85,50,492100
20221116,13:51:59,203.90,200,492100
20221116,13:52:01,202.95,500,492100
20221116,13:52:04,202.35,100,492100
20221116,13:52:05,202.00,700,492100
20221116,13:52:09,202.90,1250,492100
20221116,13:52:13,203.05,50,492100
20221116,13:52:15,202.95,50,492100
20221116,13:52:16,202.75,150,492100
20221116,13:52:17,202.65,50,492100
20221116,13:52:22,202.90,150,492100
20221116,13:52:25,203.50,50,492100
20221116,13:52:26,203.85,550,492100
20221116,13:52:36,203.00,150,492100
20221116,13:52:36,202.50,1800,492100
20221116,13:52:37,202.75,900,492100
20221116,13:52:40,201.75,100,492100
20221116,13:52:41,201.60,150,492100
20221116,13:52:44,202.55,50,492100
20221116,13:52:45,201.75,250,492100
20221116,13:52:49,201.90,50,492100
20221116,13:52:51,201.75,100,492100
20221116,13:52:52,201.55,50,492100
20221116,13:52:52,200.25,400,492100
20221116,13:52:53,201.00,100,492100
20221116,13:53:01,201.20,1200,492100
20221116,13:53:04,199.75,950,492100
20221116,13:53:05,199.20,150,492100
20221116,13:53:06,199.05,50,492100
20221116,13:53:06,198.80,150,492100
20221116,13:53:07,199.40,1250,492100
20221116,13:53:08,199.20,100,492100
20221116,13:53:10,199.70,100,492100
20221116,13:53:11,199.65,750,492100
20221116,13:53:14,199.45,100,492100
20221116,13:53:15,200.80,550,492100
20221116,13:53:16,200.80,150,492100
20221116,13:53:19,200.30,50,492100
20221116,13:53:21,199.65,100,492100
20221116,13:53:21,198.95,50,492100
20221116,13:53:22,198.85,550,492100
20221116,13:53:23,198.40,350,492100
20221116,13:53:24,198.75,450,492100
20221116,13:53:26,197.95,100,492100
20221116,13:53:27,197.25,450,492100
20221116,13:53:28,197.30,50,492100
20221116,13:53:29,197.45,400,492100
20221116,13:53:32,197.15,550,492100
20221116,13:53:34,197.15,100,492100
20221116,13:53:36,197.75,50,492100
20221116,13:53:37,198.20,100,492100
20221116,13:53:38,198.35,50,492100
20221116,13:53:43,197.90,50,492100
20221116,13:53:45,197.40,100,492100
20221116,13:53:46,198.35,150,492100
20221116,13:53:52,197.75,50,492100
20221116,13:53:54,198.00,400,492100
20221116,13:53:57,198.50,550,492100
20221116,13:54:06,197.45,350,492100
20221116,13:54:09,198.25,550,492100
20221116,13:54:09,198.25,100,492100
20221116,13:54:13,197.80,50,492100
20221116,13:54:14,198.30,50,492100
20221116,13:54:15,199.00,50,492100
20221116,13:54:19,199.05,150,492100
20221116,13:54:21,199.00,500,492100
20221116,13:54:22,199.30,50,492100
20221116,13:54:24,199.15,350,489450
20221116,13:54:28,199.10,50,489450
20221116,13:54:32,198.40,50,489450
20221116,13:54:33,197.85,50,489450
20221116,13:54:39,198.30,50,489450
20221116,13:54:42,198.10,1250,489450
20221116,13:54:45,198.30,50,489450
20221116,13:54:48,197.05,600,489450
20221116,13:54:49,197.05,100,489450
20221116,13:54:50,195.75,100,489450
20221116,13:54:51,195.40,150,489450
20221116,13:54:52,195.35,50,489450
20221116,13:54:55,196.00,50,489450
20221116,13:54:57,195.20,150,489450
20221116,13:54:58,194.55,6100,489450
20221116,13:54:59,195.00,650,489450
20221116,13:55:00,193.70,1100,489450
20221116,13:55:02,192.70,1850,489450
20221116,13:55:03,193.00,50,489450
20221116,13:55:04,192.95,1000,489450
20221116,13:55:05,192.80,50,489450
20221116,13:55:08,192.95,550,489450
20221116,13:55:11,193.50,1050,489450
20221116,13:55:12,193.80,50,489450
20221116,13:55:14,193.70,100,489450
20221116,13:55:19,193.50,150,489450
20221116,13:55:21,193.45,600,489450
20221116,13:55:23,193.45,50,489450
20221116,13:55:28,194.00,100,489450
20221116,13:55:30,194.45,50,489450
20221116,13:55:31,195.00,1900,489450
20221116,13:55:33,196.00,200,489450
20221116,13:55:36,196.35,1600,489450
20221116,13:55:37,197.10,50,489450
20221116,13:55:38,196.45,1250,489450
20221116,13:55:39,197.40,4500,489450
20221116,13:55:40,197.70,500,489450
20221116,13:55:42,197.55,1600,489450
20221116,13:55:44,197.30,200,489450
20221116,13:55:46,198.50,700,489450
20221116,13:55:47,198.40,100,489450
20221116,13:55:48,197.65,400,489450
20221116,13:55:50,197.00,50,489450
20221116,13:55:51,196.10,1100,489450
20221116,13:55:55,196.80,50,489450
20221116,13:55:58,195.95,300,489450
20221116,13:56:02,195.00,6600,489450
20221116,13:56:03,195.00,1500,489450
20221116,13:56:04,193.25,1000,489450
20221116,13:56:05,193.50,150,489450
20221116,13:56:10,194.65,50,489450
20221116,13:56:11,194.05,50,489450
20221116,13:56:12,195.00,50,489450
20221116,13:56:15,195.55,100,489450
20221116,13:56:16,195.80,200,489450
20221116,13:56:18,195.20,50,489450
20221116,13:56:19,195.50,50,489450
20221116,13:56:22,195.50,750,489450
20221116,13:56:25,195.05,1150,489450
20221116,13:56:33,197.00,8800,489450
20221116,13:56:35,197.40,50,489450
20221116,13:56:37,196.00,200,489450
20221116,13:56:44,195.15,500,489450
20221116,13:56:45,194.45,2250,489450
20221116,13:56:47,194.45,50,489450
20221116,13:56:50,195.55,50,489450
20221116,13:56:51,195.45,100,489450
20221116,13:56:52,194.80,100,489450
20221116,13:56:53,194.90,400,489450
20221116,13:56:58,194.45,50,489450
20221116,13:56:59,193.85,100,489450
20221116,13:57:00,194.10,300,489450
20221116,13:57:01,193.20,150,489450
20221116,13:57:02,192.60,100,489450
20221116,13:57:03,193.05,50,489450
20221116,13:57:04,192.65,50,489450
20221116,13:57:07,192.70,250,489450
20221116,13:57:09,192.90,50,489450
20221116,13:57:10,194.00,10200,489450
20221116,13:57:13,193.70,200,489450
20221116,13:57:14,193.60,50,489450
20221116,13:57:16,193.45,300,489450
20221116,13:57:19,193.55,500,489450
20221116,13:57:20,194.35,450,489450
20221116,13:57:21,193.70,50,489450
20221116,13:57:22,193.45,200,489450
20221116,13:57:25,194.20,50,490250
20221116,13:57:26,194.90,150,490250
20221116,13:57:27,195.45,100,490250
20221116,13:57:29,194.75,100,490250
20221116,13:57:30,194.85,100,490250
20221116,13:57:34,194.00,100,490250
20221116,13:57:35,195.00,50,490250
20221116,13:57:40,195.40,250,490250
20221116,13:57:44,195.80,100,490250
20221116,13:57:51,197.00,200,490250
20221116,13:57:57,197.00,50,490250
20221116,13:57:59,196.05,100,490250
20221116,13:58:07,196.55,100,490250
20221116,13:58:08,196.10,50,490250
20221116,13:58:10,196.35,100,490250
20221116,13:58:11,195.90,100,490250
20221116,13:58:14,196.70,150,490250
20221116,13:58:20,196.00,50,490250
20221116,13:58:21,195.00,3150,490250
20221116,13:58:22,193.20,50,490250
20221116,13:58:23,194.30,100,490250
20221116,13:58:25,194.80,50,490250
20221116,13:58:26,194.45,50,490250
20221116,13:58:28,194.60,50,490250
20221116,13:58:30,194.90,50,490250
20221116,13:58:33,194.30,100,490250
20221116,13:58:34,194.40,250,490250
20221116,13:58:39,194.60,50,490250
20221116,13:58:42,194.85,250,490250
20221116,13:58:47,195.35,50,490250
20221116,13:58:49,195.00,50,490250
20221116,13:58:50,195.40,50,490250
20221116,13:58:51,195.35,500,490250
20221116,13:58:52,195.45,50,490250
20221116,13:58:56,196.00,800,490250
20221116,13:58:57,196.30,100,490250
20221116,13:58:59,197.60,900,490250
20221116,13:59:01,197.90,950,490250
20221116,13:59:05,197.60,50,490250
20221116,13:59:08,197.80,100,490250
20221116,13:59:09,198.05,1200,490250
20221116,13:59:11,198.00,50,490250
20221116,13:59:12,198.15,100,490250
20221116,13:59:13,198.05,50,490250
20221116,13:59:14,198.10,150,490250
20221116,13:59:15,198.65,100,490250
20221116,13:59:17,199.65,550,490250
20221116,13:59:18,199.60,50,490250
20221116,13:59:20,199.45,2000,490250
20221116,13:59:24,198.65,50,490250
20221116,13:59:25,198.30,1950,490250
20221116,13:59:26,198.20,350,490250
20221116,13:59:27,196.65,250,490250
20221116,13:59:28,196.25,450,490250
20221116,13:59:29,196.25,250,490250
20221116,13:59:30,196.25,400,490250
20221116,13:59:31,196.20,100,490250
20221116,13:59:33,195.70,50,490250
20221116,13:59:35,195.00,250,490250
20221116,13:59:36,193.75,400,490250
20221116,13:59:38,193.20,450,490250
20221116,13:59:41,194.10,300,490250
20221116,13:59:45,195.20,600,490250
20221116,13:59:47,195.45,250,490250
20221116,13:59:49,195.70,500,490250
20221116,13:59:52,195.25,100,490250
20221116,13:59:56,194.60,100,490250
20221116,13:59:57,193.95,50,490250
20221116,14:00:01,194.40,750,490250
20221116,14:00:06,193.55,650,490250
20221116,14:00:07,193.70,100,490250
20221116,14:00:08,194.20,500,490250
20221116,14:00:09,193.45,50,490250
20221116,14:00:11,194.00,350,490250
20221116,14:00:15,194.10,1050,490250
20221116,14:00:16,194.10,50,490250
20221116,14:00:17,193.70,50,490250
20221116,14:00:19,193.00,150,490250
20221116,14:00:21,193.20,100,490250
20221116,14:00:22,193.00,150,490250
20221116,14:00:23,192.85,1100,490250
20221116,14:00:26,193.95,50,494450
20221116,14:00:27,194.45,200,494450
20221116,14:00:28,193.60,1250,494450
20221116,14:00:38,194.80,500,494450
20221116,14:00:39,194.10,150,494450
20221116,14:00:42,194.30,100,494450
20221116,14:00:43,194.10,50,494450
20221116,14:00:46,194.55,2700,494450
20221116,14:00:47,193.75,1400,494450
20221116,14:00:48,193.65,100,494450
20221116,14:00:49,193.75,1000,494450
20221116,14:00:51,194.20,1750,494450
20221116,14:00:52,192.85,150,494450
20221116,14:00:54,190.00,4250,494450
20221116,14:00:56,189.40,1600,494450
20221116,14:00:56,189.85,750,494450
20221116,14:00:58,190.65,2600,494450
20221116,14:00:58,190.80,300,494450
20221116,14:00:59,191.20,100,494450
20221116,14:01:01,191.20,600,494450
20221116,14:01:03,189.85,100,494450
20221116,14:01:06,190.05,250,494450
20221116,14:01:09,189.85,50,494450
20221116,14:01:12,189.40,100,494450
20221116,14:01:13,190.00,50,494450
20221116,14:01:14,190.95,600,494450
20221116,14:01:20,191.05,150,494450
20221116,14:01:23,191.75,100,494450
20221116,14:01:25,190.95,50,494450
20221116,14:01:26,191.10,50,494450
20221116,14:01:27,191.00,1800,494450
20221116,14:01:29,191.30,150,494450
20221116,14:01:31,192.00,600,494450
20221116,14:01:32,192.15,50,494450
20221116,14:01:33,191.30,50,494450
20221116,14:01:35,191.80,100,494450
20221116,14:01:36,192.45,50,494450
20221116,14:01:38,191.60,100,494450
20221116,14:01:41,191.65,50,494450
20221116,14:01:47,191.85,150,494450
20221116,14:01:48,191.30,500,494450
20221116,14:01:49,189.00,2400,494450
20221116,14:01:52,188.90,300,494450
20221116,14:01:54,188.95,1000,494450
20221116,14:01:58,188.45,300,494450
20221116,14:02:00,188.00,1150,494450
20221116,14:02:01,188.00,50,494450
20221116,14:02:02,187.40,100,494450
20221116,14:02:04,187.60,50,494450
20221116,14:02:04,187.30,50,494450
20221116,14:02:05,187.60,700,494450
20221116,14:02:06,186.55,250,494450
20221116,14:02:08,186.80,50,494450
20221116,14:02:08,186.55,150,494450
20221116,14:02:10,188.00,300,494450
20221116,14:02:11,188.15,250,494450
20221116,14:02:12,188.40,800,494450
20221116,14:02:15,187.25,50,494450
20221116,14:02:16,187.40,50,494450
20221116,14:02:17,187.00,600,494450
20221116,14:02:18,187.05,250,494450
20221116,14:02:20,188.00,1100,494450
20221116,14:02:22,187.50,150,494450
20221116,14:02:26,187.40,50,494450
20221116,14:02:27,187.95,50,494450
20221116,14:02:30,189.20,300,494450
20221116,14:02:33,189.05,100,494450
20221116,14:02:39,189.65,100,494450
20221116,14:02:40,189.50,150,494450
20221116,14:02:41,189.95,100,494450
20221116,14:02:42,189.50,1000,494450
20221116,14:02:43,190.25,100,494450
20221116,14:02:44,190.05,350,494450
20221116,14:02:45,190.00,50,494450
20221116,14:02:47,190.00,50,494450
20221116,14:02:48,190.00,50,494450
20221116,14:02:50,190.75,1900,494450
20221116,14:02:52,191.95,250,494450
20221116,14:02:52,191.95,550,494450
20221116,14:02:54,191.60,100,494450
20221116,14:02:54,191.40,550,494450
20221116,14:02:57,191.15,50,494450
20221116,14:03:00,191.00,100,494450
20221116,14:03:01,189.90,450,494450
20221116,14:03:02,190.15,250,494450
20221116,14:03:03,190.55,200,494450
20221116,14:03:05,189.85,100,494450
20221116,14:03:07,189.60,50,494450
20221116,14:03:09,189.85,100,494450
20221116,14:03:11,189.15,50,494450
20221116,14:03:14,189.85,50,494450
20221116,14:03:15,190.20,1800,494450
20221116,14:03:17,189.05,50,494450
20221116,14:03:17,188.85,50,494450
20221116,14:03:18,188.70,50,494450
20221116,14:03:19,188.35,200,494450
20221116,14:03:21,187.90,1200,494450
20221116,14:03:23,188.70,200,494450
20221116,14:03:25,187.15,950,494450
20221116,14:03:28,187.60,100,492250
20221116,14:03:30,188.50,100,492250
20221116,14:03:31,188.80,700,492250
20221116,14:03:35,188.00,200,492250
20221116,14:03:36,185.65,1000,492250
20221116,14:03:37,185.70,50,492250
20221116,14:03:38,186.00,50,492250
20221116,14:03:39,186.50,200,492250
20221116,14:03:40,185.85,50,492250
20221116,14:03:41,186.85,600,492250
20221116,14:03:44,186.75,100,492250
20221116,14:03:45,187.65,50,492250
20221116,14:03:48,186.60,50,492250
20221116,14:03:49,185.75,1050,492250
20221116,14:03:50,185.65,500,492250
20221116,14:03:51,185.90,100,492250
20221116,14:03:53,184.55,4100,492250
20221116,14:03:54,184.15,1800,492250
20221116,14:03:55,184.80,450,492250
20221116,14:03:56,185.00,450,492250
20221116,14:03:57,183.95,50,492250
20221116,14:03:58,184.30,250,492250
20221116,14:03:59,184.25,150,492250
20221116,14:04:00,184.45,400,492250
20221116,14:04:02,184.30,100,492250
20221116,14:04:03,182.70,600,492250
20221116,14:04:04,180.65,1200,492250
20221116,14:04:05,181.55,1300,492250
20221116,14:04:05,180.90,200,492250
20221116,14:04:07,180.75,2100,492250
20221116,14:04:08,180.00,3550,492250
20221116,14:04:09,179.20,3400,492250
20221116,14:04:10,180.20,1300,492250
20221116,14:04:11,180.90,1150,492250
20221116,14:04:13,180.85,250,492250
20221116,14:04:16,180.85,100,492250
20221116,14:04:17,181.50,50,492250
20221116,14:04:18,181.35,600,492250
20221116,14:04:20,180.95,150,492250
20221116,14:04:21,181.80,50,492250
20221116,14:04:22,180.90,10550,492250
20221116,14:04:23,181.40,350,492250
20221116,14:04:24,181.50,100,492250
20221116,14:04:25,180.65,550,492250
20221116,14:04:27,181.40,150,492250
20221116,14:04:28,181.40,600,492250
20221116,14:04:29,180.95,150,492250
20221116,14:04:30,181.15,100,492250
20221116,14:04:31,180.35,550,492250
20221116,14:04:34,180.40,1350,492250
20221116,14:04:35,180.75,200,492250
20221116,14:04:37,180.50,100,492250
20221116,14:04:38,180.45,50,492250
20221116,14:04:39,180.00,1300,492250
20221116,14:04:39,180.00,100,492250
20221116,14:04:40,180.00,50,492250
20221116,14:04:41,180.20,150,492250
20221116,14:04:42,179.25,250,492250
20221116,14:04:43,178.65,750,492250
20221116,14:04:45,179.50,150,492250
20221116,14:04:46,179.40,200,492250
20221116,14:04:48,177.95,200,492250
20221116,14:04:48,178.00,1400,492250
20221116,14:04:50,177.00,700,492250
20221116,14:04:51,177.05,300,492250
20221116,14:04:52,176.90,1000,492250
20221116,14:04:53,177.70,550,492250
20221116,14:04:54,177.25,2200,492250
20221116,14:04:55,177.00,700,492250
20221116,14:04:56,177.95,2150,492250
20221116,14:04:58,177.70,350,492250
20221116,14:04:59,177.30,100,492250
20221116,14:05:00,177.30,50,492250
20221116,14:05:02,178.00,150,492250
20221116,14:05:03,177.80,50,492250
20221116,14:05:04,176.95,2450,492250
20221116,14:05:05,176.30,200,492250
20221116,14:05:07,175.15,2000,492250
20221116,14:05:08,174.00,400,492250
20221116,14:05:09,173.05,100,492250
20221116,14:05:10,173.30,1550,492250
20221116,14:05:11,172.35,1250,492250
20221116,14:05:13,173.90,1200,492250
20221116,14:05:14,173.65,2300,492250
20221116,14:05:15,173.45,5650,492250
20221116,14:05:16,172.85,200,492250
20221116,14:05:18,172.50,950,492250
20221116,14:05:19,173.40,100,492250
20221116,14:05:21,173.90,850,492250
20221116,14:05:23,174.15,250,492250
20221116,14:05:24,174.95,100,492250
20221116,14:05:25,175.50,550,492250
20221116,14:05:27,176.05,350,492250
20221116,14:05:28,175.60,100,492250
20221116,14:05:29,175.40,250,492250
20221116,14:05:30,175.40,500,492250
20221116,14:05:32,173.90,100,492250
20221116,14:05:33,174.15,300,492250
20221116,14:05:34,174.75,200,492250
20221116,14:05:36,175.00,100,492250
20221116,14:05:37,175.00,50,492250
20221116,14:05:39,174.75,100,492250
20221116,14:05:40,174.95,50,492250
20221116,14:05:41,175.80,1450,492250
20221116,14:05:44,176.25,250,492250
20221116,14:05:45,176.00,200,492250
20221116,14:05:46,176.20,50,492250
20221116,14:05:47,175.40,150,492250
20221116,14:05:48,175.40,150,492250
20221116,14:05:51,175.70,100,492250
20221116,14:05:53,175.10,150,492250
20221116,14:05:55,175.15,1450,492250
20221116,14:05:56,175.30,100,492250
20221116,14:05:58,175.15,50,492250
20221116,14:06:00,175.35,50,492250
20221116,14:06:01,174.00,300,492250
20221116,14:06:02,173.40,250,492250
20221116,14:06:03,172.90,2050,492250
20221116,14:06:03,172.85,200,492250
20221116,14:06:05,171.50,650,492250
20221116,14:06:06,169.70,3950,492250
20221116,14:06:07,170.65,1900,492250
20221116,14:06:08,170.55,100,492250
20221116,14:06:09,170.00,400,492250
20221116,14:06:10,168.60,4150,492250
20221116,14:06:11,168.95,600,492250
20221116,14:06:12,170.45,3400,492250
20221116,14:06:14,170.25,1150,492250
20221116,14:06:14,170.00,300,492250
20221116,14:06:15,170.20,4200,492250
20221116,14:06:16,170.95,900,492250
20221116,14:06:17,170.70,100,492250
20221116,14:06:19,170.05,50,492250
20221116,14:06:20,167.70,2800,492250
20221116,14:06:20,167.30,100,492250
20221116,14:06:22,167.55,1700,492250
20221116,14:06:23,167.90,4750,492250
20221116,14:06:24,167.90,50,492250
20221116,14:06:25,168.20,1900,492250
20221116,14:06:25,168.10,100,492250
20221116,14:06:26,167.85,350,492250
20221116,14:06:28,167.50,350,486950
20221116,14:06:29,167.35,50,486950
20221116,14:06:30,167.35,850,486950
20221116,14:06:31,166.70,100,486950
20221116,14:06:32,166.85,150,486950
20221116,14:06:33,168.80,1200,486950
20221116,14:06:33,168.10,1000,486950
20221116,14:06:34,168.30,200,486950
20221116,14:06:36,168.05,150,486950
20221116,14:06:37,168.10,50,486950
20221116,14:06:38,169.55,1550,486950
20221116,14:06:39,170.00,50,486950
20221116,14:06:40,170.00,100,486950
20221116,14:06:42,169.75,200,486950
20221116,14:06:43,169.10,1000,486950
20221116,14:06:43,171.00,400,486950
20221116,14:06:45,171.00,1400,486950
20221116,14:06:46,171.25,50,486950
20221116,14:06:46,170.70,100,486950
20221116,14:06:48,171.20,100,486950
20221116,14:06:50,172.30,400,486950
20221116,14:06:51,171.10,100,486950
20221116,14:06:52,171.45,50,486950
20221116,14:06:53,170.80,300,486950
20221116,14:06:53,170.70,50,486950
20221116,14:06:54,171.00,1300,486950
20221116,14:06:55,170.15,100,486950
20221116,14:06:58,170.60,300,486950
20221116,14:06:59,170.00,1300,486950
20221116,14:06:59,169.50,150,486950
20221116,14:07:00,168.00,700,486950
20221116,14:07:03,168.90,200,486950
20221116,14:07:04,169.10,300,486950
20221116,14:07:05,168.05,100,486950
20221116,14:07:07,168.40,850,486950
20221116,14:07:08,168.10,100,486950
20221116,14:07:09,168.05,50,486950
20221116,14:07:10,166.45,2050,486950
20221116,14:07:11,166.85,2000,486950
20221116,14:07:12,167.05,150,486950
20221116,14:07:14,168.45,200,486950
20221116,14:07:15,169.25,200,486950
20221116,14:07:16,169.10,100,486950
20221116,14:07:17,169.10,50,486950
20221116,14:07:18,168.80,800,486950
20221116,14:07:19,169.00,200,486950
20221116,14:07:20,168.80,200,486950
20221116,14:07:21,168.80,150,486950
20221116,14:07:22,167.95,500,486950
20221116,14:07:24,168.00,50,486950
20221116,14:07:26,166.85,600,486950
20221116,14:07:27,166.75,100,486950
20221116,14:07:29,167.60,200,486950
20221116,14:07:31,167.95,300,486950
20221116,14:07:32,168.20,500,486950
20221116,14:07:33,168.45,350,486950
20221116,14:07:34,167.95,150,486950
20221116,14:07:35,167.40,200,486950
20221116,14:07:36,167.20,150,486950
20221116,14:07:39,168.15,200,486950
20221116,14:07:42,168.05,100,486950
20221116,14:07:43,168.30,450,486950
20221116,14:07:44,168.45,50,486950
20221116,14:07:45,168.30,50,486950
20221116,14:07:46,168.15,650,486950
20221116,14:07:47,168.70,1050,486950
20221116,14:07:48,168.00,400,486950
20221116,14:07:51,167.90,650,486950
20221116,14:07:52,168.05,50,486950
20221116,14:07:53,167.40,300,486950
20221116,14:07:54,166.40,300,486950
20221116,14:07:55,166.80,2750,486950
20221116,14:07:56,165.20,5050,486950
20221116,14:07:58,165.65,750,486950
20221116,14:07:59,166.00,100,486950
20221116,14:08:00,165.95,300,486950
20221116,14:08:01,165.00,750,486950
20221116,14:08:02,164.55,200,486950
20221116,14:08:04,165.05,750,486950
20221116,14:08:05,164.55,250,486950
20221116,14:08:06,164.35,400,486950
20221116,14:08:07,163.25,800,486950
20221116,14:08:08,163.10,300,486950
20221116,14:08:09,162.95,2000,486950
20221116,14:08:10,162.65,200,486950
20221116,14:08:11,162.00,1000,486950
20221116,14:08:12,162.50,1250,486950
20221116,14:08:13,161.75,1200,486950
20221116,14:08:14,162.15,250,486950
20221116,14:08:15,162.70,1800,486950
20221116,14:08:16,163.10,300,486950
20221116,14:08:17,162.10,1800,486950
20221116,14:08:18,162.95,300,486950
20221116,14:08:20,162.60,1100,486950
20221116,14:08:21,160.45,1750,486950
20221116,14:08:22,160.10,600,486950
20221116,14:08:23,160.40,50,486950
20221116,14:08:24,159.80,3000,486950
20221116,14:08:25,160.40,2400,486950
20221116,14:08:26,161.00,500,486950
20221116,14:08:27,161.30,50,486950
20221116,14:08:28,162.55,500,486950
20221116,14:08:29,162.30,100,486950
20221116,14:08:31,162.80,350,486950
20221116,14:08:32,162.70,50,486950
20221116,14:08:34,163.25,850,486950
20221116,14:08:35,164.10,2050,486950
20221116,14:08:36,163.50,300,486950
20221116,14:08:37,164.00,50,486950
20221116,14:08:38,164.60,1100,486950
20221116,14:08:39,164.05,200,486950
20221116,14:08:40,163.50,300,486950
20221116,14:08:41,163.40,50,486950
20221116,14:08:42,163.15,1300,486950
20221116,14:08:46,164.25,300,486950
20221116,14:08:47,164.35,50,486950
20221116,14:08:48,164.05,250,486950
20221116,14:08:49,164.10,200,486950
20221116,14:08:50,163.95,650,486950
20221116,14:08:52,164.45,150,486950
20221116,14:08:54,165.00,250,486950
20221116,14:08:55,165.50,450,486950
20221116,14:08:56,166.05,1350,486950
20221116,14:08:58,166.15,750,486950
20221116,14:08:59,165.75,50,486950
20221116,14:09:01,166.00,700,486950
20221116,14:09:02,165.85,2950,486950
20221116,14:09:03,165.70,2350,486950
20221116,14:09:04,165.00,2250,486950
20221116,14:09:05,165.55,1150,486950
20221116,14:09:06,164.00,750,486950
20221116,14:09:07,164.00,400,486950
20221116,14:09:09,164.60,50,486950
20221116,14:09:10,164.40,1900,486950
20221116,14:09:11,166.60,700,486950
20221116,14:09:13,166.55,450,486950
20221116,14:09:14,166.55,150,486950
20221116,14:09:15,166.80,7250,486950
20221116,14:09:16,166.80,50,486950
20221116,14:09:17,167.75,100,486950
20221116,14:09:18,168.00,550,486950
20221116,14:09:19,168.00,250,486950
20221116,14:09:20,167.90,500,486950
20221116,14:09:21,168.00,50,486950
20221116,14:09:22,167.60,100,486950
20221116,14:09:23,167.45,150,486950
20221116,14:09:24,167.25,1050,486950
20221116,14:09:25,167.55,200,486950
20221116,14:09:28,167.60,250,485800
20221116,14:09:29,167.55,50,485800
20221116,14:09:30,168.20,450,485800
20221116,14:09:31,168.15,150,485800
20221116,14:09:32,168.65,50,485800
20221116,14:09:33,168.00,100,485800
20221116,14:09:35,168.30,200,485800
20221116,14:09:36,168.60,1300,485800
20221116,14:09:37,168.60,1500,485800
20221116,14:09:38,168.15,1300,485800
20221116,14:09:39,168.50,400,485800
20221116,14:09:40,168.00,4800,485800
20221116,14:09:41,168.00,2600,485800
20221116,14:09:43,168.00,900,485800
20221116,14:09:44,168.60,1650,485800
20221116,14:09:45,168.20,1900,485800
20221116,14:09:46,168.20,1800,485800
20221116,14:09:47,168.35,1800,485800
20221116,14:09:48,168.55,150,485800
20221116,14:09:49,167.75,100,485800
20221116,14:09:50,167.70,250,485800
20221116,14:09:51,167.45,150,485800
20221116,14:09:52,167.35,600,485800
20221116,14:09:53,167.85,250,485800
20221116,14:09:54,166.75,550,485800
20221116,14:09:55,167.20,100,485800
20221116,14:09:57,166.00,250,485800
20221116,14:09:58,166.00,50,485800
20221116,14:09:59,165.60,450,485800
20221116,14:10:00,165.55,50,485800
20221116,14:10:01,164.00,2450,485800
20221116,14:10:02,163.50,150,485800
20221116,14:10:03,164.30,200,485800
20221116,14:10:04,163.75,2750,485800
20221116,14:10:05,163.60,200,485800
20221116,14:10:06,164.90,200,485800
20221116,14:10:07,165.00,350,485800
20221116,14:10:08,164.75,500,485800
20221116,14:10:10,165.00,50,485800
20221116,14:10:11,165.30,100,485800
20221116,14:10:12,166.30,2250,485800
20221116,14:10:13,166.60,300,485800
20221116,14:10:14,166.60,50,485800
20221116,14:10:16,166.60,400,485800
20221116,14:10:17,166.55,100,485800
20221116,14:10:18,166.65,1850,485800
20221116,14:10:19,167.15,1950,485800
20221116,14:10:20,167.00,350,485800
20221116,14:10:22,167.40,50,485800
20221116,14:10:23,167.25,100,485800
20221116,14:10:24,167.35,450,485800
20221116,14:10:25,167.90,300,485800
20221116,14:10:26,168.05,150,485800
20221116,14:10:27,167.90,150,485800
20221116,14:10:28,168.30,100,485800
20221116,14:10:30,168.00,500,485800
20221116,14:10:31,167.50,550,485800
20221116,14:10:32,167.30,300,485800
20221116,14:10:33,167.70,300,485800
20221116,14:10:34,168.00,600,485800
20221116,14:10:35,168.05,450,485800
20221116,14:10:39,168.05,450,485800
20221116,14:10:40,168.10,1500,485800
20221116,14:10:41,168.00,500,485800
20221116,14:10:44,167.45,100,485800
20221116,14:10:47,167.05,1000,485800
20221116,14:10:48,167.10,150,485800
20221116,14:10:49,166.30,500,485800
20221116,14:10:52,166.05,150,485800
20221116,14:10:53,165.55,50,485800
20221116,14:10:54,165.75,250,485800
20221116,14:10:55,165.65,150,485800
20221116,14:10:58,166.95,200,485800
20221116,14:10:59,167.35,200,485800
20221116,14:11:01,167.15,500,485800
20221116,14:11:02,166.85,100,485800
20221116,14:11:04,167.25,250,485800
20221116,14:11:05,167.40,250,485800
20221116,14:11:06,167.45,350,485800
20221116,14:11:07,167.25,250,485800
20221116,14:11:08,167.60,50,485800
20221116,14:11:11,168.00,350,485800
20221116,14:11:12,167.75,150,485800
20221116,14:11:14,167.30,50,485800
20221116,14:11:15,167.90,750,485800
20221116,14:11:17,167.50,600,485800
20221116,14:11:19,167.75,550,485800
20221116,14:11:20,167.90,50,485800
20221116,14:11:21,168.20,150,485800
20221116,14:11:22,168.75,300,485800
20221116,14:11:23,168.45,150,485800
20221116,14:11:24,170.05,2950,485800
20221116,14:11:25,169.95,50,485800
20221116,14:11:27,171.00,1100,485800
20221116,14:11:28,170.45,600,485800
20221116,14:11:29,169.80,600,485800
20221116,14:11:30,168.35,600,485800
20221116,14:11:31,167.75,200,485800
20221116,14:11:33,167.90,400,485800
20221116,14:11:34,167.60,1500,485800
20221116,14:11:36,168.35,100,485800
20221116,14:11:37,169.00,800,485800
20221116,14:11:39,169.60,150,485800
20221116,14:11:41,169.65,50,485800
20221116,14:11:43,169.05,50,485800
20221116,14:11:44,169.50,300,485800
20221116,14:11:47,169.40,550,485800
20221116,14:11:48,169.75,250,485800
20221116,14:11:50,169.90,400,485800
20221116,14:11:51,170.50,200,485800
20221116,14:11:52,170.50,100,485800
20221116,14:11:53,171.00,1450,485800
20221116,14:11:54,171.20,50,485800
20221116,14:11:55,171.45,750,485800
20221116,14:11:56,171.50,100,485800
20221116,14:11:57,170.00,400,485800
20221116,14:11:58,169.70,100,485800
20221116,14:11:59,168.95,400,485800
20221116,14:12:00,168.00,500,485800
20221116,14:12:01,167.45,50,485800
20221116,14:12:02,166.95,1550,485800
20221116,14:12:04,167.05,100,485800
20221116,14:12:05,166.90,50,485800
20221116,14:12:06,166.65,100,485800
20221116,14:12:08,166.80,350,485800
20221116,14:12:09,167.25,150,485800
20221116,14:12:11,167.05,150,485800
20221116,14:12:12,166.40,300,485800
20221116,14:12:14,165.90,2800,485800
20221116,14:12:15,166.00,600,485800
20221116,14:12:16,165.50,100,485800
20221116,14:12:18,165.90,250,485800
20221116,14:12:20,165.35,150,485800
20221116,14:12:21,166.10,200,485800
20221116,14:12:22,165.20,100,485800
20221116,14:12:23,165.30,300,485800
20221116,14:12:24,164.40,2150,485800
20221116,14:12:26,164.60,750,485800
20221116,14:12:26,165.00,50,485800
20221116,14:12:27,165.60,150,484900
20221116,14:12:28,166.20,100,484900
20221116,14:12:35,166.95,150,484900
20221116,14:12:36,167.05,400,484900
20221116,14:12:39,167.55,2100,484900
20221116,14:12:40,168.00,4500,484900
20221116,14:12:41,167.35,1300,484900
20221116,14:12:42,167.50,150,484900
20221116,14:12:43,167.35,150,484900
20221116,14:12:45,167.60,50,484900
20221116,14:12:48,168.00,1200,484900
20221116,14:12:49,168.55,100,484900
20221116,14:12:51,168.80,800,484900
20221116,14:12:54,168.90,50,484900
20221116,14:12:55,169.65,150,484900
20221116,14:12:57,169.35,150,484900
20221116,14:12:58,170.00,750,484900
20221116,14:13:01,169.25,50,484900
20221116,14:13:01,168.60,350,484900
20221116,14:13:02,168.00,1350,484900
20221116,14:13:06,167.10,200,484900
20221116,14:13:07,167.05,50,484900
20221116,14:13:09,167.10,600,484900
20221116,14:13:16,166.50,400,484900
20221116,14:13:17,166.35,50,484900
20221116,14:13:19,165.95,300,484900
20221116,14:13:20,165.00,16200,484900
20221116,14:13:21,165.15,1350,484900
20221116,14:13:23,164.50,50,484900
20221116,14:13:24,165.00,1050,484900
20221116,14:13:25,164.80,500,484900
20221116,14:13:26,165.30,100,484900
20221116,14:13:27,166.60,450,484900
20221116,14:13:29,165.95,50,484900
20221116,14:13:30,166.50,150,484900
20221116,14:13:31,166.55,1850,484900
20221116,14:13:32,166.80,50,484900
20221116,14:13:36,166.50,5450,484900
20221116,14:13:37,165.00,4550,484900
20221116,14:13:38,165.50,100,484900
20221116,14:13:40,166.35,50,484900
20221116,14:13:41,166.05,50,484900
20221116,14:13:42,166.05,50,484900
20221116,14:13:43,166.50,100,484900
20221116,14:13:44,166.15,100,484900
20221116,14:13:48,165.70,50,484900
20221116,14:13:49,165.05,3800,484900
20221116,14:13:50,165.05,50,484900
20221116,14:13:57,165.90,150,484900
20221116,14:13:58,165.90,50,484900
20221116,14:13:59,166.25,500,484900
20221116,14:14:00,166.70,550,484900
20221116,14:14:01,166.70,300,484900
20221116,14:14:02,165.25,450,484900
20221116,14:14:04,165.45,800,484900
20221116,14:14:05,166.55,300,484900
20221116,14:14:06,167.00,200,484900
20221116,14:14:07,166.95,50,484900
20221116,14:14:08,166.60,1000,484900
20221116,14:14:11,166.30,100,484900
20221116,14:14:12,166.20,50,484900
20221116,14:14:14,166.40,150,484900
20221116,14:14:19,165.35,50,484900
20221116,14:14:19,165.55,200,484900
20221116,14:14:22,165.00,100,484900
20221116,14:14:24,164.70,200,484900
20221116,14:14:25,165.80,100,484900
20221116,14:14:25,165.40,100,484900
20221116,14:14:26,165.35,200,484900
20221116,14:14:29,165.00,1150,484900
20221116,14:14:33,164.50,450,484900
20221116,14:14:34,164.00,950,484900
20221116,14:14:36,164.05,450,484900
20221116,14:14:39,163.40,100,484900
20221116,14:14:40,164.40,550,484900
20221116,14:14:41,164.15,50,484900
20221116,14:14:43,162.80,650,484900
20221116,14:14:45,162.00,1050,484900
20221116,14:14:46,162.30,650,484900
20221116,14:14:48,161.00,4050,484900
20221116,14:14:49,159.80,1300,484900
20221116,14:14:49,160.00,450,484900
20221116,14:14:50,159.00,1950,484900
20221116,14:14:51,158.55,650,484900
20221116,14:14:52,158.90,350,484900
20221116,14:14:53,159.45,1150,484900
20221116,14:14:55,160.20,3000,484900
20221116,14:14:56,159.90,100,484900
20221116,14:14:57,159.95,600,484900
20221116,14:14:57,160.05,50,484900
20221116,14:14:58,160.30,1950,484900
20221116,14:15:00,160.15,300,484900
20221116,14:15:01,158.85,900,484900
20221116,14:15:02,156.25,4150,484900
20221116,14:15:03,155.80,7250,484900
20221116,14:15:05,155.60,3450,484900
20221116,14:15:06,154.85,1750,484900
20221116,14:15:07,155.30,550,484900
20221116,14:15:08,156.00,1800,484900
20221116,14:15:08,156.30,1100,484900
20221116,14:15:09,156.60,500,484900
20221116,14:15:10,156.50,650,484900
20221116,14:15:12,155.50,1400,484900
20221116,14:15:13,156.15,950,484900
20221116,14:15:14,156.40,250,484900
20221116,14:15:15,155.60,250,484900
20221116,14:15:15,156.20,500,484900
20221116,14:15:16,155.70,350,484900
20221116,14:15:17,155.65,1950,484900
20221116,14:15:18,155.55,550,484900
20221116,14:15:20,155.60,4900,484900
20221116,14:15:20,155.70,250,484900
20221116,14:15:21,155.60,700,484900
20221116,14:15:22,155.45,150,484900
20221116,14:15:23,155.10,300,484900
20221116,14:15:25,154.90,50,484900
20221116,14:15:26,154.85,250,484900
20221116,14:15:26,154.75,100,484900
20221116,14:15:27,154.15,3150,484900
20221116,14:15:28,154.80,1300,499650
20221116,14:15:29,154.65,100,499650
20221116,14:15:31,154.50,350,499650
20221116,14:15:32,155.05,650,499650
20221116,14:15:33,154.80,50,499650
20221116,14:15:33,155.05,1150,499650
20221116,14:15:34,155.00,50,499650
20221116,14:15:35,155.20,850,499650
20221116,14:15:36,155.15,150,499650
20221116,14:15:39,154.10,550,499650
20221116,14:15:40,153.75,2100,499650
20221116,14:15:41,153.20,600,499650
20221116,14:15:41,153.65,200,499650
20221116,14:15:42,154.50,500,499650
20221116,14:15:44,155.90,2650,499650
20221116,14:15:44,155.20,50,499650
20221116,14:15:45,156.10,5400,499650
20221116,14:15:46,156.05,150,499650
20221116,14:15:47,156.20,1500,499650
20221116,14:15:49,158.20,2850,499650
20221116,14:15:50,157.90,700,499650
20221116,14:15:51,158.25,3600,499650
20221116,14:15:52,157.75,50,499650
20221116,14:15:54,157.00,500,499650
20221116,14:15:55,156.25,300,499650
20221116,14:15:56,157.05,100,499650
20221116,14:15:57,157.10,550,499650
20221116,14:15:58,157.80,2850,499650
20221116,14:15:59,157.10,300,499650
20221116,14:16:02,157.70,200,499650
20221116,14:16:02,158.00,1000,499650
20221116,14:16:03,158.65,950,499650
20221116,14:16:04,158.45,20400,499650
20221116,14:16:06,158.00,100,499650
20221116,14:16:07,157.10,400,499650
20221116,14:16:08,157.50,800,499650
20221116,14:16:09,158.00,400,499650
20221116,14:16:10,158.70,300,499650
20221116,14:16:12,158.85,1500,499650
20221116,14:16:13,158.20,150,499650
20221116,14:16:14,157.60,1950,499650
20221116,14:16:15,158.00,350,499650
20221116,14:16:17,157.85,50,499650
20221116,14:16:17,158.15,1050,499650
20221116,14:16:19,158.00,200,499650
20221116,14:16:20,158.45,1700,499650
20221116,14:16:22,158.25,150,499650
20221116,14:16:23,159.25,350,499650
20221116,14:16:24,159.35,300,499650
20221116,14:16:25,159.80,350,499650
20221116,14:16:26,159.45,2250,499650
20221116,14:16:28,159.80,300,499650
20221116,14:16:30,159.90,100,499650
20221116,14:16:31,160.90,250,499650
20221116,14:16:32,161.70,2250,499650
20221116,14:16:33,161.45,700,499650
20221116,14:16:35,162.00,50,499650
20221116,14:16:35,162.35,150,499650
20221116,14:16:36,162.90,2050,499650
20221116,14:16:38,162.15,2350,499650
20221116,14:16:39,162.85,1500,499650
20221116,14:16:40,163.30,850,499650
20221116,14:16:41,162.65,4700,499650
20221116,14:16:42,162.60,450,499650
20221116,14:16:42,162.70,50,499650
20221116,14:16:44,162.10,250,499650
20221116,14:16:45,161.10,3650,499650
20221116,14:16:47,162.20,100,499650
20221116,14:16:48,161.40,1600,499650
20221116,14:16:49,162.00,250,499650
20221116,14:16:50,161.55,50,499650
20221116,14:16:51,160.70,550,499650
20221116,14:16:52,161.65,50,499650
20221116,14:16:53,160.30,650,499650
20221116,14:16:54,160.15,1350,499650
20221116,14:16:54,160.15,150,499650
20221116,14:16:55,159.80,1200,499650
20221116,14:16:57,159.25,150,499650
20221116,14:16:58,159.40,100,499650
20221116,14:16:59,159.60,1900,499650
20221116,14:17:00,160.00,100,499650
20221116,14:17:01,159.60,300,499650
20221116,14:17:03,159.30,50,499650
20221116,14:17:03,159.55,250,499650
20221116,14:17:04,159.85,700,499650
20221116,14:17:05,159.40,250,499650
20221116,14:17:07,159.60,300,499650
20221116,14:17:08,159.80,200,499650
20221116,14:17:10,161.00,50,499650
20221116,14:17:13,161.00,200,499650
20221116,14:17:17,161.25,50,499650
20221116,14:17:18,162.05,3950,499650
20221116,14:17:19,161.95,50,499650
20221116,14:17:20,162.05,50,499650
20221116,14:17:21,161.30,200,499650
20221116,14:17:22,160.60,2100,499650
20221116,14:17:28,161.40,150,499650
20221116,14:17:32,160.80,50,499650
20221116,14:17:33,160.85,100,499650
20221116,14:17:34,161.00,700,499650
20221116,14:17:35,160.90,400,499650
20221116,14:17:37,160.55,500,499650
20221116,14:17:38,160.55,150,499650
20221116,14:17:39,160.60,100,499650
20221116,14:17:40,160.35,50,499650
20221116,14:17:41,160.50,150,499650
20221116,14:17:42,160.05,1050,499650
20221116,14:17:43,160.85,100,499650
20221116,14:17:46,160.55,100,499650
20221116,14:17:47,160.85,200,499650
20221116,14:17:48,160.45,50,499650
20221116,14:17:49,160.05,1200,499650
20221116,14:17:50,160.10,450,499650
20221116,14:17:50,160.15,50,499650
20221116,14:17:52,159.80,300,499650
20221116,14:17:56,159.00,2500,499650
20221116,14:17:57,158.35,2800,499650
20221116,14:17:58,157.40,400,499650
20221116,14:17:59,158.00,200,499650
20221116,14:18:00,157.60,250,499650
20221116,14:18:02,157.65,500,499650
20221116,14:18:02,157.20,950,499650
20221116,14:18:03,157.20,400,499650
20221116,14:18:05,157.70,300,499650
20221116,14:18:06,157.30,50,499650
20221116,14:18:08,158.15,100,499650
20221116,14:18:08,157.40,100,499650
20221116,14:18:10,156.25,400,499650
20221116,14:18:11,156.25,1450,499650
20221116,14:18:12,156.25,100,499650
20221116,14:18:13,156.10,50,499650
20221116,14:18:14,156.05,150,499650
20221116,14:18:16,156.40,150,499650
20221116,14:18:17,155.00,800,499650
20221116,14:18:18,154.40,1450,499650
20221116,14:18:19,154.60,50,499650
20221116,14:18:20,153.90,650,499650
20221116,14:18:21,153.75,150,499650
20221116,14:18:22,154.35,850,499650
20221116,14:18:23,153.30,250,499650
20221116,14:18:24,153.20,100,499650
20221116,14:18:25,153.50,50,499650
20221116,14:18:26,153.80,600,499650
20221116,14:18:27,154.75,500,499650
20221116,14:18:28,155.50,250,499650
20221116,14:18:29,155.50,200,495150
20221116,14:18:30,156.70,150,495150
20221116,14:18:31,156.55,50,495150
20221116,14:18:32,156.40,50,495150
20221116,14:18:33,156.10,100,495150
20221116,14:18:34,155.85,250,495150
20221116,14:18:35,155.90,1600,495150
20221116,14:18:36,155.50,50,495150
20221116,14:18:37,155.40,400,495150
20221116,14:18:38,156.20,3100,495150
20221116,14:18:39,156.30,100,495150
20221116,14:18:41,156.05,2050,495150
20221116,14:18:44,157.10,250,495150
20221116,14:18:45,157.05,100,495150
20221116,14:18:46,157.55,100,495150
20221116,14:18:47,157.75,600,495150
20221116,14:18:48,157.60,200,495150
20221116,14:18:49,157.20,1850,495150
20221116,14:18:50,157.10,200,495150
20221116,14:18:53,156.65,150,495150
20221116,14:18:54,156.70,100,495150
20221116,14:18:55,156.40,50,495150
20221116,14:18:59,156.00,200,495150
20221116,14:19:00,155.50,50,495150
20221116,14:19:01,155.00,550,495150
20221116,14:19:03,155.10,1150,495150
20221116,14:19:04,154.60,100,495150
20221116,14:19:05,155.10,50,495150
20221116,14:19:07,154.00,750,495150
20221116,14:19:08,153.55,2900,495150
20221116,14:19:10,153.80,200,495150
20221116,14:19:11,153.80,50,495150
20221116,14:19:12,153.00,2600,495150
20221116,14:19:13,152.20,200,495150
20221116,14:19:14,152.85,200,495150
20221116,14:19:15,152.95,500,495150
20221116,14:19:16,152.50,500,495150
20221116,14:19:17,152.65,50,495150
20221116,14:19:18,152.15,2550,495150
20221116,14:19:19,152.25,850,495150
20221116,14:19:20,152.35,2450,495150
20221116,14:19:21,151.70,300,495150
20221116,14:19:22,152.50,2300,495150
20221116,14:19:23,152.15,300,495150
20221116,14:19:24,153.00,900,495150
20221116,14:19:25,153.30,2050,495150
20221116,14:19:26,153.75,150,495150
20221116,14:19:27,153.90,50,495150
20221116,14:19:28,154.00,50,495150
20221116,14:19:29,153.25,50,495150
20221116,14:19:30,153.15,50,495150
20221116,14:19:31,153.20,1000,495150
20221116,14:19:32,153.40,550,495150
20221116,14:19:34,153.60,300,495150
20221116,14:19:35,154.20,100,495150
20221116,14:19:37,154.10,1000,495150
20221116,14:19:38,154.30,100,495150
20221116,14:19:39,154.70,1800,495150
20221116,14:19:40,154.60,100,495150
20221116,14:19:41,154.75,100,495150
20221116,14:19:43,154.20,1500,495150
20221116,14:19:44,152.95,700,495150
20221116,14:19:45,153.05,200,495150
20221116,14:19:46,153.35,50,495150
20221116,14:19:47,152.70,50,495150
20221116,14:19:48,153.45,100,495150
20221116,14:19:49,153.50,150,495150
20221116,14:19:51,153.05,250,495150
20221116,14:19:52,153.00,550,495150
20221116,14:19:53,152.90,250,495150
20221116,14:19:54,153.05,50,495150
20221116,14:19:55,153.15,50,495150
20221116,14:19:56,153.40,150,495150
20221116,14:19:57,153.15,100,495150
20221116,14:19:58,153.20,100,495150
20221116,14:19:59,153.20,250,495150
20221116,14:20:00,152.35,1250,495150
20221116,14:20:01,152.20,150,495150
20221116,14:20:03,151.95,2350,495150
20221116,14:20:04,151.85,500,495150
20221116,14:20:05,152.65,200,495150
20221116,14:20:06,153.25,1650,495150
20221116,14:20:07,152.95,1100,495150
20221116,14:20:08,153.55,700,495150
20221116,14:20:09,153.70,1650,495150
20221116,14:20:10,153.85,400,495150
20221116,14:20:11,153.70,4550,495150
20221116,14:20:12,153.25,2050,495150
20221116,14:20:13,153.75,50,495150
20221116,14:20:14,153.55,150,495150
20221116,14:20:15,151.80,3850,495150
20221116,14:20:17,151.80,150,495150
20221116,14:20:18,152.10,250,495150
20221116,14:20:19,151.65,150,495150
20221116,14:20:20,151.90,200,495150
20221116,14:20:21,150.05,12550,495150
20221116,14:20:22,150.30,100,495150
20221116,14:20:23,150.35,550,495150
20221116,14:20:24,150.95,550,495150
20221116,14:20:25,151.50,3150,495150
20221116,14:20:26,151.45,4800,495150
20221116,14:20:27,150.00,800,495150
20221116,14:20:28,149.00,2750,495150
20221116,14:20:29,148.65,550,495150
20221116,14:20:30,148.65,2100,495150
20221116,14:20:31,148.50,2350,495150
20221116,14:20:32,148.90,2900,495150
20221116,14:20:33,148.65,1100,495150
20221116,14:20:34,149.90,600,495150
20221116,14:20:35,149.35,1600,495150
20221116,14:20:36,150.45,350,495150
20221116,14:20:37,150.95,200,495150
20221116,14:20:39,150.45,5600,495150
20221116,14:20:40,150.10,1900,495150
20221116,14:20:42,149.35,300,495150
20221116,14:20:43,149.85,50,495150
20221116,14:20:44,149.75,50,495150
20221116,14:20:45,150.10,400,495150
20221116,14:20:47,150.40,1800,495150
20221116,14:20:48,150.00,450,495150
20221116,14:20:49,151.00,1200,495150
20221116,14:20:50,152.05,2050,495150
20221116,14:20:51,152.10,5600,495150
20221116,14:20:52,151.25,200,495150
20221116,14:20:53,151.70,150,495150
20221116,14:20:55,151.50,150,495150
20221116,14:20:56,150.00,1350,495150
20221116,14:20:58,149.75,50,495150
20221116,14:20:59,148.60,650,495150
20221116,14:21:01,148.05,250,495150
20221116,14:21:02,148.25,200,495150
20221116,14:21:03,148.50,350,495150
20221116,14:21:04,148.00,100,495150
20221116,14:21:05,148.00,50,495150
20221116,14:21:06,147.35,700,495150
20221116,14:21:07,147.30,700,495150
20221116,14:21:08,148.10,300,495150
20221116,14:21:09,147.20,100,495150
20221116,14:21:10,148.00,900,495150
20221116,14:21:12,148.20,3100,495150
20221116,14:21:13,147.80,750,495150
20221116,14:21:14,147.55,150,495150
20221116,14:21:15,147.30,400,495150
20221116,14:21:16,147.80,350,495150
20221116,14:21:17,147.20,250,495150
20221116,14:21:18,147.85,250,495150
20221116,14:21:19,148.70,550,495150
20221116,14:21:20,148.00,3200,495150
20221116,14:21:21,147.30,800,495150
20221116,14:21:22,147.60,50,495150
20221116,14:21:23,147.55,1050,495150
20221116,14:21:24,147.30,1600,495150
20221116,14:21:25,146.05,4050,495150
20221116,14:21:26,146.30,1850,495150
20221116,14:21:27,147.20,150,495150
20221116,14:21:28,146.85,100,495150
20221116,14:21:29,146.60,1650,495150
20221116,14:21:30,145.65,150,539050
20221116,14:21:31,145.70,5500,539050
20221116,14:21:32,145.35,950,539050
20221116,14:21:34,146.75,2200,539050
20221116,14:21:35,146.00,1400,539050
20221116,14:21:37,145.30,3750,539050
20221116,14:21:38,144.60,600,539050
20221116,14:21:39,144.05,9400,539050
20221116,14:21:40,143.65,400,539050
20221116,14:21:41,143.95,2550,539050
20221116,14:21:42,143.40,1100,539050
20221116,14:21:43,143.60,500,539050
20221116,14:21:44,143.35,500,539050
20221116,14:21:45,143.30,450,539050
20221116,14:21:46,144.40,20700,539050
20221116,14:21:47,144.10,2100,539050
20221116,14:21:48,143.95,1850,539050
20221116,14:21:49,143.50,350,539050
20221116,14:21:50,143.40,300,539050
20221116,14:21:51,144.45,4000,539050
20221116,14:21:53,144.20,300,539050
20221116,14:21:54,144.70,750,539050
20221116,14:21:55,144.40,2050,539050
20221116,14:21:56,143.75,50,539050
20221116,14:21:57,143.95,350,539050
20221116,14:21:58,143.65,2350,539050
20221116,14:21:59,143.70,150,539050
20221116,14:22:00,143.75,150,539050
20221116,14:22:01,142.00,6250,539050
20221116,14:22:02,141.25,6300,539050
20221116,14:22:03,139.25,11900,539050
20221116,14:22:04,140.75,12300,539050
20221116,14:22:05,142.15,3400,539050
20221116,14:22:06,141.45,3300,539050
20221116,14:22:07,141.20,150,539050
20221116,14:22:08,141.05,2100,539050
20221116,14:22:09,140.50,200,539050
20221116,14:22:10,140.90,300,539050
20221116,14:22:11,141.20,8050,539050
20221116,14:22:12,140.90,1250,539050
20221116,14:22:13,141.00,300,539050
20221116,14:22:14,142.00,700,539050
20221116,14:22:15,142.40,1000,539050
20221116,14:22:16,143.15,900,539050
20221116,14:22:17,143.20,2750,539050
20221116,14:22:18,143.40,2650,539050
20221116,14:22:19,143.20,1050,539050
20221116,14:22:20,142.60,300,539050
20221116,14:22:21,142.45,100,539050
20221116,14:22:22,141.70,18300,539050
20221116,14:22:23,143.80,5000,539050
20221116,14:22:25,143.95,650,539050
20221116,14:22:27,143.40,200,539050
20221116,14:22:28,143.30,150,539050
20221116,14:22:30,144.20,200,539050
20221116,14:22:31,143.15,2500,539050
20221116,14:22:32,143.90,2500,539050
20221116,14:22:33,143.90,100,539050
20221116,14:22:34,144.00,2000,539050
20221116,14:22:35,144.40,150,539050
20221116,14:22:36,144.55,2800,539050
20221116,14:22:37,144.45,300,539050
20221116,14:22:38,144.55,600,539050
20221116,14:22:39,145.80,1750,539050
20221116,14:22:40,145.50,100,539050
20221116,14:22:41,145.80,100,539050
20221116,14:22:42,145.85,850,539050
20221116,14:22:43,146.15,600,539050
20221116,14:22:44,146.20,850,539050
20221116,14:22:46,145.85,1150,539050
20221116,14:22:47,145.00,2750,539050
20221116,14:22:48,145.00,2050,539050
20221116,14:22:48,145.00,200,539050
20221116,14:22:49,145.15,600,539050
20221116,14:22:50,145.80,1400,539050
20221116,14:22:51,144.80,800,539050
20221116,14:22:53,144.75,200,539050
20221116,14:22:54,144.90,550,539050
20221116,14:22:55,144.25,100,539050
20221116,14:22:57,143.25,2300,539050
20221116,14:22:57,143.00,2150,539050
20221116,14:22:58,141.90,1050,539050
20221116,14:22:59,141.65,50,539050
20221116,14:23:01,139.60,5150,539050
20221116,14:23:01,140.25,650,539050
20221116,14:23:02,140.55,950,539050
20221116,14:23:04,141.60,1050,539050
20221116,14:23:05,142.10,300,539050
20221116,14:23:06,140.35,1350,539050
20221116,14:23:08,141.25,650,539050
20221116,14:23:10,142.00,600,539050
20221116,14:23:10,141.80,150,539050
20221116,14:23:11,141.40,1050,539050
20221116,14:23:12,140.80,1850,539050
20221116,14:23:13,140.95,50,539050
20221116,14:23:14,141.30,10800,539050
20221116,14:23:15,142.00,1400,539050
20221116,14:23:16,142.10,1000,539050
20221116,14:23:17,141.75,1850,539050
20221116,14:23:18,140.95,50,539050
20221116,14:23:20,140.95,850,539050
20221116,14:23:20,140.95,50,539050
20221116,14:23:21,141.25,100,539050
20221116,14:23:22,140.85,250,539050
20221116,14:23:23,140.85,3600,539050
20221116,14:23:24,141.40,150,539050
20221116,14:23:25,142.00,1050,539050
20221116,14:23:27,141.90,750,539050
20221116,14:23:28,142.55,850,539050
20221116,14:23:30,142.15,1000,539050
20221116,14:23:31,143.50,1500,539050
20221116,14:23:32,143.60,600,539050
20221116,14:23:33,143.90,100,539050
20221116,14:23:34,143.15,1350,539050
20221116,14:23:35,143.50,5000,539050
20221116,14:23:36,144.20,150,539050
20221116,14:23:37,144.50,2550,539050
20221116,14:23:38,143.25,100,539050
20221116,14:23:40,144.25,150,539050
20221116,14:23:40,143.90,450,539050
20221116,14:23:41,143.80,50,539050
20221116,14:23:42,143.90,200,539050
20221116,14:23:44,143.50,200,539050
20221116,14:23:46,143.50,100,539050
20221116,14:23:47,143.00,500,539050
20221116,14:23:48,143.40,500,539050
20221116,14:23:49,143.15,600,539050
20221116,14:23:50,141.65,4550,539050
20221116,14:23:52,142.15,50,539050
20221116,14:23:52,141.70,50,539050
20221116,14:23:53,141.65,750,539050
20221116,14:23:54,141.90,100,539050
20221116,14:23:55,143.30,1500,539050
20221116,14:23:56,142.80,200,539050
20221116,14:23:58,143.65,350,539050
20221116,14:23:59,144.30,2300,539050
20221116,14:24:00,144.75,100,539050
20221116,14:24:01,144.50,3950,539050
20221116,14:24:02,144.65,550,539050
20221116,14:24:03,145.50,3450,539050
20221116,14:24:05,146.00,300,539050
20221116,14:24:06,147.40,7550,539050
20221116,14:24:06,147.80,600,539050
20221116,14:24:07,147.45,350,539050
20221116,14:24:08,147.20,2150,539050
20221116,14:24:09,147.20,4650,539050
20221116,14:24:10,145.75,700,539050
20221116,14:24:11,145.05,1150,539050
20221116,14:24:13,144.70,400,539050
20221116,14:24:14,144.45,1600,539050
20221116,14:24:14,143.90,50,539050
20221116,14:24:16,145.20,2000,539050
20221116,14:24:17,144.80,400,539050
20221116,14:24:18,144.55,150,539050
20221116,14:24:19,144.30,2550,539050
20221116,14:24:20,144.70,850,539050
20221116,14:24:21,144.95,550,539050
20221116,14:24:22,145.05,750,539050
20221116,14:24:23,144.40,1900,539050
20221116,14:24:25,145.25,100,539050
20221116,14:24:25,145.75,150,539050
20221116,14:24:26,145.55,550,539050
20221116,14:24:27,145.10,2800,539050
20221116,14:24:28,144.75,600,539050
20221116,14:24:29,145.65,1100,565750
20221116,14:24:31,146.25,300,565750
20221116,14:24:32,146.00,100,565750
20221116,14:24:32,145.95,1050,565750
20221116,14:24:34,145.85,200,565750
20221116,14:24:35,146.10,250,565750
20221116,14:24:36,145.60,600,565750
20221116,14:24:37,145.95,200,565750
20221116,14:24:38,145.80,2700,565750
20221116,14:24:39,146.20,1050,565750
20221116,14:24:40,145.70,2300,565750
20221116,14:24:41,145.40,5800,565750
20221116,14:24:43,144.85,1950,565750
20221116,14:24:43,145.10,50,565750
20221116,14:24:44,144.55,100,565750
20221116,14:24:45,144.10,50,565750
20221116,14:24:46,144.25,5900,565750
20221116,14:24:47,144.25,2050,565750
20221116,14:24:48,144.80,450,565750
20221116,14:24:51,144.70,200,565750
20221116,14:24:51,144.50,50,565750
20221116,14:24:52,143.95,100,565750
20221116,14:24:54,144.50,1650,565750
20221116,14:24:55,144.35,50,565750
20221116,14:24:56,145.50,700,565750
20221116,14:24:57,145.25,50,565750
20221116,14:24:59,146.00,1100,565750
20221116,14:25:00,146.45,550,565750
20221116,14:25:01,146.00,100,565750
20221116,14:25:02,145.75,700,565750
20221116,14:25:03,145.95,600,565750
20221116,14:25:04,145.60,50,565750
20221116,14:25:06,145.55,200,565750
20221116,14:25:07,145.80,2200,565750
20221116,14:25:07,145.40,100,565750
20221116,14:25:08,146.15,600,565750
20221116,14:25:09,146.35,1000,565750
20221116,14:25:11,146.45,2050,565750
20221116,14:25:12,147.00,1800,565750
20221116,14:25:14,147.80,1900,565750
20221116,14:25:15,147.65,300,565750
20221116,14:25:16,148.00,350,565750
20221116,14:25:17,148.75,1550,565750
20221116,14:25:18,148.40,1400,565750
20221116,14:25:19,149.05,1850,565750
20221116,14:25:20,149.30,1250,565750
20221116,14:25:21,148.85,3650,565750
20221116,14:25:22,149.55,250,565750
20221116,14:25:23,149.75,2000,565750
20221116,14:25:24,150.00,600,565750
20221116,14:25:25,150.15,1550,565750
20221116,14:25:26,151.00,650,565750
20221116,14:25:27,150.45,3700,565750
20221116,14:25:28,151.25,550,565750
20221116,14:25:29,151.70,800,565750
20221116,14:25:31,150.00,1700,565750
20221116,14:25:32,150.40,5550,565750
20221116,14:25:33,150.50,3900,565750
20221116,14:25:33,150.80,150,565750
20221116,14:25:34,150.65,2700,565750
20221116,14:25:36,150.00,1300,565750
20221116,14:25:37,150.35,3450,565750
20221116,14:25:38,150.35,2150,565750
20221116,14:25:38,150.00,100,565750
20221116,14:25:39,149.10,1200,565750
20221116,14:25:40,149.30,550,565750
20221116,14:25:41,149.35,200,565750
20221116,14:25:42,149.35,150,565750
20221116,14:25:44,149.25,500,565750
20221116,14:25:45,147.80,1650,565750
20221116,14:25:46,148.65,600,565750
20221116,14:25:46,148.90,50,565750
20221116,14:25:47,148.85,1050,565750
20221116,14:25:48,149.00,400,565750
20221116,14:25:50,148.80,150,565750
20221116,14:25:51,148.55,150,565750
20221116,14:25:51,148.90,300,565750
20221116,14:25:52,148.95,100,565750
20221116,14:25:53,149.00,350,565750
20221116,14:25:54,149.00,1200,565750
20221116,14:25:56,149.15,250,565750
20221116,14:25:57,149.85,450,565750
20221116,14:25:58,150.25,1250,565750
20221116,14:25:58,150.80,3150,565750
20221116,14:25:59,151.55,700,565750
20221116,14:26:00,152.35,2000,565750
20221116,14:26:01,152.60,1050,565750
20221116,14:26:03,153.00,4050,565750
20221116,14:26:04,153.60,1700,565750
20221116,14:26:05,154.80,2500,565750
20221116,14:26:05,155.05,200,565750
20221116,14:26:06,154.95,8800,565750
20221116,14:26:07,155.95,3450,565750
20221116,14:26:09,155.25,1300,565750
20221116,14:26:10,155.35,3800,565750
20221116,14:26:10,155.40,900,565750
20221116,14:26:11,154.40,1850,565750
20221116,14:26:13,154.35,1750,565750
20221116,14:26:14,155.00,1650,565750
20221116,14:26:15,154.35,800,565750
20221116,14:26:16,155.25,450,565750
20221116,14:26:17,154.70,200,565750
20221116,14:26:17,155.00,400,565750
20221116,14:26:18,154.90,1150,565750
20221116,14:26:19,155.20,2700,565750
20221116,14:26:20,154.75,800,565750
20221116,14:26:21,154.15,250,565750
20221116,14:26:22,154.85,250,565750
20221116,14:26:23,154.10,1600,565750
20221116,14:26:24,153.90,100,565750
20221116,14:26:26,152.45,1650,565750
20221116,14:26:27,153.00,650,565750
20221116,14:26:28,152.65,1150,565750
20221116,14:26:29,154.20,3050,565750
20221116,14:26:29,154.45,50,565750
20221116,14:26:30,154.25,450,565750
20221116,14:26:31,153.85,50,565750
20221116,14:26:32,154.20,1800,565750
20221116,14:26:34,153.80,2400,565750
20221116,14:26:35,154.30,400,565750
20221116,14:26:36,154.45,50,565750
20221116,14:26:38,154.00,2650,565750
20221116,14:26:38,153.75,450,565750
20221116,14:26:39,153.35,2150,565750
20221116,14:26:40,153.10,1900,565750
20221116,14:26:41,152.45,300,565750
20221116,14:26:42,152.45,150,565750
20221116,14:26:44,151.10,850,565750
20221116,14:26:45,151.65,850,565750
20221116,14:26:46,151.30,2100,565750
20221116,14:26:46,150.85,3000,565750
20221116,14:26:47,151.25,750,565750
20221116,14:26:49,150.95,1700,565750
20221116,14:26:50,151.55,1100,565750
20221116,14:26:50,151.65,50,565750
20221116,14:26:51,150.80,50,565750
20221116,14:26:52,150.00,1850,565750
20221116,14:26:53,150.65,550,565750
20221116,14:26:54,150.70,1950,565750
20221116,14:26:55,150.75,50,565750
20221116,14:26:56,150.75,300,565750
20221116,14:26:57,150.75,150,565750
20221116,14:26:59,150.35,300,565750
20221116,14:27:00,150.75,250,565750
20221116,14:27:01,151.30,200,565750
20221116,14:27:01,150.75,50,565750
20221116,14:27:02,150.60,750,565750
20221116,14:27:03,150.95,150,565750
20221116,14:27:05,150.90,50,565750
20221116,14:27:06,151.15,50,565750
20221116,14:27:07,150.80,900,565750
20221116,14:27:08,149.65,5350,565750
20221116,14:27:08,149.95,50,565750
20221116,14:27:09,149.20,50,565750
20221116,14:27:11,148.70,350,565750
20221116,14:27:12,147.90,3750,565750
20221116,14:27:13,147.70,1700,565750
20221116,14:27:14,148.05,100,565750
20221116,14:27:15,147.85,400,565750
20221116,14:27:17,149.25,550,565750
20221116,14:27:18,150.00,2200,565750
20221116,14:27:19,150.00,100,565750
20221116,14:27:20,149.85,50,565750
20221116,14:27:21,150.00,150,565750
20221116,14:27:22,150.25,500,565750
20221116,14:27:22,150.40,150,565750
20221116,14:27:24,150.60,50,565750
20221116,14:27:25,150.30,50,565750
20221116,14:27:26,149.95,1100,565750
20221116,14:27:27,150.80,150,565750
20221116,14:27:29,150.70,200,565750
20221116,14:27:29,150.80,50,565750
20221116,14:27:30,152.05,1550,543700
20221116,14:27:31,152.25,1700,543700
20221116,14:27:32,152.55,650,543700
20221116,14:27:33,152.85,500,543700
20221116,14:27:35,151.30,250,543700
20221116,14:27:36,150.80,800,543700
20221116,14:27:37,151.10,50,543700
20221116,14:27:38,151.90,1450,543700
20221116,14:27:40,151.50,1850,543700
20221116,14:27:41,151.40,400,543700
20221116,14:27:42,150.40,1150,543700
20221116,14:27:42,150.80,50,543700
20221116,14:27:44,150.10,1050,543700
20221116,14:27:45,149.85,50,543700
20221116,14:27:46,149.65,300,543700
20221116,14:27:47,150.20,100,543700
20221116,14:27:49,150.25,50,543700
20221116,14:27:50,149.70,1200,543700
20221116,14:27:51,149.40,50,543700
20221116,14:27:52,149.30,350,543700
20221116,14:27:53,149.45,1150,543700
20221116,14:27:54,149.40,50,543700
20221116,14:27:55,149.90,550,543700
20221116,14:27:56,149.45,50,543700
20221116,14:27:57,149.65,50,543700
20221116,14:28:00,149.60,50,543700
20221116,14:28:01,149.35,200,543700
20221116,14:28:02,148.60,750,543700
20221116,14:28:03,148.50,200,543700
20221116,14:28:04,148.55,300,543700
20221116,14:28:04,149.05,100,543700
20221116,14:28:06,148.75,1850,543700
20221116,14:28:07,148.00,300,543700
20221116,14:28:09,147.90,450,543700
20221116,14:28:10,147.60,750,543700
20221116,14:28:11,148.45,250,543700
20221116,14:28:11,149.45,2050,543700
20221116,14:28:13,148.20,1000,543700
20221116,14:28:15,149.00,400,543700
20221116,14:28:17,149.05,150,543700
20221116,14:28:19,148.85,50,543700
20221116,14:28:20,149.45,200,543700
20221116,14:28:21,150.50,50,543700
20221116,14:28:21,150.80,50,543700
20221116,14:28:22,151.20,200,543700
20221116,14:28:23,150.85,300,543700
20221116,14:28:27,151.60,50,543700
20221116,14:28:28,151.90,100,543700
20221116,14:28:29,152.20,450,543700
20221116,14:28:30,152.45,450,543700
20221116,14:28:31,153.40,4350,543700
20221116,14:28:31,153.65,50,543700
20221116,14:28:33,153.40,2650,543700
20221116,14:28:34,153.90,700,543700
20221116,14:28:35,154.50,650,543700
20221116,14:28:36,155.00,850,543700
20221116,14:28:37,155.00,1800,543700
20221116,14:28:38,155.50,2200,543700
20221116,14:28:39,155.00,4250,543700
20221116,14:28:39,154.90,100,543700
20221116,14:28:40,155.65,550,543700
20221116,14:28:41,155.50,450,543700
20221116,14:28:42,155.30,350,543700
20221116,14:28:43,155.60,100,543700
20221116,14:28:44,154.95,750,543700
20221116,14:28:46,154.80,650,543700
20221116,14:28:47,154.25,150,543700
20221116,14:28:48,155.10,4750,543700
20221116,14:28:49,155.15,1750,543700
20221116,14:28:50,155.20,50,543700
20221116,14:28:51,155.00,600,543700
20221116,14:28:52,155.60,650,543700
20221116,14:28:53,154.90,100,543700
20221116,14:28:53,154.20,150,543700
20221116,14:28:55,155.00,2050,543700
20221116,14:28:56,154.20,3450,543700
20221116,14:28:57,154.10,7650,543700
20221116,14:28:58,153.70,1600,543700
20221116,14:28:59,153.95,650,543700
20221116,14:28:59,154.15,100,543700
20221116,14:29:01,154.75,150,543700
20221116,14:29:02,153.75,1850,543700
20221116,14:29:03,153.80,650,543700
20221116,14:29:04,153.35,2400,543700
20221116,14:29:05,152.75,1850,543700
20221116,14:29:06,152.85,300,543700
20221116,14:29:08,153.40,2050,543700
20221116,14:29:09,152.30,150,543700
20221116,14:29:10,152.30,100,543700
20221116,14:29:11,152.65,300,543700
20221116,14:29:13,154.00,3550,543700
20221116,14:29:14,153.30,1200,543700
20221116,14:29:16,153.35,900,543700
20221116,14:29:17,153.30,650,543700
20221116,14:29:18,153.15,50,543700
20221116,14:29:20,153.70,250,543700
20221116,14:29:21,154.05,150,543700
20221116,14:29:23,154.40,150,543700
20221116,14:29:24,154.25,300,543700
20221116,14:29:25,155.00,2500,543700
20221116,14:29:28,155.20,1150,543700
20221116,14:29:29,154.95,50,543700
20221116,14:29:30,155.00,400,543700
20221116,14:29:31,155.15,50,543700
20221116,14:29:32,155.25,1950,543700
20221116,14:29:33,155.00,150,543700
20221116,14:29:34,155.00,300,543700
20221116,14:29:35,154.45,600,543700
20221116,14:29:36,155.15,200,543700
20221116,14:29:37,155.25,100,543700
20221116,14:29:38,155.20,400,543700
20221116,14:29:39,154.65,1950,543700
20221116,14:29:40,154.70,150,543700
20221116,14:29:41,154.70,50,543700
20221116,14:29:42,154.45,450,543700
20221116,14:29:45,154.50,1150,543700
20221116,14:29:46,155.00,600,543700
20221116,14:29:47,155.00,1850,543700
20221116,14:29:48,154.90,50,543700
20221116,14:29:49,154.15,1100,543700
20221116,14:29:50,154.05,100,543700
20221116,14:29:51,154.00,50,543700
20221116,14:29:52,154.50,50,543700
20221116,14:29:53,153.80,1800,543700
20221116,14:29:54,153.55,1900,543700
20221116,14:29:55,153.75,950,543700
20221116,14:29:56,153.10,1300,543700
20221116,14:29:57,153.35,450,543700
20221116,14:29:59,153.30,1850,543700
20221116,14:30:01,154.00,1050,543700
20221116,14:30:02,153.95,150,543700
20221116,14:30:03,153.45,300,543700
20221116,14:30:04,152.60,50,543700
20221116,14:30:05,151.55,1300,543700
20221116,14:30:06,151.80,750,543700
20221116,14:30:07,151.75,350,543700
20221116,14:30:08,152.20,50,543700
20221116,14:30:09,152.05,500,543700
20221116,14:30:11,152.80,50,543700
20221116,14:30:12,153.05,400,543700
20221116,14:30:13,151.90,250,543700
20221116,14:30:15,151.30,50,543700
20221116,14:30:17,151.60,250,543700
20221116,14:30:18,151.45,100,543700
20221116,14:30:19,152.55,100,543700
20221116,14:30:21,152.90,500,543700
20221116,14:30:22,153.05,50,543700
20221116,14:30:23,154.30,1600,543700
20221116,14:30:25,155.00,650,543700
20221116,14:30:26,155.35,2350,543700
20221116,14:30:27,154.85,1100,543700
20221116,14:30:28,155.40,1900,543700
20221116,14:30:29,154.65,950,543700
20221116,14:30:30,154.85,100,543700
20221116,14:30:31,154.70,50,549950
20221116,14:30:32,154.70,5650,549950
20221116,14:30:34,155.40,50,549950
20221116,14:30:35,155.20,100,549950
20221116,14:30:36,155.25,450,549950
20221116,14:30:37,155.20,200,549950
20221116,14:30:38,155.85,1950,549950
20221116,14:30:39,156.00,400,549950
20221116,14:30:40,156.30,100,549950
20221116,14:30:41,155.15,1200,549950
20221116,14:30:42,155.70,2250,549950
20221116,14:30:43,155.75,550,549950
20221116,14:30:44,155.00,2200,549950
20221116,14:30:45,154.25,1550,549950
20221116,14:30:46,154.35,100,549950
20221116,14:30:47,154.00,750,549950
20221116,14:30:48,153.60,1800,549950
20221116,14:30:49,153.30,50,549950
20221116,14:30:50,153.75,50,549950
20221116,14:30:52,152.40,2350,549950
20221116,14:30:54,153.75,400,549950
20221116,14:30:55,154.50,3900,549950
20221116,14:30:56,154.55,900,549950
20221116,14:30:59,153.95,400,549950
20221116,14:31:00,154.90,2000,549950
20221116,14:31:01,154.75,300,549950
20221116,14:31:02,154.50,150,549950
20221116,14:31:03,152.00,1150,549950
20221116,14:31:04,152.35,1850,549950
20221116,14:31:05,152.75,1500,549950
20221116,14:31:06,152.15,2000,549950
20221116,14:31:07,152.35,500,549950
20221116,14:31:08,152.45,100,549950
20221116,14:31:09,152.15,100,549950
20221116,14:31:10,152.50,50,549950
20221116,14:31:11,152.60,50,549950
20221116,14:31:12,151.70,250,549950
20221116,14:31:13,152.15,250,549950
20221116,14:31:14,151.85,50,549950
20221116,14:31:15,152.05,100,549950
20221116,14:31:16,152.80,50,549950
20221116,14:31:17,153.00,350,549950
20221116,14:31:18,153.00,50,549950
20221116,14:31:19,151.70,350,549950
20221116,14:31:20,150.50,2600,549950
20221116,14:31:21,150.50,900,549950
20221116,14:31:22,150.30,100,549950
20221116,14:31:23,150.40,1500,549950
20221116,14:31:24,150.55,1300,549950
20221116,14:31:25,150.25,50,549950
20221116,14:31:26,149.40,2400,549950
20221116,14:31:27,149.10,3050,549950
20221116,14:31:29,149.70,2350,549950
20221116,14:31:30,149.30,250,549950
20221116,14:31:31,149.25,550,549950
20221116,14:31:32,149.90,5550,549950
20221116,14:31:33,149.55,350,549950
20221116,14:31:34,149.75,800,549950
20221116,14:31:35,148.95,1100,549950
20221116,14:31:36,148.90,50,549950
20221116,14:31:37,148.60,1250,549950
20221116,14:31:38,148.35,1500,549950
20221116,14:31:39,148.00,3550,549950
20221116,14:31:40,147.80,3200,549950
20221116,14:31:42,147.70,450,549950
20221116,14:31:43,147.70,100,549950
20221116,14:31:44,147.45,250,549950
20221116,14:31:45,147.60,100,549950
20221116,14:31:47,148.20,350,549950
20221116,14:31:48,147.75,150,549950
20221116,14:31:49,147.65,50,549950
20221116,14:31:50,148.00,50,549950
20221116,14:31:51,147.60,400,549950
20221116,14:31:52,147.75,400,549950
20221116,14:31:53,147.00,4900,549950
20221116,14:31:55,147.10,100,549950
20221116,14:31:56,146.35,650,549950
20221116,14:31:58,145.30,3000,549950
20221116,14:31:59,146.00,1050,549950
20221116,14:32:00,146.65,900,549950
20221116,14:32:01,146.10,1600,549950
20221116,14:32:02,146.40,12800,549950
20221116,14:32:03,145.75,5800,549950
20221116,14:32:04,145.70,100,549950
20221116,14:32:05,145.65,1800,549950
20221116,14:32:06,145.00,3100,549950
20221116,14:32:07,145.45,350,549950
20221116,14:32:08,144.90,1050,549950
20221116,14:32:10,144.80,1700,549950
20221116,14:32:11,145.05,1100,549950
20221116,14:32:12,144.55,350,549950
20221116,14:32:13,145.20,600,549950
20221116,14:32:14,145.00,300,549950
20221116,14:32:15,145.00,450,549950
20221116,14:32:16,145.25,500,549950
20221116,14:32:17,146.65,150,549950
20221116,14:32:18,147.70,2200,549950
20221116,14:32:19,148.10,1150,549950
20221116,14:32:20,148.65,350,549950
20221116,14:32:21,148.75,200,549950
20221116,14:32:22,149.20,450,549950
20221116,14:32:23,149.20,850,549950
20221116,14:32:24,148.90,250,549950
20221116,14:32:25,148.00,550,549950
20221116,14:32:26,146.80,1250,549950
20221116,14:32:27,146.90,100,549950
20221116,14:32:28,147.30,350,549950
20221116,14:32:29,147.05,3000,549950
20221116,14:32:30,147.90,100,549950
20221116,14:32:31,148.65,500,549950
20221116,14:32:32,148.50,1500,549950
20221116,14:32:33,148.00,750,549950
20221116,14:32:34,147.90,200,549950
20221116,14:32:35,147.95,150,549950
20221116,14:32:37,148.80,400,549950
20221116,14:32:39,149.20,100,549950
20221116,14:32:40,149.50,300,549950
20221116,14:32:42,150.40,100,549950
20221116,14:32:43,150.20,450,549950
20221116,14:32:44,150.10,150,549950
20221116,14:32:45,150.00,50,549950
20221116,14:32:46,150.05,500,549950
20221116,14:32:48,150.00,150,549950
20221116,14:32:49,149.75,900,549950
20221116,14:32:50,150.50,1000,549950
20221116,14:32:51,150.20,100,549950
20221116,14:32:52,150.35,500,549950
20221116,14:32:53,151.80,400,549950
20221116,14:32:54,151.80,1850,549950
20221116,14:32:56,152.05,300,549950
20221116,14:32:57,152.45,150,549950
20221116,14:32:58,152.10,550,549950
20221116,14:32:59,151.70,50,549950
20221116,14:33:00,153.00,1350,549950
20221116,14:33:01,151.90,250,549950
20221116,14:33:02,152.05,1800,549950
20221116,14:33:03,151.85,850,549950
20221116,14:33:04,151.70,50,549950
20221116,14:33:05,152.00,350,549950
20221116,14:33:06,151.75,50,549950
20221116,14:33:07,151.70,300,549950
20221116,14:33:08,151.50,50,549950
20221116,14:33:09,151.30,100,549950
20221116,14:33:12,150.90,850,549950
20221116,14:33:13,149.90,1400,549950
20221116,14:33:15,149.65,600,549950
20221116,14:33:17,150.90,350,549950
20221116,14:33:19,150.90,50,549950
20221116,14:33:21,150.00,100,549950
20221116,14:33:22,150.00,450,549950
20221116,14:33:23,149.65,50,549950
20221116,14:33:24,148.80,200,549950
20221116,14:33:28,149.25,150,549950
20221116,14:33:29,150.05,500,549950
20221116,14:33:31,150.85,350,549950
20221116,14:33:33,151.50,650,562700
20221116,14:33:34,152.00,900,562700
20221116,14:33:35,151.95,50,562700
20221116,14:33:37,151.50,1800,562700
20221116,14:33:39,151.00,200,562700
20221116,14:33:41,150.85,750,562700
20221116,14:33:42,150.50,100,562700
20221116,14:33:44,150.95,200,562700
20221116,14:33:45,150.40,350,562700
20221116,14:33:47,149.55,3150,562700
20221116,14:33:49,149.95,1500,562700
20221116,14:33:50,149.30,50,562700
20221116,14:33:51,148.25,700,562700
20221116,14:33:52,148.00,50,562700
20221116,14:33:53,148.00,400,562700
20221116,14:33:55,147.70,150,562700
20221116,14:33:56,147.15,250,562700
20221116,14:33:57,146.85,3100,562700
20221116,14:34:00,146.70,1800,562700
20221116,14:34:01,146.80,200,562700
20221116,14:34:02,147.25,200,562700
20221116,14:34:03,146.80,300,562700
20221116,14:34:04,146.30,1850,562700
20221116,14:34:05,146.15,600,562700
20221116,14:34:06,145.35,1400,562700
20221116,14:34:07,145.00,1050,562700
20221116,14:34:08,144.80,300,562700
20221116,14:34:09,144.10,350,562700
20221116,14:34:10,144.15,100,562700
20221116,14:34:11,145.60,1900,562700
20221116,14:34:12,144.70,100,562700
20221116,14:34:13,145.80,1800,562700
20221116,14:34:14,146.25,150,562700
20221116,14:34:15,145.85,200,562700
20221116,14:34:17,146.00,150,562700
20221116,14:34:18,146.05,50,562700
20221116,14:34:19,145.00,1050,562700
20221116,14:34:20,145.00,200,562700
20221116,14:34:22,142.85,4250,562700
20221116,14:34:23,143.10,200,562700
20221116,14:34:24,143.40,250,562700
20221116,14:34:24,143.05,2100,562700
20221116,14:34:25,143.00,2100,562700
20221116,14:34:26,142.75,2250,562700
20221116,14:34:29,143.70,150,562700
20221116,14:34:30,143.50,2050,562700
20221116,14:34:31,143.30,150,562700
20221116,14:34:32,143.40,100,562700
20221116,14:34:34,143.35,50,562700
20221116,14:34:35,143.40,200,562700
20221116,14:34:36,143.55,700,562700
20221116,14:34:37,143.35,150,562700
20221116,14:34:39,143.40,150,562700
20221116,14:34:40,143.80,18100,562700
20221116,14:34:43,142.80,500,562700
20221116,14:34:44,142.00,2800,562700
20221116,14:34:45,141.50,1150,562700
20221116,14:34:46,141.70,100,562700
20221116,14:34:48,141.95,1250,562700
20221116,14:34:48,142.45,50,562700
20221116,14:34:50,141.50,200,562700
20221116,14:34:50,140.90,350,562700
20221116,14:34:51,141.50,150,562700
20221116,14:34:52,140.95,950,562700
20221116,14:34:53,142.20,500,562700
20221116,14:34:54,141.50,400,562700
20221116,14:34:55,141.80,50,562700
20221116,14:34:56,142.45,250,562700
20221116,14:34:57,141.85,200,562700
20221116,14:35:00,141.45,800,562700
20221116,14:35:01,141.00,50,562700
20221116,14:35:03,139.95,8850,562700
20221116,14:35:04,139.95,600,562700
20221116,14:35:05,140.95,2100,562700
20221116,14:35:06,140.40,350,562700
20221116,14:35:07,140.05,1000,562700
20221116,14:35:07,139.85,150,562700
20221116,14:35:08,139.80,1200,562700
20221116,14:35:09,140.00,150,562700
20221116,14:35:10,140.90,900,562700
20221116,14:35:11,140.85,450,562700
20221116,14:35:13,140.05,450,562700
20221116,14:35:13,140.00,100,562700
20221116,14:35:14,140.00,100,562700
20221116,14:35:15,140.00,50,562700
20221116,14:35:16,140.60,550,562700
20221116,14:35:17,140.50,200,562700
20221116,14:35:19,140.40,2200,562700
20221116,14:35:20,139.40,18200,562700
20221116,14:35:23,140.65,250,562700
20221116,14:35:23,139.80,5850,562700
20221116,14:35:24,139.35,12650,562700
20221116,14:35:25,139.15,1350,562700
20221116,14:35:26,138.35,6000,562700
20221116,14:35:27,138.05,100,562700
20221116,14:35:29,135.80,12750,562700
20221116,14:35:29,136.30,1850,562700
20221116,14:35:30,136.45,2000,562700
20221116,14:35:31,136.90,2750,562700
20221116,14:35:33,137.00,700,562700
20221116,14:35:34,136.70,300,562700
20221116,14:35:35,136.00,250,562700
20221116,14:35:36,135.05,2950,562700
20221116,14:35:37,136.60,200,562700
20221116,14:35:38,136.45,150,562700
20221116,14:35:39,135.85,100,562700
20221116,14:35:40,135.65,150,562700
20221116,14:35:41,136.05,100,562700
20221116,14:35:42,135.70,1200,562700
20221116,14:35:43,136.00,500,562700
20221116,14:35:44,136.95,300,562700
20221116,14:35:45,137.15,3600,562700
20221116,14:35:46,137.45,650,562700
20221116,14:35:47,138.35,1350,562700
20221116,14:35:48,138.30,50,562700
20221116,14:35:49,138.25,450,562700
20221116,14:35:50,139.20,550,562700
20221116,14:35:51,139.00,100,562700
20221116,14:35:52,138.40,250,562700
20221116,14:35:53,138.15,150,562700
20221116,14:35:54,138.20,250,562700
20221116,14:35:56,138.35,200,562700
20221116,14:35:57,137.95,250,562700
20221116,14:35:59,138.05,450,562700
20221116,14:36:00,138.15,750,562700
20221116,14:36:01,138.25,100,562700
20221116,14:36:02,138.40,900,562700
20221116,14:36:03,139.00,200,562700
20221116,14:36:04,139.60,750,562700
20221116,14:36:05,139.55,400,562700
20221116,14:36:07,140.20,500,562700
20221116,14:36:07,139.80,50,562700
20221116,14:36:09,140.30,350,562700
20221116,14:36:09,140.60,150,562700
20221116,14:36:11,140.10,15550,562700
20221116,14:36:11,140.15,50,562700
20221116,14:36:12,140.15,150,562700
20221116,14:36:13,140.10,150,562700
20221116,14:36:15,139.50,500,562700
20221116,14:36:16,139.50,350,562700
20221116,14:36:17,139.25,50,562700
20221116,14:36:17,139.40,50,562700
20221116,14:36:18,139.95,50,562700
20221116,14:36:19,139.70,450,562700
20221116,14:36:20,139.20,900,562700
20221116,14:36:24,139.95,50,562700
20221116,14:36:25,139.80,50,562700
20221116,14:36:26,139.90,1650,562700
20221116,14:36:26,140.60,750,562700
20221116,14:36:28,141.15,100,562700
20221116,14:36:29,141.35,450,562700
20221116,14:36:31,142.00,1600,562700
20221116,14:36:32,142.05,600,562800
20221116,14:36:32,142.95,450,562800
20221116,14:36:33,142.60,2050,562800
20221116,14:36:34,142.65,2400,562800
20221116,14:36:35,142.30,850,562800
20221116,14:36:36,142.55,150,562800
20221116,14:36:37,142.75,350,562800
20221116,14:36:38,141.90,850,562800
20221116,14:36:40,141.60,2300,562800
20221116,14:36:41,141.15,200,562800
20221116,14:36:43,141.30,150,562800
20221116,14:36:44,142.20,550,562800
20221116,14:36:45,142.05,500,562800
20221116,14:36:47,142.25,1900,562800
20221116,14:36:48,142.70,750,562800
20221116,14:36:50,142.95,150,562800
20221116,14:36:51,143.95,3500,562800
20221116,14:36:52,144.10,1650,562800
20221116,14:36:52,144.70,1550,562800
20221116,14:36:53,144.00,100,562800
20221116,14:36:54,144.55,1150,562800
20221116,14:36:55,144.55,1800,562800
20221116,14:36:56,145.90,3600,562800
20221116,14:36:57,146.00,300,562800
20221116,14:36:58,145.95,1150,562800
20221116,14:37:00,146.55,1700,562800
20221116,14:37:01,146.25,1000,562800
20221116,14:37:02,146.55,1050,562800
20221116,14:37:03,147.30,1050,562800
20221116,14:37:04,147.90,2750,562800
20221116,14:37:04,148.10,1850,562800
20221116,14:37:05,148.05,200,562800
20221116,14:37:06,149.15,950,562800
20221116,14:37:07,149.20,950,562800
20221116,14:37:08,147.95,750,562800
20221116,14:37:10,147.45,1550,562800
20221116,14:37:11,148.55,950,562800
20221116,14:37:12,147.20,1600,562800
20221116,14:37:13,148.65,250,562800
20221116,14:37:14,148.70,2000,562800
20221116,14:37:15,149.95,2250,562800
20221116,14:37:16,149.50,500,562800
20221116,14:37:18,150.20,6150,562800
20221116,14:37:19,150.15,4850,562800
20221116,14:37:20,149.00,2500,562800
20221116,14:37:20,148.80,850,562800
20221116,14:37:21,149.30,2250,562800
20221116,14:37:22,149.75,200,562800
20221116,14:37:23,149.10,2400,562800
20221116,14:37:24,149.10,1900,562800
20221116,14:37:25,148.55,800,562800
20221116,14:37:26,147.60,3550,562800
20221116,14:37:27,146.95,1400,562800
20221116,14:37:28,147.60,100,562800
20221116,14:37:29,147.25,650,562800
20221116,14:37:30,147.15,400,562800
20221116,14:37:31,146.30,350,562800
20221116,14:37:32,146.60,3050,562800
20221116,14:37:33,146.45,150,562800
20221116,14:37:34,146.15,100,562800
20221116,14:37:37,147.25,150,562800
20221116,14:37:38,146.55,150,562800
20221116,14:37:39,146.60,2200,562800
20221116,14:37:39,146.40,1250,562800
20221116,14:37:40,146.00,450,562800
20221116,14:37:41,145.75,500,562800
20221116,14:37:42,146.00,200,562800
20221116,14:37:43,145.20,100,562800
20221116,14:37:44,145.00,100,562800
20221116,14:37:45,144.50,150,562800
20221116,14:37:46,144.45,100,562800
20221116,14:37:47,143.80,400,562800
20221116,14:37:48,144.75,5200,562800
20221116,14:37:49,144.10,1600,562800
20221116,14:37:51,144.45,950,562800
20221116,14:37:52,143.25,1150,562800
20221116,14:37:54,144.10,100,562800
20221116,14:37:56,143.95,100,562800
20221116,14:37:57,143.00,100,562800
20221116,14:37:58,142.95,100,562800
20221116,14:37:59,143.40,450,562800
20221116,14:38:00,143.30,50,562800
20221116,14:38:02,142.50,600,562800
20221116,14:38:03,143.10,200,562800
20221116,14:38:04,142.50,250,562800
20221116,14:38:05,141.60,3450,562800
20221116,14:38:06,141.25,50,562800
20221116,14:38:07,141.00,100,562800
20221116,14:38:09,140.60,3300,562800
20221116,14:38:10,140.60,50,562800
20221116,14:38:11,140.25,100,562800
20221116,14:38:12,140.25,350,562800
20221116,14:38:13,140.55,2900,562800
20221116,14:38:14,140.35,100,562800
20221116,14:38:15,140.25,100,562800
20221116,14:38:17,141.00,700,562800
20221116,14:38:18,141.20,550,562800
20221116,14:38:18,141.25,2300,562800
20221116,14:38:19,141.20,250,562800
20221116,14:38:20,140.85,300,562800
20221116,14:38:21,140.35,500,562800
20221116,14:38:22,141.50,1000,562800
20221116,14:38:24,140.45,100,562800
20221116,14:38:24,140.70,200,562800
20221116,14:38:26,140.20,200,562800
20221116,14:38:27,140.60,250,562800
20221116,14:38:28,141.25,300,562800
20221116,14:38:29,141.95,1350,562800
20221116,14:38:31,141.10,2100,562800
20221116,14:38:33,141.30,100,562800
20221116,14:38:34,141.10,1600,562800
20221116,14:38:35,140.45,1850,562800
20221116,14:38:37,140.00,900,562800
20221116,14:38:37,139.75,1000,562800
20221116,14:38:39,139.00,1350,562800
20221116,14:38:40,138.35,200,562800
20221116,14:38:41,138.65,1250,562800
20221116,14:38:42,138.15,50,562800
20221116,14:38:43,138.60,150,562800
20221116,14:38:44,138.80,2500,562800
20221116,14:38:46,138.45,1050,562800
20221116,14:38:47,138.20,150,562800
20221116,14:38:49,138.75,150,562800
20221116,14:38:50,139.25,1600,562800
20221116,14:38:50,139.20,250,562800
20221116,14:38:52,138.25,2250,562800
20221116,14:38:54,138.70,200,562800
20221116,14:38:55,139.60,4400,562800
20221116,14:38:56,139.95,2900,562800
20221116,14:38:59,138.95,150,562800
20221116,14:39:01,137.55,300,562800
20221116,14:39:02,136.60,700,562800
20221116,14:39:03,137.05,650,562800
20221116,14:39:05,137.45,3350,562800
20221116,14:39:06,136.50,250,562800
20221116,14:39:07,136.05,500,562800
20221116,14:39:08,136.10,2050,562800
20221116,14:39:09,136.00,150,562800
20221116,14:39:09,136.20,150,562800
20221116,14:39:11,135.75,900,562800
20221116,14:39:12,135.45,650,562800
20221116,14:39:13,136.20,100,562800
20221116,14:39:14,136.05,400,562800
20221116,14:39:15,136.25,50,562800
20221116,14:39:16,135.80,2600,562800
20221116,14:39:18,136.75,250,562800
20221116,14:39:18,137.15,100,562800
20221116,14:39:19,137.40,100,562800
20221116,14:39:20,138.60,2650,562800
20221116,14:39:23,139.65,250,562800
20221116,14:39:25,138.95,50,562800
20221116,14:39:26,140.00,1900,562800
20221116,14:39:26,139.45,1800,562800
20221116,14:39:28,138.85,900,562800
20221116,14:39:29,138.80,50,562800
20221116,14:39:30,138.75,5100,562800
20221116,14:39:31,139.00,100,562800
20221116,14:39:31,138.75,50,562800
20221116,14:39:33,139.65,100,565550
20221116,14:39:34,139.55,100,565550
20221116,14:39:35,139.50,100,565550
20221116,14:39:36,139.40,50,565550
20221116,14:39:37,139.10,1250,565550
20221116,14:39:38,139.30,1300,565550
20221116,14:39:39,139.30,100,565550
20221116,14:39:40,139.40,100,565550
20221116,14:39:42,140.00,350,565550
20221116,14:39:43,139.40,750,565550
20221116,14:39:45,139.35,200,565550
20221116,14:39:47,139.55,550,565550
20221116,14:39:48,139.10,100,565550
20221116,14:39:49,140.10,350,565550
20221116,14:39:50,139.90,600,565550
20221116,14:39:51,139.95,150,565550
20221116,14:39:53,139.90,550,565550
20221116,14:39:53,139.65,50,565550
20221116,14:39:54,139.60,150,565550
20221116,14:39:56,139.00,200,565550
20221116,14:39:58,139.95,500,565550
20221116,14:40:01,138.95,500,565550
20221116,14:40:03,139.60,2100,565550
20221116,14:40:04,139.20,500,565550
20221116,14:40:06,139.30,250,565550
20221116,14:40:06,139.50,1150,565550
20221116,14:40:07,139.65,50,565550
20221116,14:40:10,139.30,200,565550
20221116,14:40:11,139.05,200,565550
20221116,14:40:12,138.95,100,565550
20221116,14:40:14,138.80,50,565550
20221116,14:40:15,139.10,100,565550
20221116,14:40:16,138.85,50,565550
20221116,14:40:17,139.30,50,565550
20221116,14:40:18,139.60,2350,565550
20221116,14:40:21,141.65,400,565550
20221116,14:40:22,141.85,900,565550
20221116,14:40:23,142.40,500,565550
20221116,14:40:24,142.65,350,565550
20221116,14:40:25,142.40,1550,565550
20221116,14:40:26,141.25,50,565550
20221116,14:40:27,141.85,150,565550
20221116,14:40:28,141.65,550,565550
20221116,14:40:28,141.00,2100,565550
20221116,14:40:29,140.60,3950,565550
20221116,14:40:31,140.00,200,565550
20221116,14:40:32,140.65,50,565550
20221116,14:40:33,140.35,400,565550
20221116,14:40:34,141.25,200,565550
20221116,14:40:36,140.80,100,565550
20221116,14:40:37,141.05,1000,565550
20221116,14:40:38,140.80,150,565550
20221116,14:40:39,140.35,650,565550
20221116,14:40:40,140.15,350,565550
20221116,14:40:41,139.20,500,565550
20221116,14:40:42,138.40,2300,565550
20221116,14:40:43,137.80,2700,565550
20221116,14:40:44,136.90,300,565550
20221116,14:40:45,137.25,1100,565550
20221116,14:40:47,138.60,300,565550
20221116,14:40:48,138.25,50,565550
20221116,14:40:49,138.00,1950,565550
20221116,14:40:50,136.90,700,565550
20221116,14:40:51,137.20,50,565550
20221116,14:40:53,136.95,1050,565550
20221116,14:40:54,136.85,50,565550
20221116,14:40:56,137.25,200,565550
20221116,14:40:57,137.85,50,565550
20221116,14:40:58,137.60,100,565550
20221116,14:40:59,137.65,300,565550
20221116,14:41:00,136.85,400,565550
20221116,14:41:01,137.25,1150,565550
20221116,14:41:02,138.15,1900,565550
20221116,14:41:03,137.20,200,565550
20221116,14:41:04,136.70,300,565550
20221116,14:41:05,137.35,350,565550
20221116,14:41:06,136.00,950,565550
20221116,14:41:07,136.40,50,565550
20221116,14:41:08,136.10,1150,565550
20221116,14:41:11,134.90,7150,565550
20221116,14:41:12,135.40,1050,565550
20221116,14:41:14,134.75,950,565550
20221116,14:41:15,134.50,50,565550
20221116,14:41:16,130.90,18900,565550
20221116,14:41:17,133.60,600,565550
20221116,14:41:18,133.35,200,565550
20221116,14:41:19,133.25,450,565550
20221116,14:41:20,131.60,8500,565550
20221116,14:41:21,132.25,2100,565550
20221116,14:41:22,132.45,400,565550
20221116,14:41:23,131.30,550,565550
20221116,14:41:24,131.75,950,565550
20221116,14:41:25,131.90,950,565550
20221116,14:41:26,130.25,5350,565550
20221116,14:41:27,130.00,5500,565550
20221116,14:41:28,129.80,2800,565550
20221116,14:41:29,129.65,3650,565550
20221116,14:41:30,130.00,4100,565550
20221116,14:41:31,129.50,1450,565550
20221116,14:41:32,129.40,450,565550
20221116,14:41:33,128.30,4200,565550
20221116,14:41:34,129.30,550,565550
20221116,14:41:35,128.00,4250,565550
20221116,14:41:36,127.30,1200,565550
20221116,14:41:37,127.15,600,565550
20221116,14:41:38,126.95,200,565550
20221116,14:41:39,126.55,2250,565550
20221116,14:41:40,126.25,1550,565550
20221116,14:41:41,125.65,3600,565550
20221116,14:41:42,126.30,1850,565550
20221116,14:41:43,126.45,800,565550
20221116,14:41:44,126.70,2350,565550
20221116,14:41:45,128.15,1450,565550
20221116,14:41:46,127.45,1050,565550
20221116,14:41:47,128.15,650,565550
20221116,14:41:48,128.40,150,565550
20221116,14:41:49,129.05,6300,565550
20221116,14:41:50,128.80,850,565550
20221116,14:41:51,129.50,550,565550
20221116,14:41:53,130.20,2300,565550
20221116,14:41:54,129.85,500,565550
20221116,14:41:55,129.60,250,565550
20221116,14:41:56,129.40,2600,565550
20221116,14:41:57,129.20,600,565550
20221116,14:41:58,130.15,2800,565550
20221116,14:41:59,130.00,550,565550
20221116,14:42:00,129.50,350,565550
20221116,14:42:01,129.65,150,565550
20221116,14:42:02,128.90,350,565550
20221116,14:42:03,128.75,100,565550
20221116,14:42:04,127.75,2400,565550
20221116,14:42:05,127.15,3100,565550
20221116,14:42:06,127.30,1000,565550
20221116,14:42:07,127.05,250,565550
20221116,14:42:08,127.15,150,565550
20221116,14:42:09,125.40,7100,565550
20221116,14:42:10,126.10,700,565550
20221116,14:42:11,127.10,1400,565550
20221116,14:42:12,125.85,1700,565550
20221116,14:42:13,125.05,2500,565550
20221116,14:42:14,124.25,4800,565550
20221116,14:42:15,124.00,1200,565550
20221116,14:42:16,123.80,2250,565550
20221116,14:42:17,123.35,4600,565550
20221116,14:42:18,123.35,5300,565550
20221116,14:42:19,122.45,13400,565550
20221116,14:42:20,124.00,900,565550
20221116,14:42:21,123.95,650,565550
20221116,14:42:22,123.65,700,565550
20221116,14:42:23,124.10,750,565550
20221116,14:42:24,124.80,1400,565550
20221116,14:42:25,124.95,500,565550
20221116,14:42:26,124.20,2800,565550
20221116,14:42:27,126.00,1850,565550
20221116,14:42:29,125.40,1250,565550
20221116,14:42:30,126.40,650,565550
20221116,14:42:31,126.45,1150,565550
20221116,14:42:32,126.50,7450,565550
20221116,14:42:33,127.25,1500,565550
20221116,14:42:34,126.80,2150,565550
20221116,14:42:35,126.35,350,565550
20221116,14:42:36,126.90,450,565550
20221116,14:42:37,127.05,950,570150
20221116,14:42:38,126.75,550,570150
20221116,14:42:39,126.50,700,570150
20221116,14:42:40,126.25,2250,570150
20221116,14:42:41,126.55,100,570150
20221116,14:42:42,127.00,50,570150
20221116,14:42:43,125.90,950,570150
20221116,14:42:44,125.90,350,570150
20221116,14:42:45,125.90,1350,570150
20221116,14:42:46,126.85,750,570150
20221116,14:42:47,126.25,500,570150
20221116,14:42:48,125.95,350,570150
20221116,14:42:49,126.05,200,570150
20221116,14:42:50,125.95,950,570150
20221116,14:42:51,126.70,200,570150
20221116,14:42:52,125.75,1300,570150
20221116,14:42:53,125.55,50,570150
20221116,14:42:54,125.55,200,570150
20221116,14:42:55,125.90,100,570150
20221116,14:42:56,126.60,1500,570150
20221116,14:42:57,125.90,2050,570150
20221116,14:42:58,127.00,100,570150
20221116,14:42:59,126.60,2300,570150
20221116,14:43:00,127.00,3400,570150
20221116,14:43:01,127.75,2700,570150
20221116,14:43:02,127.10,800,570150
20221116,14:43:03,127.20,100,570150
20221116,14:43:04,127.95,3100,570150
20221116,14:43:05,126.95,150,570150
20221116,14:43:06,126.75,300,570150
20221116,14:43:08,126.45,2000,570150
20221116,14:43:09,127.00,750,570150
20221116,14:43:10,127.30,1900,570150
20221116,14:43:11,127.90,1950,570150
20221116,14:43:12,127.00,300,570150
20221116,14:43:14,127.05,100,570150
20221116,14:43:15,127.30,300,570150
20221116,14:43:16,127.00,1000,570150
20221116,14:43:17,128.70,3600,570150
20221116,14:43:18,128.55,1650,570150
20221116,14:43:19,129.00,200,570150
20221116,14:43:20,127.55,1200,570150
20221116,14:43:22,127.80,100,570150
20221116,14:43:23,128.05,150,570150
20221116,14:43:24,128.45,500,570150
20221116,14:43:25,127.90,550,570150
20221116,14:43:26,127.60,100,570150
20221116,14:43:27,126.00,2850,570150
20221116,14:43:28,125.90,650,570150
20221116,14:43:29,125.65,50,570150
20221116,14:43:30,126.50,150,570150
20221116,14:43:31,126.85,50,570150
20221116,14:43:32,125.55,350,570150
20221116,14:43:33,125.20,2000,570150
20221116,14:43:34,124.65,600,570150
20221116,14:43:35,124.05,200,570150
20221116,14:43:36,124.15,50,570150
20221116,14:43:37,124.35,400,570150
20221116,14:43:38,124.80,300,570150
20221116,14:43:39,125.55,450,570150
20221116,14:43:40,125.45,200,570150
20221116,14:43:41,125.85,1050,570150
20221116,14:43:42,124.80,100,570150
20221116,14:43:43,125.15,50,570150
20221116,14:43:44,125.00,1600,570150
20221116,14:43:45,124.90,300,570150
20221116,14:43:46,125.25,500,570150
20221116,14:43:47,125.25,50,570150
20221116,14:43:48,125.55,550,570150
20221116,14:43:49,126.00,900,570150
20221116,14:43:50,125.90,550,570150
20221116,14:43:51,125.75,2050,570150
20221116,14:43:53,125.60,650,570150
20221116,14:43:55,126.25,1550,570150
20221116,14:43:56,126.35,250,570150
20221116,14:43:57,126.00,1650,570150
20221116,14:43:58,126.30,200,570150
20221116,14:44:00,127.20,250,570150
20221116,14:44:01,126.70,100,570150
20221116,14:44:02,126.80,750,570150
20221116,14:44:03,127.00,200,570150
20221116,14:44:04,127.55,250,570150
20221116,14:44:05,127.10,900,570150
20221116,14:44:06,128.60,950,570150
20221116,14:44:07,127.85,100,570150
20221116,14:44:09,128.25,50,570150
20221116,14:44:10,129.10,750,570150
20221116,14:44:11,129.35,450,570150
20221116,14:44:12,129.40,350,570150
20221116,14:44:13,129.65,950,570150
20221116,14:44:14,129.50,3900,570150
20221116,14:44:15,129.95,700,570150
20221116,14:44:16,130.20,300,570150
20221116,14:44:17,130.75,1150,570150
20221116,14:44:18,130.50,100,570150
20221116,14:44:19,130.85,400,570150
20221116,14:44:21,131.90,2250,570150
20221116,14:44:21,131.75,1000,570150
20221116,14:44:22,131.95,750,570150
20221116,14:44:23,132.00,300,570150
20221116,14:44:24,132.95,3750,570150
20221116,14:44:25,133.60,2600,570150
20221116,14:44:26,133.20,150,570150
20221116,14:44:27,133.60,2150,570150
20221116,14:44:28,133.35,1200,570150
20221116,14:44:29,133.75,200,570150
20221116,14:44:30,134.10,1350,570150
20221116,14:44:31,133.60,350,570150
20221116,14:44:32,133.85,1450,570150
20221116,14:44:33,134.15,300,570150
20221116,14:44:34,134.45,1350,570150
20221116,14:44:35,133.60,450,570150
20221116,14:44:36,133.80,1200,570150
20221116,14:44:37,133.95,600,570150
20221116,14:44:38,133.30,150,570150
20221116,14:44:39,133.05,4950,570150
20221116,14:44:40,132.90,50,570150
20221116,14:44:41,132.60,50,570150
20221116,14:44:42,133.10,350,570150
20221116,14:44:43,133.85,1150,570150
20221116,14:44:44,134.10,200,570150
20221116,14:44:45,133.70,100,570150
20221116,14:44:46,134.15,600,570150
20221116,14:44:47,134.00,500,570150
20221116,14:44:48,134.05,3200,570150
20221116,14:44:49,133.55,150,570150
20221116,14:44:50,133.30,200,570150
20221116,14:44:51,133.00,1150,570150
20221116,14:44:53,133.30,1150,570150
20221116,14:44:54,134.65,500,570150
20221116,14:44:55,134.75,800,570150
20221116,14:44:56,134.90,3750,570150
20221116,14:44:57,134.55,850,570150
20221116,14:44:58,135.90,1000,570150
20221116,14:45:00,136.15,3750,570150
20221116,14:45:00,136.55,100,570150
20221116,14:45:01,135.85,4350,570150
20221116,14:45:02,137.25,600,570150
20221116,14:45:03,136.40,400,570150
20221116,14:45:04,137.50,1050,570150
20221116,14:45:06,138.65,3300,570150
20221116,14:45:06,139.00,300,570150
20221116,14:45:07,139.25,1150,570150
20221116,14:45:08,140.55,5550,570150
20221116,14:45:09,141.05,2000,570150
20221116,14:45:10,141.35,1750,570150
20221116,14:45:11,141.05,400,570150
20221116,14:45:12,140.45,1450,570150
20221116,14:45:13,140.00,100,570150
20221116,14:45:14,140.75,950,570150
20221116,14:45:15,141.45,5750,570150
20221116,14:45:16,140.65,800,570150
20221116,14:45:17,140.80,300,570150
20221116,14:45:18,140.90,5250,570150
20221116,14:45:19,140.95,200,570150
20221116,14:45:20,141.90,3300,570150
20221116,14:45:21,141.15,650,570150
20221116,14:45:22,141.55,1000,570150
20221116,14:45:23,141.55,3900,570150
20221116,14:45:24,141.60,2250,570150
20221116,14:45:26,141.90,2700,570150
20221116,14:45:26,142.10,100,570150
20221116,14:45:27,141.10,1050,570150
20221116,14:45:28,139.45,2150,570150
20221116,14:45:29,138.25,3800,570150
20221116,14:45:30,137.95,2000,570150
20221116,14:45:31,138.95,550,570150
20221116,14:45:32,140.00,2150,570150
20221116,14:45:34,139.75,800,570150
20221116,14:45:35,140.75,250,570150
20221116,14:45:36,140.25,2400,577050
20221116,14:45:37,139.45,1450,577050
20221116,14:45:37,139.05,150,577050
20221116,14:45:38,139.15,850,577050
20221116,14:45:39,138.20,50,577050
20221116,14:45:40,138.25,1200,577050
20221116,14:45:41,137.00,200,577050
20221116,14:45:42,137.50,1000,577050
20221116,14:45:44,136.75,1350,577050
20221116,14:45:45,137.00,1350,577050
20221116,14:45:46,137.05,400,577050
20221116,14:45:47,137.30,1450,577050
20221116,14:45:49,138.15,800,577050
20221116,14:45:49,138.00,200,577050
20221116,14:45:51,137.55,100,577050
20221116,14:45:52,137.70,50,577050
20221116,14:45:53,136.90,100,577050
20221116,14:45:54,135.45,100,577050
20221116,14:45:55,135.30,100,577050
20221116,14:45:56,135.25,3500,577050
20221116,14:45:57,134.30,300,577050
20221116,14:45:58,134.95,450,577050
20221116,14:45:59,135.30,2500,577050
20221116,14:46:00,134.45,100,577050
20221116,14:46:01,134.00,700,577050
20221116,14:46:02,133.65,750,577050
20221116,14:46:04,132.50,2150,577050
20221116,14:46:05,132.50,2350,577050
20221116,14:46:06,131.80,2850,577050
20221116,14:46:06,131.35,600,577050
20221116,14:46:07,131.50,2000,577050
20221116,14:46:08,131.95,7750,577050
20221116,14:46:09,131.15,400,577050
20221116,14:46:10,130.85,400,577050
20221116,14:46:12,130.50,800,577050
20221116,14:46:13,131.60,400,577050
20221116,14:46:14,131.60,100,577050
20221116,14:46:15,132.30,1650,577050
20221116,14:46:16,133.10,1250,577050
20221116,14:46:17,133.75,200,577050
20221116,14:46:18,133.00,1450,577050
20221116,14:46:20,132.75,100,577050
20221116,14:46:23,133.90,2050,577050
20221116,14:46:24,133.75,100,577050
20221116,14:46:25,134.00,500,577050
20221116,14:46:26,134.60,100,577050
20221116,14:46:27,135.65,2650,577050
20221116,14:46:28,134.90,850,577050
20221116,14:46:29,135.80,1850,577050
20221116,14:46:30,137.05,2500,577050
20221116,14:46:31,136.00,1050,577050
20221116,14:46:32,136.55,150,577050
20221116,14:46:34,136.85,50,577050
20221116,14:46:35,136.10,50,577050
20221116,14:46:37,137.10,50,577050
20221116,14:46:38,137.15,2250,577050
20221116,14:46:40,136.80,1900,577050
20221116,14:46:41,136.35,500,577050
20221116,14:46:43,136.30,50,577050
20221116,14:46:43,136.10,250,577050
20221116,14:46:44,134.95,600,577050
20221116,14:46:45,134.80,50,577050
20221116,14:46:46,134.35,1050,577050
20221116,14:46:48,135.00,50,577050
20221116,14:46:50,135.35,300,577050
20221116,14:46:50,136.00,500,577050
20221116,14:46:53,136.00,50,577050
20221116,14:46:54,136.60,900,577050
20221116,14:46:56,136.15,50,577050
20221116,14:46:56,137.05,100,577050
20221116,14:46:57,137.40,100,577050
20221116,14:46:58,137.35,50,577050
20221116,14:46:59,138.00,200,577050
20221116,14:47:00,137.75,400,577050
20221116,14:47:01,137.85,100,577050
20221116,14:47:02,138.15,300,577050
20221116,14:47:03,138.50,850,577050
20221116,14:47:04,138.85,100,577050
20221116,14:47:05,140.00,3250,577050
20221116,14:47:06,139.65,3050,577050
20221116,14:47:07,140.60,2500,577050
20221116,14:47:08,139.70,300,577050
20221116,14:47:10,140.15,1250,577050
20221116,14:47:11,141.00,2250,577050
20221116,14:47:13,141.35,100,577050
20221116,14:47:14,141.80,2050,577050
20221116,14:47:15,141.70,500,577050
20221116,14:47:16,140.45,2450,577050
20221116,14:47:17,140.10,2900,577050
20221116,14:47:19,138.75,400,577050
20221116,14:47:20,138.75,8250,577050
20221116,14:47:21,139.15,100,577050
20221116,14:47:22,141.55,1950,577050
20221116,14:47:24,140.70,100,577050
20221116,14:47:25,140.50,550,577050
20221116,14:47:26,139.65,600,577050
20221116,14:47:27,139.50,300,577050
20221116,14:47:28,139.65,1350,577050
20221116,14:47:29,140.00,2250,577050
20221116,14:47:31,139.60,2200,577050
20221116,14:47:32,139.60,100,577050
20221116,14:47:33,140.30,600,577050
20221116,14:47:33,140.00,1750,577050
20221116,14:47:34,140.50,2250,577050
20221116,14:47:35,140.20,1400,577050
20221116,14:47:36,138.95,750,577050
20221116,14:47:38,139.50,3750,577050
20221116,14:47:39,138.55,2200,577050
20221116,14:47:41,139.40,400,577050
20221116,14:47:43,139.20,200,577050
20221116,14:47:44,139.60,100,577050
20221116,14:47:45,140.10,150,577050
20221116,14:47:47,139.45,50,577050
20221116,14:47:48,139.35,100,577050
20221116,14:47:48,140.00,200,577050
20221116,14:47:50,139.00,350,577050
20221116,14:47:52,139.05,50,577050
20221116,14:47:53,138.90,50,577050
20221116,14:47:54,139.20,50,577050
20221116,14:47:55,139.00,250,577050
20221116,14:47:56,139.00,50,577050
20221116,14:47:57,139.65,1800,577050
20221116,14:47:58,139.45,100,577050
20221116,14:47:59,138.50,1100,577050
20221116,14:48:01,136.80,2200,577050
20221116,14:48:02,137.25,500,577050
20221116,14:48:02,136.75,50,577050
20221116,14:48:03,135.50,1300,577050
20221116,14:48:04,135.05,200,577050
20221116,14:48:05,135.00,750,577050
20221116,14:48:06,135.30,200,577050
20221116,14:48:07,135.55,2000,577050
20221116,14:48:08,135.95,4200,577050
20221116,14:48:09,136.00,3950,577050
20221116,14:48:10,136.10,100,577050
20221116,14:48:12,135.20,500,577050
20221116,14:48:13,134.55,900,577050
20221116,14:48:14,134.45,50,577050
20221116,14:48:14,134.55,150,577050
20221116,14:48:15,135.05,100,577050
20221116,14:48:16,135.30,1950,577050
20221116,14:48:18,136.10,1750,577050
20221116,14:48:19,135.75,1800,577050
20221116,14:48:22,136.35,50,577050
20221116,14:48:24,135.85,50,577050
20221116,14:48:24,136.40,1950,577050
20221116,14:48:26,136.85,200,577050
20221116,14:48:27,136.50,50,577050
20221116,14:48:31,137.05,250,577050
20221116,14:48:32,136.80,150,577050
20221116,14:48:33,136.90,100,577050
20221116,14:48:34,137.50,200,577050
20221116,14:48:34,137.35,150,585600
20221116,14:48:35,137.60,100,585600
20221116,14:48:36,137.95,50,585600
20221116,14:48:40,137.80,100,585600
20221116,14:48:41,137.95,50,585600
20221116,14:48:43,138.00,550,585600
20221116,14:48:44,138.50,100,585600
20221116,14:48:45,138.95,350,585600
20221116,14:48:46,139.10,600,585600
20221116,14:48:47,139.20,500,585600
20221116,14:48:48,138.80,1950,585600
20221116,14:48:49,137.80,150,585600
20221116,14:48:51,137.50,250,585600
20221116,14:48:52,137.25,1450,585600
20221116,14:48:53,136.00,4150,585600
20221116,14:48:55,135.55,100,585600
20221116,14:48:56,135.35,950,585600
20221116,14:48:57,135.10,3150,585600
20221116,14:49:00,134.60,1000,585600
20221116,14:49:01,135.80,750,585600
20221116,14:49:04,135.30,100,585600
20221116,14:49:05,136.65,2450,585600
20221116,14:49:07,137.10,1100,585600
20221116,14:49:07,137.40,250,585600
20221116,14:49:10,137.10,100,585600
20221116,14:49:11,137.65,50,585600
20221116,14:49:12,138.15,500,585600
20221116,14:49:13,138.20,50,585600
20221116,14:49:14,138.05,1900,585600
20221116,14:49:15,138.35,150,585600
20221116,14:49:16,138.80,1350,585600
20221116,14:49:17,139.45,350,585600
20221116,14:49:18,139.40,50,585600
20221116,14:49:20,139.10,450,585600
20221116,14:49:21,139.00,950,585600
20221116,14:49:22,139.45,600,585600
20221116,14:49:23,139.60,550,585600
20221116,14:49:25,140.00,300,585600
20221116,14:49:27,140.00,2150,585600
20221116,14:49:27,139.75,400,585600
20221116,14:49:28,139.70,1850,585600
20221116,14:49:29,139.60,4600,585600
20221116,14:49:30,139.50,450,585600
20221116,14:49:31,139.35,750,585600
20221116,14:49:33,139.00,2000,585600
20221116,14:49:35,139.50,500,585600
20221116,14:49:36,139.50,350,585600
20221116,14:49:37,138.80,500,585600
20221116,14:49:38,138.45,450,585600
20221116,14:49:40,139.05,800,585600
20221116,14:49:41,139.10,450,585600
20221116,14:49:42,139.20,350,585600
20221116,14:49:44,138.00,1100,585600
20221116,14:49:46,138.30,50,585600
20221116,14:49:48,138.70,100,585600
20221116,14:49:48,139.25,1000,585600
20221116,14:49:51,139.45,1500,585600
20221116,14:49:53,139.10,500,585600
20221116,14:49:54,139.40,50,585600
20221116,14:49:56,138.70,400,585600
20221116,14:49:57,139.45,200,585600
20221116,14:49:58,140.00,3450,585600
20221116,14:50:00,139.90,8400,585600
20221116,14:50:02,140.00,1800,585600
20221116,14:50:03,140.55,50,585600
20221116,14:50:04,140.75,250,585600
20221116,14:50:05,140.30,200,585600
20221116,14:50:06,141.10,1950,585600
20221116,14:50:07,141.25,250,585600
20221116,14:50:07,141.75,200,585600
20221116,14:50:08,142.00,4000,585600
20221116,14:50:09,141.75,1700,585600
20221116,14:50:10,143.05,1800,585600
20221116,14:50:11,143.15,1550,585600
20221116,14:50:13,144.85,4150,585600
20221116,14:50:14,145.80,2900,585600
20221116,14:50:15,146.00,4300,585600
20221116,14:50:15,146.10,2550,585600
20221116,14:50:17,145.60,2750,585600
20221116,14:50:18,145.65,700,585600
20221116,14:50:19,145.40,6750,585600
20221116,14:50:20,146.50,4950,585600
20221116,14:50:21,146.55,850,585600
20221116,14:50:21,146.05,50,585600
20221116,14:50:23,146.80,700,585600
20221116,14:50:23,147.15,550,585600
20221116,14:50:25,148.85,4700,585600
20221116,14:50:25,148.35,150,585600
20221116,14:50:26,149.40,2050,585600
20221116,14:50:28,149.80,3550,585600
20221116,14:50:28,149.05,400,585600
20221116,14:50:30,148.35,3950,585600
20221116,14:50:31,148.20,2250,585600
20221116,14:50:32,147.45,2200,585600
20221116,14:50:33,147.20,50,585600
20221116,14:50:34,146.45,1700,585600
20221116,14:50:35,147.25,1750,585600
20221116,14:50:36,147.25,250,585600
20221116,14:50:37,147.35,700,585600
20221116,14:50:38,147.25,2800,585600
20221116,14:50:39,146.70,1300,585600
20221116,14:50:40,146.30,300,585600
20221116,14:50:41,146.25,3050,585600
20221116,14:50:42,145.00,2550,585600
20221116,14:50:43,145.45,1050,585600
20221116,14:50:45,146.00,50,585600
20221116,14:50:46,146.30,300,585600
20221116,14:50:47,147.50,1300,585600
20221116,14:50:48,147.90,1800,585600
20221116,14:50:49,148.00,150,585600
20221116,14:50:50,146.70,550,585600
20221116,14:50:51,147.35,2450,585600
20221116,14:50:52,147.10,1000,585600
20221116,14:50:53,146.75,200,585600
20221116,14:50:54,146.50,900,585600
20221116,14:50:54,146.75,100,585600
20221116,14:50:55,146.70,200,585600
20221116,14:50:56,147.40,1050,585600
20221116,14:50:58,148.15,2400,585600
20221116,14:50:59,147.80,200,585600
20221116,14:51:00,147.00,500,585600
20221116,14:51:01,147.10,1150,585600
20221116,14:51:02,147.00,850,585600
20221116,14:51:03,146.55,1000,585600
20221116,14:51:04,147.80,350,585600
20221116,14:51:06,147.45,100,585600
20221116,14:51:07,146.75,1450,585600
20221116,14:51:08,147.70,300,585600
20221116,14:51:09,147.05,150,585600
20221116,14:51:10,147.15,600,585600
20221116,14:51:11,147.40,50,585600
20221116,14:51:12,148.00,2800,585600
20221116,14:51:13,148.40,550,585600
20221116,14:51:13,147.50,300,585600
20221116,14:51:14,147.15,900,585600
20221116,14:51:15,146.80,2150,585600
20221116,14:51:16,146.75,1800,585600
20221116,14:51:17,146.80,800,585600
20221116,14:51:18,147.40,200,585600
20221116,14:51:19,147.45,1000,585600
20221116,14:51:20,147.95,700,585600
20221116,14:51:21,148.20,350,585600
20221116,14:51:22,148.45,250,585600
20221116,14:51:24,146.70,900,585600
20221116,14:51:24,148.10,3350,585600
20221116,14:51:25,149.25,2250,585600
20221116,14:51:26,149.05,50,585600
20221116,14:51:27,150.05,3450,585600
20221116,14:51:29,149.40,1600,585600
20221116,14:51:30,148.90,1800,585600
20221116,14:51:31,150.00,250,585600
20221116,14:51:32,150.05,100,585600
20221116,14:51:34,152.00,2150,585600
20221116,14:51:35,152.00,400,585600
20221116,14:51:36,151.55,3650,585600
20221116,14:51:37,152.05,800,585600
20221116,14:51:38,151.25,1300,583900
20221116,14:51:38,150.00,1450,583900
20221116,14:51:39,150.45,300,583900
20221116,14:51:40,150.45,100,583900
20221116,14:51:42,149.95,5350,583900
20221116,14:51:44,150.45,350,583900
20221116,14:51:45,150.70,1150,583900
20221116,14:51:46,151.20,900,583900
20221116,14:51:47,151.75,700,583900
20221116,14:51:47,151.15,300,583900
20221116,14:51:48,150.55,250,583900
20221116,14:51:49,150.20,1350,583900
20221116,14:51:51,149.00,2250,583900
20221116,14:51:52,148.40,550,583900
20221116,14:51:53,148.20,3600,583900
20221116,14:51:54,148.75,100,583900
20221116,14:51:55,149.40,1000,583900
20221116,14:51:57,149.20,250,583900
20221116,14:51:58,149.50,400,583900
20221116,14:51:59,149.50,1300,583900
20221116,14:52:00,149.85,100,583900
20221116,14:52:01,147.75,4950,583900
20221116,14:52:02,147.65,100,583900
20221116,14:52:03,148.00,100,583900
20221116,14:52:04,148.55,1900,583900
20221116,14:52:06,147.70,550,583900
20221116,14:52:07,147.80,850,583900
20221116,14:52:08,146.85,2150,583900
20221116,14:52:09,147.95,550,583900
20221116,14:52:10,147.55,100,583900
20221116,14:52:11,147.55,400,583900
20221116,14:52:12,148.35,200,583900
20221116,14:52:13,147.80,250,583900
20221116,14:52:14,147.65,50,583900
20221116,14:52:17,147.70,100,583900
20221116,14:52:22,146.85,50,583900
20221116,14:52:23,147.75,50,583900
20221116,14:52:25,147.95,50,583900
20221116,14:52:27,148.35,500,583900
20221116,14:52:28,148.05,300,583900
20221116,14:52:29,147.90,1800,583900
20221116,14:52:30,149.75,1150,583900
20221116,14:52:31,149.25,50,583900
20221116,14:52:32,149.05,1050,583900
20221116,14:52:33,148.55,650,583900
20221116,14:52:34,147.90,600,583900
20221116,14:52:35,148.00,300,583900
20221116,14:52:39,147.50,2000,583900
20221116,14:52:41,147.75,1800,583900
20221116,14:52:42,148.00,50,583900
20221116,14:52:43,147.75,150,583900
20221116,14:52:44,147.80,50,583900
20221116,14:52:45,147.70,150,583900
20221116,14:52:46,147.90,550,583900
20221116,14:52:47,148.20,650,583900
20221116,14:52:49,149.00,1150,583900
20221116,14:52:50,148.25,50,583900
20221116,14:52:51,148.95,550,583900
20221116,14:52:52,149.40,50,583900
20221116,14:52:53,148.45,1300,583900
20221116,14:52:55,148.20,200,583900
20221116,14:52:56,148.20,300,583900
20221116,14:52:57,148.10,50,583900
20221116,14:52:58,148.85,950,583900
20221116,14:52:59,149.30,50,583900
20221116,14:53:00,149.20,500,583900
20221116,14:53:01,148.55,50,583900
20221116,14:53:03,149.50,50,583900
20221116,14:53:04,149.20,50,583900
20221116,14:53:05,149.50,1000,583900
20221116,14:53:06,149.60,50,583900
20221116,14:53:07,148.70,300,583900
20221116,14:53:09,150.00,1600,583900
20221116,14:53:11,149.50,2500,583900
20221116,14:53:12,149.85,50,583900
20221116,14:53:13,149.40,550,583900
20221116,14:53:14,149.40,250,583900
20221116,14:53:15,149.00,600,583900
20221116,14:53:16,150.00,250,583900
20221116,14:53:17,149.85,50,583900
20221116,14:53:18,149.00,650,583900
20221116,14:53:19,148.75,2900,583900
20221116,14:53:20,148.85,3750,583900
20221116,14:53:21,148.00,200,583900
20221116,14:53:23,147.60,200,583900
20221116,14:53:24,147.30,350,583900
20221116,14:53:25,148.15,600,583900
20221116,14:53:26,149.50,1350,583900
20221116,14:53:27,150.05,750,583900
20221116,14:53:28,150.30,500,583900
20221116,14:53:31,149.75,100,583900
20221116,14:53:32,150.00,1950,583900
20221116,14:53:34,149.25,50,583900
20221116,14:53:35,149.40,350,583900
20221116,14:53:36,149.65,100,583900
20221116,14:53:38,148.80,100,583900
20221116,14:53:39,148.55,750,583900
20221116,14:53:40,148.85,250,583900
20221116,14:53:41,148.70,350,583900
20221116,14:53:42,149.15,100,583900
20221116,14:53:46,151.15,3850,583900
20221116,14:53:48,151.25,550,583900
20221116,14:53:49,151.95,450,583900
20221116,14:53:50,152.80,1050,583900
20221116,14:53:51,152.85,1100,583900
20221116,14:53:52,152.90,5350,583900
20221116,14:53:53,151.30,1000,583900
20221116,14:53:55,151.40,450,583900
20221116,14:53:56,150.00,700,583900
20221116,14:53:57,150.10,250,583900
20221116,14:53:59,151.20,50,583900
20221116,14:54:01,152.00,150,583900
20221116,14:54:02,152.20,2000,583900
20221116,14:54:03,152.50,550,583900
20221116,14:54:04,151.95,600,583900
20221116,14:54:06,151.15,150,583900
20221116,14:54:07,152.00,250,583900
20221116,14:54:08,151.20,2900,583900
20221116,14:54:09,151.90,4550,583900
20221116,14:54:12,152.50,100,583900
20221116,14:54:13,153.00,2450,583900
20221116,14:54:14,151.30,2250,583900
20221116,14:54:15,152.00,800,583900
20221116,14:54:16,152.65,700,583900
20221116,14:54:17,152.85,3950,583900
20221116,14:54:18,153.35,100,583900
20221116,14:54:19,153.05,400,583900
20221116,14:54:20,152.00,1000,583900
20221116,14:54:21,152.00,200,583900
20221116,14:54:24,152.50,250,583900
20221116,14:54:25,151.90,300,583900
20221116,14:54:27,151.80,800,583900
20221116,14:54:28,151.70,50,583900
20221116,14:54:29,151.50,1150,583900
20221116,14:54:30,152.20,200,583900
20221116,14:54:31,152.05,850,583900
20221116,14:54:32,151.85,150,583900
20221116,14:54:33,151.00,3150,583900
20221116,14:54:35,150.60,1750,583900
20221116,14:54:36,150.65,400,584850
20221116,14:54:37,150.75,1450,584850
20221116,14:54:38,150.85,200,584850
20221116,14:54:39,150.00,900,584850
20221116,14:54:40,149.30,200,584850
20221116,14:54:41,149.55,2600,584850
20221116,14:54:42,149.90,300,584850
20221116,14:54:43,149.70,100,584850
20221116,14:54:44,150.20,750,584850
20221116,14:54:45,149.80,450,584850
20221116,14:54:46,149.35,50,584850
20221116,14:54:47,150.00,150,584850
20221116,14:54:48,149.90,250,584850
20221116,14:54:49,148.85,2100,584850
20221116,14:54:50,148.40,250,584850
20221116,14:54:51,148.50,1300,584850
20221116,14:54:52,147.75,200,584850
20221116,14:54:53,148.35,400,584850
20221116,14:54:54,148.55,100,584850
20221116,14:54:55,148.65,100,584850
20221116,14:54:56,148.50,100,584850
20221116,14:54:57,149.00,450,584850
20221116,14:54:58,149.45,2500,584850
20221116,14:54:59,149.75,2800,584850
20221116,14:55:00,150.20,50,584850
20221116,14:55:01,149.25,900,584850
20221116,14:55:02,150.20,50,584850
20221116,14:55:03,150.00,400,584850
20221116,14:55:04,150.40,400,584850
20221116,14:55:07,150.70,150,584850
20221116,14:55:08,150.60,250,584850
20221116,14:55:10,150.80,250,584850
20221116,14:55:11,151.50,50,584850
20221116,14:55:12,152.00,2600,584850
20221116,14:55:13,152.80,2150,584850
20221116,14:55:14,152.45,100,584850
20221116,14:55:15,153.00,2550,584850
20221116,14:55:17,153.65,250,584850
20221116,14:55:18,154.30,850,584850
20221116,14:55:19,153.30,3500,584850
20221116,14:55:20,152.85,400,584850
20221116,14:55:21,152.70,1850,584850
20221116,14:55:22,151.65,1800,584850
20221116,14:55:23,151.45,2050,584850
20221116,14:55:24,151.25,50,584850
20221116,14:55:25,151.25,450,584850
20221116,14:55:26,151.30,300,584850
20221116,14:55:27,151.20,1150,584850
20221116,14:55:29,151.90,50,584850
20221116,14:55:30,151.75,1950,584850
20221116,14:55:31,151.95,100,584850
20221116,14:55:32,151.45,50,584850
20221116,14:55:33,151.95,1950,584850
20221116,14:55:34,152.50,50,584850
20221116,14:55:35,151.45,800,584850
20221116,14:55:36,151.15,3000,584850
20221116,14:55:37,150.75,250,584850
20221116,14:55:38,150.55,500,584850
20221116,14:55:40,149.80,2000,584850
20221116,14:55:42,150.25,150,584850
20221116,14:55:43,151.10,100,584850
20221116,14:55:44,150.15,550,584850
20221116,14:55:45,152.25,1400,584850
20221116,14:55:46,152.10,50,584850
20221116,14:55:48,152.10,1000,584850
20221116,14:55:49,152.70,100,584850
20221116,14:55:50,152.40,200,584850
20221116,14:55:51,153.00,50,584850
20221116,14:55:52,152.75,1250,584850
20221116,14:55:53,151.95,2300,584850
20221116,14:55:54,153.00,1450,584850
20221116,14:55:55,153.20,100,584850
20221116,14:55:56,152.55,750,584850
20221116,14:55:57,152.10,1250,584850
20221116,14:55:58,152.55,100,584850
20221116,14:55:59,153.00,1950,584850
20221116,14:56:00,152.50,1000,584850
20221116,14:56:01,152.10,150,584850
20221116,14:56:04,151.35,1000,584850
20221116,14:56:05,151.80,150,584850
20221116,14:56:06,151.35,600,584850
20221116,14:56:07,151.35,50,584850
20221116,14:56:08,152.95,2050,584850
20221116,14:56:09,151.00,550,584850
20221116,14:56:11,151.90,350,584850
20221116,14:56:13,151.10,400,584850
20221116,14:56:14,151.00,950,584850
20221116,14:56:15,151.20,50,584850
20221116,14:56:16,151.00,1800,584850
20221116,14:56:18,152.05,850,584850
20221116,14:56:19,152.00,1350,584850
20221116,14:56:20,151.90,50,584850
20221116,14:56:22,153.00,1500,584850
20221116,14:56:23,153.40,500,584850
20221116,14:56:24,154.00,1550,584850
20221116,14:56:25,154.85,5100,584850
20221116,14:56:27,156.00,8150,584850
20221116,14:56:27,155.75,4050,584850
20221116,14:56:29,156.85,10000,584850
20221116,14:56:29,156.60,800,584850
20221116,14:56:30,156.30,2800,584850
20221116,14:56:31,156.80,3800,584850
20221116,14:56:32,155.70,3600,584850
20221116,14:56:33,155.30,4550,584850
20221116,14:56:34,154.60,4950,584850
20221116,14:56:35,154.75,4150,584850
20221116,14:56:36,155.20,4850,584850
20221116,14:56:37,155.90,7250,584850
20221116,14:56:38,156.00,2500,584850
20221116,14:56:39,155.35,350,584850
20221116,14:56:40,155.80,700,584850
20221116,14:56:41,156.10,5300,584850
20221116,14:56:43,156.20,450,584850
20221116,14:56:43,155.85,350,584850
20221116,14:56:44,156.75,2050,584850
20221116,14:56:45,156.85,100,584850
20221116,14:56:46,157.95,5600,584850
20221116,14:56:47,158.40,250,584850
20221116,14:56:48,158.50,4050,584850
20221116,14:56:49,158.40,1650,584850
20221116,14:56:50,159.65,2500,584850
20221116,14:56:51,159.90,1500,584850
20221116,14:56:52,158.80,1400,584850
20221116,14:56:53,159.10,500,584850
20221116,14:56:54,159.60,1350,584850
20221116,14:56:55,159.70,850,584850
20221116,14:56:56,160.35,750,584850
20221116,14:56:57,160.55,1550,584850
20221116,14:56:58,160.25,850,584850
20221116,14:56:59,160.50,850,584850
20221116,14:57:00,160.80,2400,584850
20221116,14:57:01,160.70,1500,584850
20221116,14:57:02,160.30,2950,584850
20221116,14:57:04,159.35,650,584850
20221116,14:57:04,159.50,300,584850
20221116,14:57:05,159.40,400,584850
20221116,14:57:06,157.80,2450,584850
20221116,14:57:07,157.20,1200,584850
20221116,14:57:08,157.70,250,584850
20221116,14:57:09,158.90,250,584850
20221116,14:57:10,158.95,100,584850
20221116,14:57:11,159.05,400,584850
20221116,14:57:12,160.10,1400,584850
20221116,14:57:13,159.95,150,584850
20221116,14:57:15,160.15,6750,584850
20221116,14:57:15,160.00,100,584850
20221116,14:57:16,160.45,150,584850
20221116,14:57:17,160.40,750,584850
20221116,14:57:18,160.45,1500,584850
20221116,14:57:19,160.30,200,584850
20221116,14:57:20,159.85,700,584850
20221116,14:57:21,160.15,2150,584850
20221116,14:57:22,159.90,4500,584850
20221116,14:57:23,159.90,1950,584850
20221116,14:57:24,160.90,1200,584850
20221116,14:57:25,160.75,3000,584850
20221116,14:57:26,160.40,850,584850
20221116,14:57:27,160.90,300,584850
20221116,14:57:28,159.30,1450,584850
20221116,14:57:29,160.05,3000,584850
20221116,14:57:30,160.25,300,584850
20221116,14:57:31,160.15,550,584850
20221116,14:57:32,160.95,300,584850
20221116,14:57:33,161.60,1500,584850
20221116,14:57:34,161.10,700,584850
20221116,14:57:36,161.85,2850,542350
20221116,14:57:36,162.45,900,542350
20221116,14:57:37,162.50,1250,542350
20221116,14:57:38,162.50,2050,542350
20221116,14:57:39,162.30,1450,542350
20221116,14:57:40,161.45,800,542350
20221116,14:57:41,160.85,850,542350
20221116,14:57:42,161.60,2000,542350
20221116,14:57:44,162.30,750,542350
20221116,14:57:44,162.65,150,542350
20221116,14:57:45,163.50,2100,542350
20221116,14:57:46,163.45,350,542350
20221116,14:57:47,164.50,3300,542350
20221116,14:57:48,163.85,1600,542350
20221116,14:57:49,163.50,850,542350
20221116,14:57:50,165.00,1650,542350
20221116,14:57:51,164.00,3950,542350
20221116,14:57:52,164.55,1300,542350
20221116,14:57:54,164.80,250,542350
20221116,14:57:54,165.00,200,542350
20221116,14:57:55,165.00,900,542350
20221116,14:57:56,164.95,350,542350
20221116,14:57:57,165.30,4100,542350
20221116,14:57:58,166.70,1750,542350
20221116,14:57:59,167.00,350,542350
20221116,14:58:00,166.60,2600,542350
20221116,14:58:02,167.60,2350,542350
20221116,14:58:03,167.90,950,542350
20221116,14:58:03,167.95,50,542350
20221116,14:58:04,168.65,3300,542350
20221116,14:58:05,168.95,450,542350
20221116,14:58:06,168.50,2350,542350
20221116,14:58:07,169.45,4600,542350
20221116,14:58:08,169.95,4150,542350
20221116,14:58:09,169.85,1850,542350
20221116,14:58:11,169.70,750,542350
20221116,14:58:11,169.95,150,542350
20221116,14:58:12,168.75,700,542350
20221116,14:58:13,169.00,450,542350
20221116,14:58:15,168.30,1600,542350
20221116,14:58:15,168.75,100,542350
20221116,14:58:16,167.90,1350,542350
20221116,14:58:17,167.50,800,542350
20221116,14:58:18,166.20,2150,542350
20221116,14:58:20,166.00,2700,542350
20221116,14:58:20,166.55,50,542350
20221116,14:58:21,166.10,1200,542350
20221116,14:58:22,166.35,600,542350
20221116,14:58:23,166.40,2550,542350
20221116,14:58:24,165.60,800,542350
20221116,14:58:26,166.10,2200,542350
20221116,14:58:27,166.45,2600,542350
20221116,14:58:28,166.70,950,542350
20221116,14:58:28,166.40,300,542350
20221116,14:58:29,166.40,650,542350
20221116,14:58:30,165.50,750,542350
20221116,14:58:31,165.50,450,542350
20221116,14:58:32,165.70,50,542350
20221116,14:58:33,165.60,800,542350
20221116,14:58:35,165.00,3100,542350
20221116,14:58:36,165.70,300,542350
20221116,14:58:37,164.90,150,542350
20221116,14:58:39,164.55,350,542350
20221116,14:58:40,165.00,100,542350
20221116,14:58:41,163.80,350,542350
20221116,14:58:42,164.55,350,542350
20221116,14:58:42,163.80,50,542350
20221116,14:58:43,164.10,700,542350
20221116,14:58:44,165.50,1150,542350
20221116,14:58:46,164.50,1000,542350
20221116,14:58:47,164.40,650,542350
20221116,14:58:48,163.50,400,542350
20221116,14:58:50,163.20,500,542350
20221116,14:58:51,163.90,4600,542350
20221116,14:58:52,164.20,6450,542350
20221116,14:58:52,164.40,200,542350
20221116,14:58:53,163.30,250,542350
20221116,14:58:54,163.00,100,542350
20221116,14:58:55,163.20,1250,542350
20221116,14:58:56,163.20,2700,542350
20221116,14:58:58,163.20,200,542350
20221116,14:58:59,163.10,350,542350
20221116,14:59:00,163.00,2700,542350
20221116,14:59:00,162.50,50,542350
20221116,14:59:01,162.25,1300,542350
20221116,14:59:02,162.00,550,542350
20221116,14:59:03,161.00,2000,542350
20221116,14:59:05,161.00,500,542350
20221116,14:59:06,161.60,600,542350
20221116,14:59:06,162.05,250,542350
20221116,14:59:07,162.10,700,542350
20221116,14:59:08,162.60,650,542350
20221116,14:59:10,162.60,100,542350
20221116,14:59:11,161.95,300,542350
20221116,14:59:12,162.40,200,542350
20221116,14:59:12,162.30,150,542350
20221116,14:59:13,162.25,200,542350
20221116,14:59:14,162.75,10400,542350
20221116,14:59:15,164.15,5950,542350
20221116,14:59:16,163.80,5450,542350
20221116,14:59:18,163.90,400,542350
20221116,14:59:18,163.40,200,542350
20221116,14:59:19,163.10,200,542350
20221116,14:59:20,164.20,3500,542350
20221116,14:59:22,165.40,1000,542350
20221116,14:59:23,165.80,850,542350
20221116,14:59:24,165.80,1800,542350
20221116,14:59:24,166.65,500,542350
20221116,14:59:25,166.60,100,542350
20221116,14:59:26,167.30,850,542350
20221116,14:59:27,167.15,150,542350
20221116,14:59:28,167.55,800,542350
20221116,14:59:30,168.50,2000,542350
20221116,14:59:31,168.00,300,542350
20221116,14:59:32,168.70,300,542350
20221116,14:59:32,168.85,200,542350
20221116,14:59:33,168.85,2400,542350
20221116,14:59:35,169.40,600,542350
20221116,14:59:36,169.90,2000,542350
20221116,14:59:37,170.05,5500,542350
20221116,14:59:37,170.45,650,542350
20221116,14:59:38,170.95,2350,542350
20221116,14:59:39,170.45,2050,542350
20221116,14:59:41,170.70,1450,542350
20221116,14:59:42,170.00,2350,542350
20221116,14:59:43,169.90,850,542350
20221116,14:59:43,169.15,1000,542350
20221116,14:59:45,168.75,700,542350
20221116,14:59:46,168.60,1650,542350
20221116,14:59:47,170.00,1500,542350
20221116,14:59:48,170.40,50,542350
20221116,14:59:49,170.65,900,542350
20221116,14:59:49,170.70,50,542350
20221116,14:59:50,169.55,500,542350
20221116,14:59:51,169.40,100,542350
20221116,14:59:52,169.25,350,542350
20221116,14:59:53,170.80,300,542350
20221116,14:59:54,170.10,400,542350
20221116,14:59:55,170.00,1950,542350
20221116,14:59:57,170.70,300,542350
20221116,14:59:58,169.05,2900,542350
20221116,14:59:59,169.00,1700,542350
20221116,15:00:00,169.55,600,542350
20221116,15:00:00,168.45,150,542350
20221116,15:00:01,168.75,2700,542350
20221116,15:00:02,170.00,2800,542350
20221116,15:00:03,171.00,1650,542350
20221116,15:00:05,172.55,7700,542350
20221116,15:00:06,171.25,1600,542350
20221116,15:00:07,170.80,800,542350
20221116,15:00:08,169.50,5350,542350
20221116,15:00:08,169.00,500,542350
20221116,15:00:09,169.80,1000,542350
20221116,15:00:10,167.35,7200,542350
20221116,15:00:11,166.40,2800,542350
20221116,15:00:12,167.25,4500,542350
20221116,15:00:14,167.10,1900,542350
20221116,15:00:15,168.00,500,542350
20221116,15:00:16,168.35,500,542350
20221116,15:00:16,168.65,300,542350
20221116,15:00:17,167.50,1250,542350
20221116,15:00:18,167.60,350,542350
20221116,15:00:20,167.90,1100,542350
20221116,15:00:21,167.05,1950,542350
20221116,15:00:22,168.65,1600,542350
20221116,15:00:22,169.05,100,542350
20221116,15:00:23,170.30,1600,542350
20221116,15:00:24,169.80,1100,542350
20221116,15:00:25,170.00,250,542350
20221116,15:00:27,170.10,450,542350
20221116,15:00:28,169.30,400,542350
20221116,15:00:29,168.70,1600,542350
20221116,15:00:29,168.75,200,542350
20221116,15:00:30,168.80,50,542350
20221116,15:00:31,168.20,750,542350
20221116,15:00:33,168.05,600,542350
20221116,15:00:34,169.50,1600,542350
20221116,15:00:34,170.40,3700,542350
20221116,15:00:35,170.00,19300,542350
20221116,15:00:36,170.50,4450,527400
20221116,15:00:37,168.85,450,527400
20221116,15:00:39,167.70,950,527400
20221116,15:00:40,168.75,200,527400
20221116,15:00:40,169.30,200,527400
20221116,15:00:41,168.90,1050,527400
20221116,15:00:42,168.40,50,527400
20221116,15:00:43,168.65,350,527400
20221116,15:00:44,169.00,350,527400
20221116,15:00:46,170.20,600,527400
20221116,15:00:47,169.00,2450,527400
20221116,15:00:47,168.55,600,527400
20221116,15:00:48,169.00,100,527400
20221116,15:00:49,169.40,100,527400
20221116,15:00:51,168.70,100,527400
20221116,15:00:52,170.00,150,527400
20221116,15:00:53,171.85,2650,527400
20221116,15:00:54,172.05,1600,527400
20221116,15:00:56,174.15,4000,527400
20221116,15:00:57,173.30,1950,527400
20221116,15:00:58,173.30,850,527400
20221116,15:00:59,172.40,1900,527400
20221116,15:01:00,172.05,1200,527400
20221116,15:01:01,173.00,4450,527400
20221116,15:01:02,172.90,900,527400
20221116,15:01:03,173.30,1900,527400
20221116,15:01:04,173.35,1150,527400
20221116,15:01:05,175.50,11800,527400
20221116,15:01:07,176.25,2600,527400
20221116,15:01:08,177.45,3700,527400
20221116,15:01:09,177.30,2150,527400
20221116,15:01:10,176.25,4350,527400
20221116,15:01:11,177.40,2150,527400
20221116,15:01:12,177.75,900,527400
20221116,15:01:13,177.55,650,527400
20221116,15:01:14,177.10,800,527400
20221116,15:01:15,176.00,2850,527400
20221116,15:01:16,175.60,850,527400
20221116,15:01:17,177.00,1700,527400
20221116,15:01:17,176.95,350,527400
20221116,15:01:18,176.10,2000,527400
20221116,15:01:20,176.55,2750,527400
20221116,15:01:21,175.65,1350,527400
20221116,15:01:22,175.85,2800,527400
20221116,15:01:22,175.70,900,527400
20221116,15:01:23,177.20,1150,527400
20221116,15:01:25,177.70,1600,527400
20221116,15:01:26,177.65,1800,527400
20221116,15:01:27,178.80,6500,527400
20221116,15:01:28,179.10,2600,527400
20221116,15:01:29,178.35,4950,527400
20221116,15:01:30,178.90,4050,527400
20221116,15:01:30,178.00,750,527400
20221116,15:01:31,178.35,3350,527400
20221116,15:01:32,177.60,3800,527400
20221116,15:01:34,176.90,1000,527400
20221116,15:01:35,176.85,1400,527400
20221116,15:01:36,177.00,1850,527400
20221116,15:01:37,176.50,2250,527400
20221116,15:01:38,176.40,400,527400
20221116,15:01:39,175.75,1200,527400
20221116,15:01:40,175.00,7600,527400
20221116,15:01:41,174.65,450,527400
20221116,15:01:42,174.90,350,527400
20221116,15:01:43,175.60,1000,527400
20221116,15:01:44,174.70,3550,527400
20221116,15:01:45,175.30,1050,527400
20221116,15:01:46,176.00,3000,527400
20221116,15:01:47,175.30,2650,527400
20221116,15:01:48,175.00,1150,527400
20221116,15:01:49,175.30,650,527400
20221116,15:01:50,174.00,4250,527400
20221116,15:01:51,174.55,50,527400
20221116,15:01:52,175.05,1100,527400
20221116,15:01:54,175.30,100,527400
20221116,15:01:55,175.75,3000,527400
20221116,15:01:56,175.75,150,527400
20221116,15:01:57,174.85,950,527400
20221116,15:01:58,175.90,900,527400
20221116,15:01:59,175.60,100,527400
20221116,15:01:59,175.00,200,527400
20221116,15:02:00,174.70,3550,527400
20221116,15:02:01,173.95,1000,527400
20221116,15:02:02,173.65,300,527400
20221116,15:02:03,173.30,550,527400
20221116,15:02:05,174.95,3650,527400
20221116,15:02:06,174.35,1200,527400
20221116,15:02:07,173.90,250,527400
20221116,15:02:08,174.65,450,527400
20221116,15:02:08,173.70,100,527400
20221116,15:02:09,174.20,100,527400
20221116,15:02:11,174.75,800,527400
20221116,15:02:12,174.30,2350,527400
20221116,15:02:13,176.00,950,527400
20221116,15:02:14,173.75,450,527400
20221116,15:02:15,174.20,150,527400
20221116,15:02:16,174.65,50,527400
20221116,15:02:18,173.40,150,527400
20221116,15:02:19,174.45,1000,527400
20221116,15:02:20,174.35,1250,527400
20221116,15:02:21,174.20,950,527400
20221116,15:02:21,174.35,50,527400
20221116,15:02:22,174.20,1800,527400
20221116,15:02:23,174.20,2300,527400
20221116,15:02:25,174.30,850,527400
20221116,15:02:26,175.00,400,527400
20221116,15:02:27,175.50,150,527400
20221116,15:02:28,177.00,600,527400
20221116,15:02:29,176.80,450,527400
20221116,15:02:30,177.35,300,527400
20221116,15:02:32,176.30,1650,527400
20221116,15:02:33,176.85,2150,527400
20221116,15:02:34,176.70,2300,527400
20221116,15:02:35,175.95,2150,527400
20221116,15:02:36,177.00,1300,527400
20221116,15:02:37,175.85,400,527400
20221116,15:02:39,175.85,50,527400
20221116,15:02:40,175.70,250,527400
20221116,15:02:41,175.70,450,527400
20221116,15:02:42,175.30,1800,527400
20221116,15:02:43,175.10,650,527400
20221116,15:02:44,176.00,250,527400
20221116,15:02:45,176.20,500,527400
20221116,15:02:46,177.00,1650,527400
20221116,15:02:47,177.45,1700,527400
20221116,15:02:48,177.40,700,527400
20221116,15:02:49,177.65,50,527400
20221116,15:02:50,177.70,700,527400
20221116,15:02:51,177.90,500,527400
20221116,15:02:52,177.00,350,527400
20221116,15:02:53,177.10,700,527400
20221116,15:02:54,176.80,50,527400
20221116,15:02:54,176.60,100,527400
20221116,15:02:55,176.95,100,527400
20221116,15:02:56,177.15,1500,527400
20221116,15:02:57,176.30,200,527400
20221116,15:02:59,177.30,350,527400
20221116,15:03:00,175.35,1500,527400
20221116,15:03:01,176.25,700,527400
20221116,15:03:02,177.05,350,527400
20221116,15:03:03,175.65,1400,527400
20221116,15:03:05,175.00,950,527400
20221116,15:03:06,175.65,2300,527400
20221116,15:03:07,175.50,2500,527400
20221116,15:03:08,175.10,50,527400
20221116,15:03:09,175.90,50,527400
20221116,15:03:10,175.50,50,527400
20221116,15:03:11,175.35,100,527400
20221116,15:03:12,176.00,350,527400
20221116,15:03:13,176.35,200,527400
20221116,15:03:15,177.30,800,527400
20221116,15:03:16,177.40,600,527400
20221116,15:03:17,177.15,350,527400
20221116,15:03:18,176.20,200,527400
20221116,15:03:19,177.25,200,527400
20221116,15:03:20,176.85,300,527400
20221116,15:03:22,176.15,50,527400
20221116,15:03:23,177.65,950,527400
20221116,15:03:24,177.00,50,527400
20221116,15:03:25,176.00,450,527400
20221116,15:03:26,176.00,50,527400
20221116,15:03:27,176.10,100,527400
20221116,15:03:28,177.00,200,527400
20221116,15:03:29,176.80,150,527400
20221116,15:03:30,176.35,1900,527400
20221116,15:03:31,177.00,250,527400
20221116,15:03:32,177.30,450,527400
20221116,15:03:33,177.20,250,527400
20221116,15:03:34,177.35,450,527400
20221116,15:03:35,177.75,1950,527400
20221116,15:03:36,177.90,100,527400
20221116,15:03:37,177.15,550,527400
20221116,15:03:38,176.80,50,506350
20221116,15:03:39,176.00,1900,506350
20221116,15:03:41,175.00,1750,506350
20221116,15:03:42,175.55,400,506350
20221116,15:03:43,175.40,400,506350
20221116,15:03:44,175.65,150,506350
20221116,15:03:48,175.50,250,506350
20221116,15:03:49,175.00,50,506350
20221116,15:03:50,175.10,250,506350
20221116,15:03:51,175.20,350,506350
20221116,15:03:52,175.40,900,506350
20221116,15:03:53,175.00,50,506350
20221116,15:03:54,175.10,250,506350
20221116,15:03:55,175.10,100,506350
20221116,15:03:56,175.10,350,506350
20221116,15:03:57,175.00,100,506350
20221116,15:03:58,175.00,200,506350
20221116,15:03:59,174.70,600,506350
20221116,15:04:00,174.85,900,506350
20221116,15:04:01,174.60,200,506350
20221116,15:04:02,174.60,750,506350
20221116,15:04:03,173.95,1850,506350
20221116,15:04:04,173.80,1250,506350
20221116,15:04:06,173.00,400,506350
20221116,15:04:07,172.95,4200,506350
20221116,15:04:08,173.60,1550,506350
20221116,15:04:09,173.35,1350,506350
20221116,15:04:10,173.50,200,506350
20221116,15:04:11,173.15,50,506350
20221116,15:04:12,174.35,450,506350
20221116,15:04:13,173.90,200,506350
20221116,15:04:15,174.35,650,506350
20221116,15:04:16,174.10,1700,506350
20221116,15:04:17,173.90,350,506350
20221116,15:04:18,175.10,450,506350
20221116,15:04:19,175.50,400,506350
20221116,15:04:21,176.25,1050,506350
20221116,15:04:22,176.10,100,506350
20221116,15:04:23,176.15,450,506350
20221116,15:04:24,175.10,1200,506350
20221116,15:04:25,174.30,1500,506350
20221116,15:04:26,173.95,300,506350
20221116,15:04:27,175.10,1150,506350
20221116,15:04:28,175.00,100,506350
20221116,15:04:29,174.55,100,506350
20221116,15:04:30,173.70,50,506350
20221116,15:04:31,173.10,1400,506350
20221116,15:04:32,173.45,150,506350
20221116,15:04:33,173.50,250,506350
20221116,15:04:34,174.50,50,506350
20221116,15:04:36,174.20,50,506350
20221116,15:04:37,173.25,400,506350
20221116,15:04:39,173.00,1300,506350
20221116,15:04:40,172.90,50,506350
20221116,15:04:41,172.90,100,506350
20221116,15:04:42,173.45,200,506350
20221116,15:04:43,173.10,50,506350
20221116,15:04:45,173.30,50,506350
20221116,15:04:46,172.90,500,506350
20221116,15:04:47,172.55,250,506350
20221116,15:04:48,172.20,200,506350
20221116,15:04:49,171.55,1850,506350
20221116,15:04:50,170.95,1050,506350
20221116,15:04:51,170.00,6300,506350
20221116,15:04:52,169.95,2050,506350
20221116,15:04:53,168.80,750,506350
20221116,15:04:54,169.15,300,506350
20221116,15:04:55,169.10,3300,506350
20221116,15:04:56,168.80,500,506350
20221116,15:04:57,168.70,2650,506350
20221116,15:04:58,169.00,800,506350
20221116,15:04:59,168.60,2200,506350
20221116,15:05:00,167.95,4650,506350
20221116,15:05:01,168.10,50,506350
20221116,15:05:02,168.70,950,506350
20221116,15:05:03,168.55,3850,506350
20221116,15:05:04,169.10,500,506350
20221116,15:05:05,168.70,1050,506350
20221116,15:05:07,170.05,1750,506350
20221116,15:05:08,169.10,100,506350
20221116,15:05:09,168.05,50,506350
20221116,15:05:10,168.20,1050,506350
20221116,15:05:11,167.95,50,506350
20221116,15:05:12,166.55,1400,506350
20221116,15:05:13,166.70,550,506350
20221116,15:05:14,165.15,1500,506350
20221116,15:05:15,164.95,2150,506350
20221116,15:05:16,164.50,1150,506350
20221116,15:05:17,163.70,1300,506350
20221116,15:05:18,163.15,4200,506350
20221116,15:05:19,163.55,1650,506350
20221116,15:05:20,163.10,750,506350
20221116,15:05:21,163.15,2450,506350
20221116,15:05:22,162.55,600,506350
20221116,15:05:23,163.15,1850,506350
20221116,15:05:24,163.10,50,506350
20221116,15:05:25,164.00,450,506350
20221116,15:05:26,165.00,850,506350
20221116,15:05:27,165.75,350,506350
20221116,15:05:28,164.90,250,506350
20221116,15:05:29,164.15,150,506350
20221116,15:05:30,164.55,100,506350
20221116,15:05:32,164.15,850,506350
20221116,15:05:33,165.75,1150,506350
20221116,15:05:34,165.00,250,506350
20221116,15:05:35,167.05,1150,506350
20221116,15:05:36,167.35,150,506350
20221116,15:05:37,167.35,700,506350
20221116,15:05:38,167.70,550,506350
20221116,15:05:39,168.00,350,506350
20221116,15:05:40,169.30,550,506350
20221116,15:05:41,168.90,500,506350
20221116,15:05:42,168.20,500,506350
20221116,15:05:43,169.05,300,506350
20221116,15:05:45,168.95,300,506350
20221116,15:05:46,169.20,250,506350
20221116,15:05:48,170.40,750,506350
20221116,15:05:50,170.45,100,506350
20221116,15:05:51,170.55,100,506350
20221116,15:05:52,170.75,300,506350
20221116,15:05:53,170.55,50,506350
20221116,15:05:54,170.40,400,506350
20221116,15:05:56,169.95,850,506350
20221116,15:05:57,169.85,100,506350
20221116,15:05:58,167.55,450,506350
20221116,15:06:00,167.50,50,506350
20221116,15:06:01,166.80,500,506350
20221116,15:06:02,167.05,1700,506350
20221116,15:06:03,167.80,50,506350
20221116,15:06:04,166.60,150,506350
20221116,15:06:05,166.60,50,506350
20221116,15:06:06,166.30,900,506350
20221116,15:06:08,165.50,1350,506350
20221116,15:06:09,166.45,150,506350
20221116,15:06:10,165.00,200,506350
20221116,15:06:11,165.20,2500,506350
20221116,15:06:12,165.80,250,506350
20221116,15:06:14,165.50,500,506350
20221116,15:06:15,166.75,250,506350
20221116,15:06:16,167.05,50,506350
20221116,15:06:17,166.55,1150,506350
20221116,15:06:19,165.90,950,506350
20221116,15:06:21,167.75,550,506350
20221116,15:06:22,166.75,250,506350
20221116,15:06:23,168.00,1800,506350
20221116,15:06:24,167.90,550,506350
20221116,15:06:25,167.95,50,506350
20221116,15:06:26,167.75,1300,506350
20221116,15:06:29,169.35,5350,506350
20221116,15:06:30,170.25,850,506350
20221116,15:06:31,170.40,150,506350
20221116,15:06:32,170.15,450,506350
20221116,15:06:33,171.00,350,506350
20221116,15:06:34,171.60,500,506350
20221116,15:06:35,171.90,50,506350
20221116,15:06:36,172.25,2700,506350
20221116,15:06:37,171.60,100,506350
20221116,15:06:38,170.55,500,506350
20221116,15:06:39,170.70,450,479500
20221116,15:06:40,170.40,100,479500
20221116,15:06:43,172.00,450,479500
20221116,15:06:44,172.20,150,479500
20221116,15:06:45,172.70,2100,479500
20221116,15:06:46,172.00,350,479500
20221116,15:06:47,173.25,350,479500
20221116,15:06:49,173.25,550,479500
20221116,15:06:50,175.00,850,479500
20221116,15:06:51,175.40,950,479500
20221116,15:06:52,176.45,2750,479500
20221116,15:06:53,177.00,500,479500
20221116,15:06:54,177.20,1100,479500
20221116,15:06:55,177.50,600,479500
20221116,15:06:56,177.35,250,479500
20221116,15:06:57,178.00,1850,479500
20221116,15:06:58,178.50,150,479500
20221116,15:06:59,178.65,1400,479500
20221116,15:07:00,178.40,700,479500
20221116,15:07:01,177.80,1450,479500
20221116,15:07:02,179.05,5650,479500
20221116,15:07:03,180.00,5250,479500
20221116,15:07:04,181.90,8000,479500
20221116,15:07:05,181.35,9850,479500
20221116,15:07:06,181.40,13900,479500
20221116,15:07:07,181.30,1500,479500
20221116,15:07:08,180.50,2000,479500
20221116,15:07:09,180.50,900,479500
20221116,15:07:10,181.20,350,479500
20221116,15:07:11,180.85,2700,479500
20221116,15:07:13,181.40,3550,479500
20221116,15:07:13,181.30,1150,479500
20221116,15:07:15,182.10,400,479500
20221116,15:07:16,182.25,1300,479500
20221116,15:07:17,182.60,450,479500
20221116,15:07:18,182.25,900,479500
20221116,15:07:19,180.85,1600,479500
20221116,15:07:20,181.65,1800,479500
20221116,15:07:21,180.10,2100,479500
20221116,15:07:22,180.40,2600,479500
20221116,15:07:23,179.40,1950,479500
20221116,15:07:24,179.70,300,479500
20221116,15:07:25,180.15,550,479500
20221116,15:07:26,180.45,800,479500
20221116,15:07:27,179.65,1300,479500
20221116,15:07:28,180.10,350,479500
20221116,15:07:29,180.70,50,479500
20221116,15:07:30,181.00,50,479500
20221116,15:07:31,179.75,1100,479500
20221116,15:07:32,181.40,150,479500
20221116,15:07:33,180.50,1550,479500
20221116,15:07:34,180.85,2800,479500
20221116,15:07:35,180.85,1650,479500
20221116,15:07:36,180.60,50,479500
20221116,15:07:37,179.65,150,479500
20221116,15:07:38,178.75,250,479500
20221116,15:07:39,179.10,200,479500
20221116,15:07:41,178.85,1750,479500
20221116,15:07:41,179.60,250,479500
20221116,15:07:42,178.75,400,479500
20221116,15:07:43,180.65,100,479500
20221116,15:07:45,180.20,150,479500
20221116,15:07:47,179.25,100,479500
20221116,15:07:48,179.20,200,479500
20221116,15:07:53,179.40,500,479500
20221116,15:07:53,179.40,300,479500
20221116,15:07:56,179.20,50,479500
20221116,15:07:58,179.35,2250,479500
20221116,15:07:59,178.85,150,479500
20221116,15:08:00,179.45,150,479500
20221116,15:08:02,179.85,100,479500
20221116,15:08:03,179.25,250,479500
20221116,15:08:04,179.35,1700,479500
20221116,15:08:05,179.90,50,479500
20221116,15:08:06,179.75,100,479500
20221116,15:08:07,178.45,750,479500
20221116,15:08:08,179.20,150,479500
20221116,15:08:10,178.95,50,479500
20221116,15:08:12,179.00,250,479500
20221116,15:08:13,179.05,100,479500
20221116,15:08:14,178.95,100,479500
20221116,15:08:15,177.30,1650,479500
20221116,15:08:16,177.70,700,479500
20221116,15:08:17,177.50,150,479500
20221116,15:08:19,176.65,400,479500
20221116,15:08:19,175.55,1550,479500
20221116,15:08:20,176.25,1800,479500
20221116,15:08:21,175.70,200,479500
20221116,15:08:22,175.55,5500,479500
20221116,15:08:24,176.35,50,479500
20221116,15:08:24,176.20,150,479500
20221116,15:08:25,175.85,800,479500
20221116,15:08:26,176.15,50,479500
20221116,15:08:28,176.95,300,479500
20221116,15:08:29,176.50,450,479500
20221116,15:08:31,176.25,250,479500
20221116,15:08:31,177.05,50,479500
20221116,15:08:32,177.30,2100,479500
20221116,15:08:33,177.70,150,479500
20221116,15:08:34,177.50,250,479500
20221116,15:08:35,177.55,100,479500
20221116,15:08:37,176.50,100,479500
20221116,15:08:37,176.60,50,479500
20221116,15:08:38,176.25,500,479500
20221116,15:08:39,175.80,2800,479500
20221116,15:08:40,175.70,2200,479500
20221116,15:08:42,175.75,1200,479500
20221116,15:08:44,175.90,200,479500
20221116,15:08:45,176.45,500,479500
20221116,15:08:46,176.60,150,479500
20221116,15:08:47,177.45,500,479500
20221116,15:08:48,178.60,600,479500
20221116,15:08:51,179.00,950,479500
20221116,15:08:52,179.35,550,479500
20221116,15:08:53,179.50,250,479500
20221116,15:08:54,179.20,1350,479500
20221116,15:08:55,179.85,50,479500
20221116,15:08:56,179.25,100,479500
20221116,15:08:57,178.15,350,479500
20221116,15:08:59,177.95,500,479500
20221116,15:08:59,177.85,50,479500
20221116,15:09:00,177.15,1950,479500
20221116,15:09:02,177.70,700,479500
20221116,15:09:04,178.45,900,479500
20221116,15:09:05,178.45,450,479500
20221116,15:09:06,178.15,150,479500
20221116,15:09:07,179.15,400,479500
20221116,15:09:08,179.10,800,479500
20221116,15:09:09,178.55,550,479500
20221116,15:09:11,179.20,2300,479500
20221116,15:09:12,179.25,150,479500
20221116,15:09:13,179.20,50,479500
20221116,15:09:14,179.95,100,479500
20221116,15:09:16,180.00,400,479500
20221116,15:09:17,179.65,800,479500
20221116,15:09:18,179.80,200,479500
20221116,15:09:19,178.25,500,479500
20221116,15:09:21,178.75,50,479500
20221116,15:09:22,179.30,1000,479500
20221116,15:09:23,179.50,150,479500
20221116,15:09:24,180.00,450,479500
20221116,15:09:25,178.25,150,479500
20221116,15:09:27,178.00,300,479500
20221116,15:09:28,178.80,650,479500
20221116,15:09:29,178.35,1100,479500
20221116,15:09:30,178.35,400,479500
20221116,15:09:33,179.30,200,479500
20221116,15:09:33,179.90,450,479500
20221116,15:09:34,179.30,50,479500
20221116,15:09:35,179.80,600,479500
20221116,15:09:36,178.90,50,479500
20221116,15:09:38,178.05,300,459850
20221116,15:09:41,178.40,50,459850
20221116,15:09:42,178.60,200,459850
20221116,15:09:43,178.15,50,459850
20221116,15:09:44,178.55,50,459850
20221116,15:09:45,177.95,1050,459850
20221116,15:09:46,177.90,1500,459850
20221116,15:09:49,177.10,350,459850
20221116,15:09:53,178.60,50,459850
20221116,15:09:55,179.20,100,459850
20221116,15:09:57,180.00,1500,459850
20221116,15:09:58,179.40,100,459850
20221116,15:09:59,178.75,100,459850
20221116,15:10:01,179.45,350,459850
20221116,15:10:01,180.15,300,459850
20221116,15:10:03,179.55,550,459850
20221116,15:10:04,178.40,50,459850
20221116,15:10:05,179.40,50,459850
20221116,15:10:06,179.65,50,459850
20221116,15:10:07,179.55,50,459850
20221116,15:10:10,179.55,100,459850
20221116,15:10:11,180.30,7750,459850
20221116,15:10:11,179.80,250,459850
20221116,15:10:12,180.50,250,459850
20221116,15:10:13,180.35,150,459850
20221116,15:10:14,181.05,3800,459850
20221116,15:10:16,182.00,150,459850
20221116,15:10:18,181.70,750,459850
20221116,15:10:18,181.00,300,459850
20221116,15:10:19,180.75,250,459850
20221116,15:10:22,180.75,2100,459850
20221116,15:10:23,179.80,900,459850
20221116,15:10:23,179.30,200,459850
20221116,15:10:25,180.95,3500,459850
20221116,15:10:25,179.90,150,459850
20221116,15:10:27,180.35,1850,459850
20221116,15:10:28,180.10,350,459850
20221116,15:10:29,179.70,100,459850
20221116,15:10:30,180.00,2050,459850
20221116,15:10:31,179.85,50,459850
20221116,15:10:32,180.15,100,459850
20221116,15:10:33,179.60,550,459850
20221116,15:10:34,179.55,1900,459850
20221116,15:10:36,180.45,250,459850
20221116,15:10:37,179.90,850,459850
20221116,15:10:40,179.45,1900,459850
20221116,15:10:41,178.30,1850,459850
20221116,15:10:42,178.20,350,459850
20221116,15:10:44,178.90,700,459850
20221116,15:10:45,179.20,300,459850
20221116,15:10:48,179.70,200,459850
20221116,15:10:50,180.00,200,459850
20221116,15:10:52,180.45,350,459850
20221116,15:10:52,180.65,200,459850
20221116,15:10:53,181.00,1300,459850
20221116,15:10:54,181.70,1200,459850
20221116,15:10:55,181.45,400,459850
20221116,15:10:56,181.65,800,459850
20221116,15:10:58,182.00,800,459850
20221116,15:10:59,182.40,350,459850
20221116,15:10:59,182.65,1200,459850
20221116,15:11:01,184.25,4400,459850
20221116,15:11:02,184.55,1400,459850
20221116,15:11:03,185.00,3350,459850
20221116,15:11:04,183.40,3350,459850
20221116,15:11:05,182.50,50,459850
20221116,15:11:06,181.35,4000,459850
20221116,15:11:07,181.65,3050,459850
20221116,15:11:07,181.90,200,459850
20221116,15:11:09,181.25,400,459850
20221116,15:11:10,179.85,1450,459850
20221116,15:11:11,180.60,500,459850
20221116,15:11:12,179.25,250,459850
20221116,15:11:13,179.80,100,459850
20221116,15:11:14,179.00,150,459850
20221116,15:11:15,179.45,750,459850
20221116,15:11:18,178.50,850,459850
20221116,15:11:19,179.20,1950,459850
20221116,15:11:19,177.85,100,459850
20221116,15:11:20,178.25,1350,459850
20221116,15:11:21,177.00,500,459850
20221116,15:11:22,177.10,650,459850
20221116,15:11:23,177.10,2350,459850
20221116,15:11:24,177.20,1250,459850
20221116,15:11:25,176.70,2400,459850
20221116,15:11:26,176.20,1750,459850
20221116,15:11:30,177.40,50,459850
20221116,15:11:31,177.90,200,459850
20221116,15:11:32,178.15,150,459850
20221116,15:11:34,178.10,550,459850
20221116,15:11:35,177.65,450,459850
20221116,15:11:37,178.00,600,459850
20221116,15:11:37,178.15,100,459850
20221116,15:11:39,177.25,550,459850
20221116,15:11:42,177.95,100,459850
20221116,15:11:43,178.10,100,459850
20221116,15:11:44,178.40,50,459850
20221116,15:11:44,178.30,100,459850
20221116,15:11:45,178.40,1800,459850
20221116,15:11:47,177.50,250,459850
20221116,15:11:48,177.60,100,459850
20221116,15:11:49,177.50,100,459850
20221116,15:11:50,177.30,2350,459850
20221116,15:11:51,177.70,500,459850
20221116,15:11:52,178.35,100,459850
20221116,15:11:54,177.40,200,459850
20221116,15:11:55,177.60,500,459850
20221116,15:11:56,177.45,600,459850
20221116,15:11:56,177.60,200,459850
20221116,15:11:57,177.00,250,459850
20221116,15:11:58,177.00,50,459850
20221116,15:12:00,175.75,1250,459850
20221116,15:12:01,176.00,1750,459850
20221116,15:12:02,175.45,150,459850
20221116,15:12:02,175.25,5450,459850
20221116,15:12:04,174.05,250,459850
20221116,15:12:04,174.45,150,459850
20221116,15:12:06,172.85,700,459850
20221116,15:12:08,172.35,100,459850
20221116,15:12:09,172.00,2150,459850
20221116,15:12:10,172.20,350,459850
20221116,15:12:11,173.55,1100,459850
20221116,15:12:13,174.75,850,459850
20221116,15:12:14,175.10,1200,459850
20221116,15:12:15,175.95,300,459850
20221116,15:12:17,175.55,1050,459850
20221116,15:12:18,175.40,1800,459850
20221116,15:12:19,176.10,1250,459850
20221116,15:12:20,177.05,1750,459850
20221116,15:12:21,177.20,50,459850
20221116,15:12:22,177.35,550,459850
20221116,15:12:22,177.60,1800,459850
20221116,15:12:25,178.35,100,459850
20221116,15:12:28,179.75,600,459850
20221116,15:12:31,180.00,450,459850
20221116,15:12:32,179.75,150,459850
20221116,15:12:33,179.85,650,459850
20221116,15:12:34,180.40,200,459850
20221116,15:12:36,180.40,600,459850
20221116,15:12:37,180.25,50,459850
20221116,15:12:38,181.70,1350,459850
20221116,15:12:39,181.25,150,438400
20221116,15:12:40,182.10,1550,438400
20221116,15:12:40,182.00,50,438400
20221116,15:12:42,181.70,4150,438400
20221116,15:12:43,180.50,950,438400
20221116,15:12:45,180.40,50,438400
20221116,15:12:46,181.00,50,438400
20221116,15:12:48,181.60,50,438400
20221116,15:12:48,181.35,400,438400
20221116,15:12:50,181.85,750,438400
20221116,15:12:51,181.05,1200,438400
20221116,15:12:51,180.40,50,438400
20221116,15:12:53,180.20,200,438400
20221116,15:12:54,180.40,350,438400
20221116,15:12:55,180.90,100,438400
20221116,15:12:56,180.05,350,438400
20221116,15:12:57,179.75,100,438400
20221116,15:12:58,179.95,1850,438400
20221116,15:13:00,178.25,350,438400
20221116,15:13:01,178.75,450,438400
20221116,15:13:01,178.70,50,438400
20221116,15:13:02,178.90,550,438400
20221116,15:13:03,178.85,650,438400
20221116,15:13:09,176.30,250,438400
20221116,15:13:10,176.65,550,438400
20221116,15:13:12,175.80,100,438400
20221116,15:13:13,177.05,100,438400
20221116,15:13:14,176.75,500,438400
20221116,15:13:17,176.30,200,438400
20221116,15:13:18,176.70,300,438400
20221116,15:13:19,177.90,700,438400
20221116,15:13:20,177.55,100,438400
20221116,15:13:23,176.60,400,438400
20221116,15:13:25,176.55,150,438400
20221116,15:13:26,177.05,1100,438400
20221116,15:13:28,176.40,2100,438400
20221116,15:13:30,176.00,150,438400
20221116,15:13:31,175.30,100,438400
20221116,15:13:32,176.00,550,438400
20221116,15:13:32,176.35,1750,438400
20221116,15:13:34,177.75,250,438400
20221116,15:13:36,177.55,2750,438400
20221116,15:13:37,179.00,200,438400
20221116,15:13:42,177.90,200,438400
20221116,15:13:43,178.00,100,438400
20221116,15:13:45,179.00,150,438400
20221116,15:13:47,177.20,400,438400
20221116,15:13:48,177.05,350,438400
20221116,15:13:50,177.30,1150,438400
20221116,15:13:51,177.00,2500,438400
20221116,15:13:53,178.00,50,438400
20221116,15:13:56,178.00,150,438400
20221116,15:13:56,177.60,250,438400
20221116,15:13:57,177.60,150,438400
20221116,15:13:59,177.80,200,438400
20221116,15:14:00,177.40,100,438400
20221116,15:14:01,177.35,400,438400
20221116,15:14:02,176.60,500,438400
20221116,15:14:03,177.00,50,438400
20221116,15:14:04,177.15,50,438400
20221116,15:14:05,176.85,2850,438400
20221116,15:14:07,176.20,3250,438400
20221116,15:14:08,176.15,50,438400
20221116,15:14:09,176.65,350,438400
20221116,15:14:10,176.20,50,438400
20221116,15:14:10,175.90,50,438400
20221116,15:14:12,175.30,400,438400
20221116,15:14:13,174.80,4700,438400
20221116,15:14:15,175.75,250,438400
20221116,15:14:16,174.95,400,438400
20221116,15:14:17,174.80,450,438400
20221116,15:14:18,174.65,350,438400
20221116,15:14:19,174.35,150,438400
20221116,15:14:22,174.80,600,438400
20221116,15:14:23,174.95,250,438400
20221116,15:14:24,175.55,50,438400
20221116,15:14:25,175.70,650,438400
20221116,15:14:26,176.65,5450,438400
20221116,15:14:30,177.25,400,438400
20221116,15:14:31,177.00,200,438400
20221116,15:14:32,177.40,300,438400
20221116,15:14:33,177.40,1500,438400
20221116,15:14:39,175.00,200,438400
20221116,15:14:42,173.75,300,438400
20221116,15:14:44,174.00,2100,438400
20221116,15:14:45,174.00,50,438400
20221116,15:14:48,174.55,200,438400
20221116,15:14:51,174.65,300,438400
20221116,15:14:52,174.00,150,438400
20221116,15:14:53,174.10,50,438400
20221116,15:14:54,174.55,100,438400
20221116,15:14:55,174.30,300,438400
20221116,15:14:56,174.30,250,438400
20221116,15:14:57,174.40,50,438400
20221116,15:14:58,175.30,150,438400
20221116,15:14:59,175.20,300,438400
20221116,15:15:00,175.75,1850,438400
20221116,15:15:01,176.50,2050,438400
20221116,15:15:02,176.70,2050,438400
20221116,15:15:03,176.15,400,438400
20221116,15:15:05,176.75,800,438400
20221116,15:15:06,177.00,400,438400
20221116,15:15:08,177.50,100,438400
20221116,15:15:09,177.50,50,438400
20221116,15:15:10,177.05,150,438400
20221116,15:15:12,177.95,1800,438400
20221116,15:15:13,178.20,700,438400
20221116,15:15:14,178.40,450,438400
20221116,15:15:15,177.80,100,438400
20221116,15:15:16,177.80,50,438400
20221116,15:15:17,176.75,50,438400
20221116,15:15:18,176.60,100,438400
20221116,15:15:19,177.10,300,438400
20221116,15:15:22,177.10,50,438400
20221116,15:15:25,176.90,50,438400
20221116,15:15:28,177.40,50,438400
20221116,15:15:31,178.40,450,438400
20221116,15:15:32,179.40,700,438400
20221116,15:15:33,179.75,1100,438400
20221116,15:15:35,179.30,1650,438400
20221116,15:15:36,179.00,950,438400
20221116,15:15:37,177.40,400,438400
20221116,15:15:38,177.00,950,438400
20221116,15:15:39,176.95,200,438400
20221116,15:15:40,177.00,1800,438400
20221116,15:15:42,176.60,1550,426050
20221116,15:15:45,176.35,100,426050
20221116,15:15:46,176.80,50,426050
20221116,15:15:47,177.10,1850,426050
20221116,15:15:51,176.55,50,426050
20221116,15:15:54,176.00,700,426050
20221116,15:15:56,175.40,50,426050
20221116,15:15:58,176.40,600,426050
20221116,15:15:59,176.70,800,426050
20221116,15:16:00,175.70,50,426050
20221116,15:16:01,175.00,250,426050
20221116,15:16:02,175.15,450,426050
20221116,15:16:03,174.65,50,426050
20221116,15:16:04,173.60,700,426050
20221116,15:16:05,172.70,200,426050
20221116,15:16:06,170.70,2300,426050
20221116,15:16:07,170.70,1200,426050
20221116,15:16:08,170.70,150,426050
20221116,15:16:09,170.00,1700,426050
20221116,15:16:10,170.00,3900,426050
20221116,15:16:11,169.75,400,426050
20221116,15:16:12,169.45,100,426050
20221116,15:16:13,169.00,2500,426050
20221116,15:16:14,169.55,1000,426050
20221116,15:16:15,168.60,300,426050
20221116,15:16:16,169.05,200,426050
20221116,15:16:17,170.10,200,426050
20221116,15:16:18,170.10,100,426050
20221116,15:16:19,169.35,50,426050
20221116,15:16:20,169.60,2350,426050
20221116,15:16:22,171.45,500,426050
20221116,15:16:23,171.50,1800,426050
20221116,15:16:24,171.40,3600,426050
20221116,15:16:25,171.50,1800,426050
20221116,15:16:26,170.30,5500,426050
20221116,15:16:27,169.20,1050,426050
20221116,15:16:28,168.00,3850,426050
20221116,15:16:29,168.15,50,426050
20221116,15:16:30,167.60,500,426050
20221116,15:16:31,167.85,2550,426050
20221116,15:16:32,168.70,450,426050
20221116,15:16:33,169.10,150,426050
20221116,15:16:34,168.70,50,426050
20221116,15:16:35,168.35,1850,426050
20221116,15:16:36,168.95,100,426050
20221116,15:16:37,168.90,400,426050
20221116,15:16:38,169.00,450,426050
20221116,15:16:40,169.70,300,426050
20221116,15:16:40,168.95,300,426050
20221116,15:16:41,170.25,150,426050
20221116,15:16:42,170.00,350,426050
20221116,15:16:43,170.15,2100,426050
20221116,15:16:44,169.50,50,426050
20221116,15:16:45,169.10,500,426050
20221116,15:16:46,167.45,450,426050
20221116,15:16:47,168.75,100,426050
20221116,15:16:49,167.35,400,426050
20221116,15:16:50,166.40,3800,426050
20221116,15:16:51,165.80,1100,426050
20221116,15:16:52,166.05,2250,426050
20221116,15:16:53,166.70,700,426050
20221116,15:16:54,166.35,100,426050
20221116,15:16:55,166.55,900,426050
20221116,15:16:56,167.10,800,426050
20221116,15:16:57,167.65,150,426050
20221116,15:16:59,166.25,50,426050
20221116,15:17:00,166.20,1250,426050
20221116,15:17:01,166.75,200,426050
20221116,15:17:02,166.45,400,426050
20221116,15:17:03,166.30,1800,426050
20221116,15:17:04,166.35,50,426050
20221116,15:17:05,166.45,2050,426050
20221116,15:17:06,166.00,100,426050
20221116,15:17:07,165.95,450,426050
20221116,15:17:09,165.00,1950,426050
20221116,15:17:12,165.00,600,426050
20221116,15:17:14,164.20,550,426050
20221116,15:17:15,164.10,50,426050
20221116,15:17:16,163.80,250,426050
20221116,15:17:17,163.00,1500,426050
20221116,15:17:18,162.55,700,426050
20221116,15:17:19,162.50,50,426050
20221116,15:17:20,162.65,300,426050
20221116,15:17:21,162.40,600,426050
20221116,15:17:22,162.05,1850,426050
20221116,15:17:23,162.25,250,426050
20221116,15:17:25,162.55,50,426050
20221116,15:17:26,164.00,350,426050
20221116,15:17:28,165.25,550,426050
20221116,15:17:29,165.00,300,426050
20221116,15:17:30,164.10,50,426050
20221116,15:17:32,163.05,100,426050
20221116,15:17:33,163.85,200,426050
20221116,15:17:34,164.40,50,426050
20221116,15:17:36,166.15,150,426050
20221116,15:17:38,166.00,50,426050
20221116,15:17:40,166.20,100,426050
20221116,15:17:43,164.15,500,426050
20221116,15:17:45,164.80,350,426050
20221116,15:17:46,164.00,200,426050
20221116,15:17:49,164.90,100,426050
20221116,15:17:51,164.10,650,426050
20221116,15:17:54,162.70,450,426050
20221116,15:17:57,162.25,300,426050
20221116,15:17:58,162.50,650,426050
20221116,15:17:59,162.50,150,426050
20221116,15:18:00,163.05,300,426050
20221116,15:18:02,162.20,300,426050
20221116,15:18:04,162.60,150,426050
20221116,15:18:05,162.65,150,426050
20221116,15:18:07,161.60,3450,426050
20221116,15:18:08,160.70,600,426050
20221116,15:18:09,160.00,600,426050
20221116,15:18:10,159.60,350,426050
20221116,15:18:11,158.75,1200,426050
20221116,15:18:12,158.75,150,426050
20221116,15:18:13,159.10,600,426050
20221116,15:18:14,158.70,3600,426050
20221116,15:18:15,159.10,1650,426050
20221116,15:18:16,158.50,3600,426050
20221116,15:18:17,158.90,2200,426050
20221116,15:18:18,159.30,1700,426050
20221116,15:18:19,159.30,200,426050
20221116,15:18:20,160.00,2050,426050
20221116,15:18:21,160.15,1900,426050
20221116,15:18:22,161.20,50,426050
20221116,15:18:23,162.70,350,426050
20221116,15:18:24,162.25,900,426050
20221116,15:18:25,161.00,300,426050
20221116,15:18:26,160.35,1800,426050
20221116,15:18:27,161.20,200,426050
20221116,15:18:28,161.40,2150,426050
20221116,15:18:30,161.05,50,426050
20221116,15:18:31,161.45,400,426050
20221116,15:18:32,162.00,500,426050
20221116,15:18:34,162.45,50,426050
20221116,15:18:35,163.10,800,426050
20221116,15:18:36,162.60,350,426050
20221116,15:18:37,162.50,1450,426050
20221116,15:18:38,164.40,150,426050
20221116,15:18:39,164.35,100,426050
20221116,15:18:40,163.50,300,413350
20221116,15:18:42,163.35,100,413350
20221116,15:18:44,163.80,550,413350
20221116,15:18:45,164.45,50,413350
20221116,15:18:47,164.90,300,413350
20221116,15:18:50,164.20,300,413350
20221116,15:18:51,163.85,250,413350
20221116,15:18:52,164.15,50,413350
20221116,15:18:56,163.60,2400,413350
20221116,15:19:00,164.20,100,413350
20221116,15:19:01,164.35,900,413350
20221116,15:19:02,164.05,150,413350
20221116,15:19:04,164.20,250,413350
20221116,15:19:05,165.05,4200,413350
20221116,15:19:06,164.95,300,413350
20221116,15:19:07,165.10,2150,413350
20221116,15:19:09,164.35,150,413350
20221116,15:19:10,163.95,200,413350
20221116,15:19:11,163.90,50,413350
20221116,15:19:13,164.25,200,413350
20221116,15:19:13,164.20,50,413350
20221116,15:19:15,164.35,50,413350
20221116,15:19:17,164.30,100,413350
20221116,15:19:18,162.65,650,413350
20221116,15:19:20,162.55,1100,413350
20221116,15:19:21,162.00,150,413350
20221116,15:19:22,163.15,900,413350
20221116,15:19:24,164.05,100,413350
20221116,15:19:27,163.85,1800,413350
20221116,15:19:28,164.25,1300,413350
20221116,15:19:34,165.50,1050,413350
20221116,15:19:35,165.10,1000,413350
20221116,15:19:36,164.25,1550,413350
20221116,15:19:37,164.30,1050,413350
20221116,15:19:38,163.95,1550,413350
20221116,15:19:40,164.80,100,413350
20221116,15:19:44,166.00,100,413350
20221116,15:19:45,166.85,50,413350
20221116,15:19:47,166.75,100,413350
20221116,15:19:49,166.20,500,413350
20221116,15:19:50,166.25,50,413350
20221116,15:19:52,165.85,50,413350
20221116,15:19:53,166.80,50,413350
20221116,15:19:54,166.05,200,413350
20221116,15:19:55,166.05,50,413350
20221116,15:19:57,165.00,200,413350
20221116,15:19:58,165.50,100,413350
20221116,15:19:59,165.15,100,413350
20221116,15:20:02,164.80,200,413350
20221116,15:20:05,164.90,200,413350
20221116,15:20:06,164.10,2600,413350
20221116,15:20:07,163.40,50,413350
20221116,15:20:09,163.75,500,413350
20221116,15:20:10,163.50,50,413350
20221116,15:20:11,164.20,100,413350
20221116,15:20:13,164.30,100,413350
20221116,15:20:13,163.55,1500,413350
20221116,15:20:14,163.70,250,413350
20221116,15:20:15,163.45,150,413350
20221116,15:20:17,163.15,250,413350
20221116,15:20:18,162.50,50,413350
20221116,15:20:19,162.60,50,413350
20221116,15:20:20,163.60,350,413350
20221116,15:20:21,164.75,2400,413350
20221116,15:20:22,164.40,150,413350
20221116,15:20:26,163.55,200,413350
20221116,15:20:29,164.15,150,413350
20221116,15:20:32,163.35,50,413350
20221116,15:20:33,164.55,3300,413350
20221116,15:20:34,165.90,250,413350
20221116,15:20:35,165.10,50,413350
20221116,15:20:37,163.50,250,413350
20221116,15:20:38,163.10,700,413350
20221116,15:20:40,163.55,150,413350
20221116,15:20:41,164.00,1150,413350
20221116,15:20:42,164.30,50,413350
20221116,15:20:43,164.15,100,413350
20221116,15:20:44,164.75,250,413350
20221116,15:20:46,165.80,1850,413350
20221116,15:20:47,166.00,300,413350
20221116,15:20:48,166.25,1450,413350
20221116,15:20:49,166.25,2400,413350
20221116,15:20:51,162.60,2500,413350
20221116,15:20:51,162.65,100,413350
20221116,15:20:52,162.80,800,413350
20221116,15:20:53,163.00,100,413350
20221116,15:20:55,163.25,50,413350
20221116,15:20:58,163.15,150,413350
20221116,15:21:00,163.45,50,413350
20221116,15:21:01,163.10,700,413350
20221116,15:21:02,163.05,100,413350
20221116,15:21:04,163.10,150,413350
20221116,15:21:09,163.60,50,413350
20221116,15:21:12,163.80,200,413350
20221116,15:21:19,164.20,300,413350
20221116,15:21:19,164.50,850,413350
20221116,15:21:20,164.75,300,413350
20221116,15:21:23,164.80,50,413350
20221116,15:21:25,165.50,150,413350
20221116,15:21:27,165.30,300,413350
20221116,15:21:29,165.70,50,413350
20221116,15:21:30,165.75,50,413350
20221116,15:21:31,165.50,150,413350
20221116,15:21:31,164.90,250,413350
20221116,15:21:32,165.00,300,413350
20221116,15:21:34,164.85,100,413350
20221116,15:21:35,164.85,200,413350
20221116,15:21:38,165.70,300,413350
20221116,15:21:39,165.80,150,413350
20221116,15:21:39,166.00,150,413350
20221116,15:21:40,165.65,2900,413350
20221116,15:21:41,165.75,700,405050
20221116,15:21:42,165.35,50,405050
20221116,15:21:43,165.60,100,405050
20221116,15:21:45,165.05,950,405050
20221116,15:21:46,165.30,200,405050
20221116,15:21:47,165.30,150,405050
20221116,15:21:48,165.00,50,405050
20221116,15:21:50,165.75,100,405050
20221116,15:21:51,165.65,50,405050
20221116,15:21:52,166.00,2150,405050
20221116,15:21:54,167.00,100,405050
20221116,15:21:56,168.00,350,405050
20221116,15:21:57,167.20,100,405050
20221116,15:22:01,167.50,150,405050
20221116,15:22:02,167.60,50,405050
20221116,15:22:03,167.10,250,405050
20221116,15:22:06,167.60,50,405050
20221116,15:22:07,166.85,300,405050
20221116,15:22:08,167.55,100,405050
20221116,15:22:10,168.60,2050,405050
20221116,15:22:11,168.80,100,405050
20221116,15:22:12,169.40,1000,405050
20221116,15:22:12,169.40,200,405050
20221116,15:22:13,169.90,5550,405050
20221116,15:22:14,169.40,5400,405050
20221116,15:22:15,168.70,200,405050
20221116,15:22:17,168.20,50,405050
20221116,15:22:18,168.00,50,405050
20221116,15:22:20,169.40,200,405050
20221116,15:22:21,169.40,200,405050
20221116,15:22:22,169.65,100,405050
20221116,15:22:23,169.65,400,405050
20221116,15:22:24,169.95,1050,405050
20221116,15:22:25,169.70,50,405050
20221116,15:22:28,169.70,1400,405050
20221116,15:22:29,169.65,50,405050
20221116,15:22:30,169.70,550,405050
20221116,15:22:31,169.75,250,405050
20221116,15:22:33,169.20,2350,405050
20221116,15:22:34,169.40,100,405050
20221116,15:22:35,169.00,100,405050
20221116,15:22:35,169.10,500,405050
20221116,15:22:36,168.55,200,405050
20221116,15:22:37,169.25,800,405050
20221116,15:22:38,169.40,100,405050
20221116,15:22:41,169.40,50,405050
20221116,15:22:42,170.00,900,405050
20221116,15:22:44,170.00,850,405050
20221116,15:22:45,169.95,50,405050
20221116,15:22:46,170.40,100,405050
20221116,15:22:46,169.90,50,405050
20221116,15:22:47,169.70,300,405050
20221116,15:22:49,169.45,50,405050
20221116,15:22:50,169.45,150,405050
20221116,15:22:51,170.10,400,405050
20221116,15:22:52,170.00,1000,405050
20221116,15:22:54,170.60,1900,405050
20221116,15:22:55,171.05,250,405050
20221116,15:22:56,171.25,350,405050
20221116,15:22:57,171.45,200,405050
20221116,15:22:59,170.60,350,405050
20221116,15:23:02,170.80,200,405050
20221116,15:23:03,171.45,50,405050
20221116,15:23:04,171.60,300,405050
20221116,15:23:04,171.45,350,405050
20221116,15:23:05,172.05,800,405050
20221116,15:23:08,171.20,850,405050
20221116,15:23:09,171.15,1050,405050
20221116,15:23:09,171.15,50,405050
20221116,15:23:10,170.80,100,405050
20221116,15:23:11,170.40,1550,405050
20221116,15:23:13,170.00,2050,405050
20221116,15:23:14,170.30,1300,405050
20221116,15:23:15,169.95,100,405050
20221116,15:23:16,170.30,150,405050
20221116,15:23:17,169.95,300,405050
20221116,15:23:18,170.70,50,405050
20221116,15:23:19,171.00,550,405050
20221116,15:23:21,170.95,550,405050
20221116,15:23:23,171.60,50,405050
20221116,15:23:24,170.85,450,405050
20221116,15:23:25,170.75,100,405050
20221116,15:23:28,170.55,250,405050
20221116,15:23:28,170.35,50,405050
20221116,15:23:29,171.20,250,405050
20221116,15:23:30,171.35,50,405050
20221116,15:23:32,171.60,50,405050
20221116,15:23:33,172.40,950,405050
20221116,15:23:34,171.60,100,405050
20221116,15:23:35,171.05,500,405050
20221116,15:23:36,170.65,1600,405050
20221116,15:23:38,170.55,50,405050
20221116,15:23:39,171.60,1150,405050
20221116,15:23:39,171.70,700,405050
20221116,15:23:40,170.95,300,405050
20221116,15:23:41,170.45,200,405050
20221116,15:23:43,170.80,300,405050
20221116,15:23:44,170.90,50,405050
20221116,15:23:45,170.75,100,405050
20221116,15:23:46,170.00,750,405050
20221116,15:23:48,170.15,500,405050
20221116,15:23:49,169.65,1200,405050
20221116,15:23:50,169.00,200,405050
20221116,15:23:51,169.55,400,405050
20221116,15:23:52,169.05,100,405050
20221116,15:23:55,170.60,50,405050
20221116,15:23:58,169.85,250,405050
20221116,15:23:58,169.50,50,405050
20221116,15:23:59,169.50,150,405050
20221116,15:24:01,169.00,1900,405050
20221116,15:24:02,169.05,200,405050
20221116,15:24:03,169.95,50,405050
20221116,15:24:04,169.85,1400,405050
20221116,15:24:06,169.15,100,405050
20221116,15:24:08,168.70,550,405050
20221116,15:24:09,168.60,300,405050
20221116,15:24:10,168.75,50,405050
20221116,15:24:12,168.10,100,405050
20221116,15:24:13,168.15,900,405050
20221116,15:24:14,168.05,300,405050
20221116,15:24:15,168.45,1900,405050
20221116,15:24:16,168.50,1850,405050
20221116,15:24:18,168.75,1500,405050
20221116,15:24:19,168.60,50,405050
20221116,15:24:20,168.90,1000,405050
20221116,15:24:21,168.75,250,405050
20221116,15:24:21,168.85,50,405050
20221116,15:24:23,169.05,100,405050
20221116,15:24:24,169.05,1700,405050
20221116,15:24:27,169.35,1850,405050
20221116,15:24:31,169.30,50,405050
20221116,15:24:32,170.30,1800,405050
20221116,15:24:33,169.70,50,405050
20221116,15:24:34,169.25,250,405050
20221116,15:24:37,169.20,300,405050
20221116,15:24:38,169.40,350,405050
20221116,15:24:39,169.90,600,405050
20221116,15:24:40,169.25,2100,405050
20221116,15:24:41,169.35,150,405050
20221116,15:24:44,169.70,2100,399500
20221116,15:24:45,169.80,150,399500
20221116,15:24:46,169.50,2050,399500
20221116,15:24:48,169.65,250,399500
20221116,15:24:49,169.90,50,399500
20221116,15:24:50,169.90,1200,399500
20221116,15:24:51,169.80,50,399500
20221116,15:24:52,169.85,250,399500
20221116,15:24:53,169.95,1800,399500
20221116,15:24:55,169.70,100,399500
20221116,15:24:56,169.60,1200,399500
20221116,15:24:56,170.00,1800,399500
20221116,15:24:58,169.50,450,399500
20221116,15:24:59,169.95,2000,399500
20221116,15:25:00,168.90,1800,399500
20221116,15:25:01,169.15,2050,399500
20221116,15:25:02,169.15,50,399500
20221116,15:25:06,169.60,1950,399500
20221116,15:25:07,168.80,650,399500
20221116,15:25:09,169.40,1800,399500
20221116,15:25:10,168.70,200,399500
20221116,15:25:11,168.35,200,399500
20221116,15:25:12,168.60,2600,399500
20221116,15:25:13,169.50,4100,399500
20221116,15:25:14,168.85,150,399500
20221116,15:25:17,168.05,200,399500
20221116,15:25:18,168.50,50,399500
20221116,15:25:21,168.65,550,399500
20221116,15:25:22,168.35,150,399500
20221116,15:25:23,168.30,650,399500
20221116,15:25:25,168.10,150,399500
20221116,15:25:28,167.75,1800,399500
20221116,15:25:29,168.90,2500,399500
20221116,15:25:30,168.40,100,399500
20221116,15:25:31,168.50,250,399500
20221116,15:25:32,167.75,700,399500
20221116,15:25:33,168.15,100,399500
20221116,15:25:34,167.90,50,399500
20221116,15:25:35,167.90,200,399500
20221116,15:25:37,167.95,100,399500
20221116,15:25:38,168.20,2150,399500
20221116,15:25:39,168.30,400,399500
20221116,15:25:40,167.75,500,399500
20221116,15:25:41,168.40,100,399500
20221116,15:25:42,168.00,50,399500
20221116,15:25:43,168.00,2150,399500
20221116,15:25:44,168.45,1950,399500
20221116,15:25:45,168.60,3750,399500
20221116,15:25:46,168.35,50,399500
20221116,15:25:47,168.90,350,399500
20221116,15:25:48,168.90,600,399500
20221116,15:25:49,169.00,1800,399500
20221116,15:25:51,169.40,400,399500
20221116,15:25:52,168.85,1100,399500
20221116,15:25:54,169.05,50,399500
20221116,15:25:55,169.65,200,399500
20221116,15:25:56,169.80,500,399500
20221116,15:25:57,169.50,3050,399500
20221116,15:25:58,169.45,200,399500
20221116,15:25:59,169.65,1100,399500
20221116,15:26:01,169.35,300,399500
20221116,15:26:02,169.75,2100,399500
20221116,15:26:03,169.85,3600,399500
20221116,15:26:05,169.90,200,399500
20221116,15:26:07,169.65,1050,399500
20221116,15:26:09,170.00,150,399500
20221116,15:26:11,169.75,300,399500
20221116,15:26:12,169.70,2300,399500
20221116,15:26:13,169.85,1900,399500
20221116,15:26:14,169.70,1800,399500
20221116,15:26:16,170.30,950,399500
20221116,15:26:17,169.80,1850,399500
20221116,15:26:18,170.45,50,399500
20221116,15:26:19,170.25,2750,399500
20221116,15:26:20,170.50,450,399500
20221116,15:26:22,170.80,200,399500
20221116,15:26:23,170.35,50,399500
20221116,15:26:25,170.40,50,399500
20221116,15:26:28,170.80,350,399500
20221116,15:26:29,170.90,50,399500
20221116,15:26:30,171.10,3450,399500
20221116,15:26:31,171.40,50,399500
20221116,15:26:33,170.75,250,399500
20221116,15:26:34,170.55,400,399500
20221116,15:26:35,171.00,50,399500
20221116,15:26:36,171.00,400,399500
20221116,15:26:37,170.70,250,399500
20221116,15:26:38,170.55,250,399500
20221116,15:26:39,170.50,50,399500
20221116,15:26:40,170.70,200,399500
20221116,15:26:41,170.70,100,399500
20221116,15:26:43,170.25,100,399500
20221116,15:26:46,170.05,1700,399500
20221116,15:26:47,170.70,950,399500
20221116,15:26:48,170.85,2250,399500
20221116,15:26:49,170.35,450,399500
20221116,15:26:50,170.75,1250,399500
20221116,15:26:51,169.95,650,399500
20221116,15:26:52,169.90,50,399500
20221116,15:26:53,169.95,450,399500
20221116,15:26:55,169.55,1850,399500
20221116,15:26:56,169.55,850,399500
20221116,15:26:58,169.95,2350,399500
20221116,15:26:59,169.80,250,399500
20221116,15:27:00,169.45,1400,399500
20221116,15:27:02,169.70,100,399500
20221116,15:27:03,169.70,50,399500
20221116,15:27:04,170.05,4300,399500
20221116,15:27:05,170.05,500,399500
20221116,15:27:06,169.95,350,399500
20221116,15:27:08,169.90,50,399500
20221116,15:27:10,169.70,50,399500
20221116,15:27:13,169.75,200,399500
20221116,15:27:14,169.90,100,399500
20221116,15:27:15,170.05,100,399500
20221116,15:27:16,170.75,300,399500
20221116,15:27:17,170.30,150,399500
20221116,15:27:18,170.05,400,399500
20221116,15:27:19,170.50,450,399500
20221116,15:27:21,170.60,50,399500
20221116,15:27:22,170.05,100,399500
20221116,15:27:23,170.50,400,399500
20221116,15:27:24,170.15,300,399500
20221116,15:27:25,170.75,350,399500
20221116,15:27:26,170.20,500,399500
20221116,15:27:27,170.70,200,399500
20221116,15:27:28,170.65,50,399500
20221116,15:27:29,170.50,100,399500
20221116,15:27:30,170.50,650,399500
20221116,15:27:31,170.00,1950,399500
20221116,15:27:32,170.10,100,399500
20221116,15:27:34,170.40,550,399500
20221116,15:27:35,170.70,1400,399500
20221116,15:27:37,170.75,450,399500
20221116,15:27:38,170.75,650,399500
20221116,15:27:39,170.65,50,399500
20221116,15:27:40,171.05,450,399500
20221116,15:27:41,171.10,50,399500
20221116,15:27:42,171.20,250,399500
20221116,15:27:43,171.50,200,336550
20221116,15:27:44,171.35,650,336550
20221116,15:27:45,172.00,500,336550
20221116,15:27:46,172.05,450,336550
20221116,15:27:47,172.25,50,336550
20221116,15:27:49,172.40,250,336550
20221116,15:27:50,172.15,200,336550
20221116,15:27:51,172.80,600,336550
20221116,15:27:52,172.65,500,336550
20221116,15:27:54,171.95,600,336550
20221116,15:27:56,172.10,150,336550
20221116,15:27:57,171.85,750,336550
20221116,15:27:58,171.05,1850,336550
20221116,15:27:59,171.60,100,336550
20221116,15:28:00,170.00,1850,336550
20221116,15:28:01,169.55,1100,336550
20221116,15:28:02,169.65,700,336550
20221116,15:28:03,169.45,100,336550
20221116,15:28:04,168.70,1200,336550
20221116,15:28:07,168.25,450,336550
20221116,15:28:08,167.85,2100,336550
20221116,15:28:09,167.70,1950,336550
20221116,15:28:10,167.55,3250,336550
20221116,15:28:11,166.95,6000,336550
20221116,15:28:12,166.10,1950,336550
20221116,15:28:13,166.20,300,336550
20221116,15:28:14,165.30,550,336550
20221116,15:28:15,165.00,250,336550
20221116,15:28:16,164.20,1100,336550
20221116,15:28:17,164.00,800,336550
20221116,15:28:18,163.70,2100,336550
20221116,15:28:20,163.05,400,336550
20221116,15:28:21,162.60,500,336550
20221116,15:28:22,162.50,50,336550
20221116,15:28:23,162.05,700,336550
20221116,15:28:24,162.10,1700,336550
20221116,15:28:25,161.60,2350,336550
20221116,15:28:26,161.60,150,336550
20221116,15:28:27,161.35,500,336550
20221116,15:28:28,161.60,300,336550
20221116,15:28:29,161.85,150,336550
20221116,15:28:31,162.65,350,336550
20221116,15:28:32,163.00,150,336550
20221116,15:28:33,162.70,150,336550
20221116,15:28:34,163.15,100,336550
20221116,15:28:36,163.60,50,336550
20221116,15:28:37,163.90,550,336550
20221116,15:28:38,163.25,250,336550
20221116,15:28:40,163.75,350,336550
20221116,15:28:41,164.40,50,336550
20221116,15:28:42,165.00,100,336550
20221116,15:28:43,165.10,100,336550
20221116,15:28:45,165.85,100,336550
20221116,15:28:46,165.55,250,336550
20221116,15:28:47,166.10,500,336550
20221116,15:28:48,166.40,600,336550
20221116,15:28:49,166.40,350,336550
20221116,15:28:50,166.50,100,336550
20221116,15:28:51,166.80,100,336550
20221116,15:28:54,165.60,8250,336550
20221116,15:28:55,166.40,400,336550
20221116,15:28:56,166.60,150,336550
20221116,15:28:57,166.65,100,336550
20221116,15:29:01,166.25,900,336550
20221116,15:29:02,165.80,50,336550
20221116,15:29:03,165.60,100,336550
20221116,15:29:04,165.45,100,336550
20221116,15:29:06,165.50,250,336550
20221116,15:29:07,165.30,300,336550
20221116,15:29:09,165.00,50,336550
20221116,15:29:10,165.00,750,336550
20221116,15:29:11,163.85,350,336550
20221116,15:29:12,163.60,1800,336550
20221116,15:29:13,163.80,200,336550
20221116,15:29:14,163.75,450,336550
20221116,15:29:15,164.70,450,336550
20221116,15:29:16,165.20,5950,336550
20221116,15:29:17,164.75,300,336550
20221116,15:29:18,164.65,850,336550
20221116,15:29:19,164.30,350,336550
20221116,15:29:20,163.70,2000,336550
20221116,15:29:21,163.55,2000,336550
20221116,15:29:22,163.45,2900,336550
20221116,15:29:23,164.00,1400,336550
20221116,15:29:24,163.45,100,336550
20221116,15:29:25,163.60,250,336550
20221116,15:29:27,163.40,200,336550
20221116,15:29:29,163.00,950,336550
20221116,15:29:30,163.50,500,336550
20221116,15:29:31,163.00,200,336550
20221116,15:29:32,162.95,50,336550
20221116,15:29:33,162.85,150,336550
20221116,15:29:34,162.25,100,336550
20221116,15:29:35,162.55,50,336550
20221116,15:29:36,162.30,400,336550
20221116,15:29:37,162.25,50,336550
20221116,15:29:38,162.55,150,336550
20221116,15:29:39,162.15,250,336550
20221116,15:29:40,162.15,250,336550
20221116,15:29:41,161.85,300,336550
20221116,15:29:42,162.00,50,336550
20221116,15:29:43,162.15,550,336550
20221116,15:29:45,162.15,500,336550
20221116,15:29:46,162.70,300,336550
20221116,15:29:47,162.85,550,336550
20221116,15:29:49,162.80,100,336550
20221116,15:29:51,162.95,100,336550
20221116,15:29:52,163.00,300,336550
20221116,15:29:52,163.00,200,336550
20221116,15:29:53,163.10,550,336550
20221116,15:29:54,163.85,450,336550
20221116,15:29:55,163.95,100,336550
20221116,15:29:56,163.80,50,336550
20221116,15:29:57,162.05,150,336550
20221116,15:30:00,162.80,50,336550
