20221121,09:15:06,12.15,1,294500
20221121,09:15:06,12.15,150,294500
20221121,09:15:08,12.40,250,294500
20221121,09:15:11,12.40,800,294500
20221121,09:15:12,11.00,100,294500
20221121,09:15:21,11.00,850,294500
20221121,09:15:23,12.35,700,294500
20221121,09:15:27,12.05,150,294500
20221121,09:15:29,12.35,1150,294500
20221121,09:15:30,12.80,2900,294500
20221121,09:15:32,12.65,150,294500
20221121,09:15:33,12.40,400,294500
20221121,09:15:36,12.70,100,294500
20221121,09:15:38,12.70,350,294500
20221121,09:15:39,12.20,950,294500
20221121,09:15:41,12.40,150,294500
20221121,09:15:42,12.25,650,294500
20221121,09:15:44,12.35,700,294500
20221121,09:15:45,12.55,500,294500
20221121,09:15:46,12.55,400,294500
20221121,09:15:48,12.65,50,294500
20221121,09:15:49,12.65,250,294500
20221121,09:15:51,12.55,300,294500
20221121,09:15:55,12.65,600,294500
20221121,09:15:57,12.60,400,294500
20221121,09:16:00,12.65,300,294500
20221121,09:16:01,12.45,1500,294500
20221121,09:16:02,12.25,600,294500
20221121,09:16:04,12.20,200,294500
20221121,09:16:08,12.30,50,294500
20221121,09:16:09,12.25,250,294500
20221121,09:16:12,12.30,150,294500
20221121,09:16:13,12.30,1900,294500
20221121,09:16:15,12.25,50,294500
20221121,09:16:16,12.25,1050,294500
20221121,09:16:17,12.35,600,294500
20221121,09:16:21,12.55,250,294500
20221121,09:16:24,12.75,700,294500
20221121,09:16:28,12.60,700,294500
20221121,09:16:30,12.70,1500,294500
20221121,09:16:32,12.65,450,294500
20221121,09:16:33,12.65,400,294500
20221121,09:16:36,12.60,500,294500
20221121,09:16:37,12.70,150,294500
20221121,09:16:40,12.60,150,294500
20221121,09:16:44,12.60,100,294500
20221121,09:16:45,12.65,1850,294500
20221121,09:16:48,12.70,1000,294500
20221121,09:16:51,12.80,50,294500
20221121,09:16:53,12.75,50,294500
20221121,09:16:54,12.80,100,294500
20221121,09:16:57,13.00,50,294500
20221121,09:16:58,13.00,200,294500
20221121,09:17:01,13.20,300,294500
20221121,09:17:02,13.35,4150,294500
20221121,09:17:03,13.25,100,294500
20221121,09:17:05,13.40,1250,294500
20221121,09:17:06,13.50,500,294500
20221121,09:17:08,13.50,300,294500
20221121,09:17:11,13.70,1500,294500
20221121,09:17:12,13.65,1400,294500
20221121,09:17:14,13.60,300,294500
20221121,09:17:15,13.70,400,294500
20221121,09:17:18,13.65,1350,294500
20221121,09:17:20,13.65,100,294500
20221121,09:17:22,13.65,1350,294500
20221121,09:17:25,13.45,50,306150
20221121,09:17:26,13.55,50,306150
20221121,09:17:28,13.55,850,306150
20221121,09:17:29,13.55,200,306150
20221121,09:17:31,13.60,350,306150
20221121,09:17:32,13.50,200,306150
20221121,09:17:35,13.40,800,306150
20221121,09:17:41,13.40,400,306150
20221121,09:17:49,13.50,250,306150
20221121,09:17:50,13.50,750,306150
20221121,09:17:51,13.55,850,306150
20221121,09:17:53,13.60,200,306150
20221121,09:17:54,13.40,150,306150
20221121,09:17:59,13.45,50,306150
20221121,09:18:00,13.50,1150,306150
20221121,09:18:01,13.55,450,306150
20221121,09:18:03,13.45,400,306150
20221121,09:18:04,13.45,500,306150
20221121,09:18:07,13.15,50,306150
20221121,09:18:09,13.15,150,306150
20221121,09:18:10,13.15,50,306150
20221121,09:18:15,13.00,500,306150
20221121,09:18:19,13.05,100,306150
20221121,09:18:27,13.25,100,306150
20221121,09:18:29,13.15,550,306150
20221121,09:18:32,13.25,100,306150
20221121,09:18:36,13.45,100,306150
20221121,09:18:37,13.35,550,306150
20221121,09:18:42,13.45,100,306150
20221121,09:18:51,13.30,50,306150
20221121,09:18:56,13.10,2000,306150
20221121,09:19:04,13.00,150,306150
20221121,09:19:06,13.05,250,306150
20221121,09:19:07,13.05,50,306150
20221121,09:19:09,13.15,600,306150
20221121,09:19:16,12.95,200,306150
20221121,09:19:17,12.80,50,306150
20221121,09:19:39,12.95,100,306150
20221121,09:19:42,12.75,1250,306150
20221121,09:19:44,12.65,550,306150
20221121,09:19:47,12.80,100,306150
20221121,09:19:49,12.85,150,306150
20221121,09:19:50,12.80,100,306150
20221121,09:19:52,12.75,1000,306150
20221121,09:19:54,12.70,50,306150
20221121,09:19:59,12.70,50,306150
20221121,09:20:00,12.65,50,306150
20221121,09:20:02,12.65,500,306150
20221121,09:20:04,12.70,800,306150
20221121,09:20:05,12.70,200,306150
20221121,09:20:07,12.75,300,306150
20221121,09:20:14,12.45,1400,306150
20221121,09:20:15,12.25,150,306150
20221121,09:20:17,12.25,700,306150
20221121,09:20:24,12.10,300,310700
20221121,09:20:25,12.00,950,310700
20221121,09:20:27,12.00,250,310700
20221121,09:20:29,12.20,400,310700
20221121,09:20:32,12.45,600,310700
20221121,09:20:40,12.20,150,310700
20221121,09:20:42,12.20,50,310700
20221121,09:20:44,12.20,700,310700
20221121,09:20:45,12.30,50,310700
20221121,09:20:49,12.25,100,310700
20221121,09:20:50,12.00,50,310700
20221121,09:20:54,12.05,250,310700
20221121,09:21:07,12.15,100,310700
20221121,09:21:25,12.15,400,310700
20221121,09:21:27,12.15,100,310700
20221121,09:21:30,12.30,550,310700
20221121,09:21:35,12.50,550,310700
20221121,09:21:39,12.55,300,310700
20221121,09:21:40,12.50,50,310700
20221121,09:21:42,12.50,400,310700
20221121,09:21:44,12.30,300,310700
20221121,09:21:47,12.50,50,310700
20221121,09:21:49,12.55,200,310700
20221121,09:21:52,12.80,100,310700
20221121,09:21:54,12.85,100,310700
20221121,09:22:00,12.90,200,310700
20221121,09:22:04,13.00,550,310700
20221121,09:22:07,12.95,400,310700
20221121,09:22:10,12.95,100,310700
20221121,09:22:12,13.10,200,310700
20221121,09:22:13,13.05,100,310700
20221121,09:22:15,13.00,600,310700
20221121,09:22:17,12.95,500,310700
20221121,09:22:18,12.85,400,310700
20221121,09:22:25,13.05,100,310700
20221121,09:22:27,13.15,50,310700
20221121,09:22:28,13.15,150,310700
20221121,09:22:33,13.05,250,310700
20221121,09:22:35,13.05,50,310700
20221121,09:22:45,13.20,50,310700
20221121,09:22:47,13.30,100,310700
20221121,09:22:50,13.45,900,310700
20221121,09:22:52,13.40,500,310700
20221121,09:22:57,13.85,100,310700
20221121,09:22:59,13.95,400,310700
20221121,09:23:00,13.95,500,310700
20221121,09:23:02,13.80,50,310700
20221121,09:23:04,13.80,1150,310700
20221121,09:23:05,13.70,400,310700
20221121,09:23:10,13.60,250,310700
20221121,09:23:14,13.50,200,310700
20221121,09:23:15,13.50,500,310700
20221121,09:23:19,13.30,50,310700
20221121,09:23:27,13.55,150,306600
20221121,09:23:29,13.60,150,306600
20221121,09:23:30,13.50,50,306600
20221121,09:23:32,13.45,50,306600
20221121,09:23:33,13.50,300,306600
20221121,09:23:38,13.50,50,306600
20221121,09:23:42,13.45,1100,306600
20221121,09:23:43,13.60,50,306600
20221121,09:23:55,13.60,100,306600
20221121,09:23:57,13.70,350,306600
20221121,09:23:58,13.70,350,306600
20221121,09:24:00,13.70,50,306600
20221121,09:24:05,13.60,150,306600
20221121,09:24:07,13.65,300,306600
20221121,09:24:08,13.50,50,306600
20221121,09:24:12,13.55,50,306600
20221121,09:24:15,13.55,150,306600
20221121,09:24:20,13.70,150,306600
20221121,09:24:23,13.65,150,306600
20221121,09:24:28,13.60,1050,306600
20221121,09:24:38,13.65,50,306600
20221121,09:24:42,13.60,150,306600
20221121,09:24:43,13.55,200,306600
20221121,09:24:45,13.65,100,306600
20221121,09:24:47,13.65,1700,306600
20221121,09:24:48,13.55,350,306600
20221121,09:24:50,13.60,150,306600
20221121,09:24:52,13.60,50,306600
20221121,09:24:55,13.65,450,306600
20221121,09:24:57,13.60,150,306600
20221121,09:24:58,13.75,50,306600
20221121,09:25:00,13.65,150,306600
20221121,09:25:03,13.60,250,306600
20221121,09:25:10,13.65,350,306600
20221121,09:25:12,13.55,250,306600
20221121,09:25:13,13.40,150,306600
20221121,09:25:15,13.25,1150,306600
20221121,09:25:17,13.30,500,306600
20221121,09:25:20,13.45,100,306600
20221121,09:25:23,13.50,250,306600
20221121,09:25:25,13.55,150,306600
20221121,09:25:27,13.55,250,306600
20221121,09:25:28,13.50,1050,306600
20221121,09:25:30,13.40,300,306600
20221121,09:25:32,13.40,50,306600
20221121,09:25:33,13.35,50,306600
20221121,09:25:35,13.40,300,306600
20221121,09:25:37,13.40,200,306600
20221121,09:25:38,13.40,100,306600
20221121,09:25:42,13.40,100,306600
20221121,09:25:43,13.45,50,306600
20221121,09:25:45,13.45,1000,306600
20221121,09:25:48,13.45,150,306600
20221121,09:25:50,13.50,650,306600
20221121,09:25:52,13.55,200,306600
20221121,09:25:53,13.45,50,306600
20221121,09:26:02,13.50,300,306600
20221121,09:26:05,13.55,700,306600
20221121,09:26:08,13.60,100,306600
20221121,09:26:11,13.50,600,306600
20221121,09:26:13,13.45,2100,306600
20221121,09:26:16,13.45,100,306600
20221121,09:26:21,13.40,250,306600
20221121,09:26:25,13.35,200,304500
20221121,09:26:31,13.55,800,304500
20221121,09:26:35,13.35,850,304500
20221121,09:26:36,13.20,400,304500
20221121,09:26:41,13.45,2100,304500
20221121,09:26:43,13.30,1100,304500
20221121,09:26:46,13.25,200,304500
20221121,09:26:50,13.25,50,304500
20221121,09:26:53,13.15,1800,304500
20221121,09:27:00,13.20,900,304500
20221121,09:27:01,13.10,200,304500
20221121,09:27:03,13.20,750,304500
20221121,09:27:06,13.25,650,304500
20221121,09:27:11,13.25,50,304500
20221121,09:27:13,13.20,200,304500
20221121,09:27:15,13.25,100,304500
20221121,09:27:18,13.25,100,304500
20221121,09:27:26,13.40,150,304500
20221121,09:27:30,13.45,350,304500
20221121,09:27:36,13.40,200,304500
20221121,09:27:44,13.45,100,304500
20221121,09:27:48,13.30,1700,304500
20221121,09:27:54,13.35,200,304500
20221121,09:27:56,13.35,50,304500
20221121,09:27:57,13.35,100,304500
20221121,09:27:59,13.30,500,304500
20221121,09:28:01,13.35,200,304500
20221121,09:28:02,13.45,250,304500
20221121,09:28:06,13.45,100,304500
20221121,09:28:07,13.45,150,304500
20221121,09:28:11,13.30,300,304500
20221121,09:28:14,13.70,5450,304500
20221121,09:28:16,13.70,50,304500
20221121,09:28:17,13.85,800,304500
20221121,09:28:19,13.90,1000,304500
20221121,09:28:21,13.85,350,304500
20221121,09:28:22,13.80,350,304500
20221121,09:28:24,13.70,50,304500
20221121,09:28:26,13.70,150,304500
20221121,09:28:27,13.65,100,304500
20221121,09:28:31,13.75,500,304500
20221121,09:28:32,13.85,350,304500
20221121,09:28:34,13.75,300,304500
20221121,09:28:36,13.85,350,304500
20221121,09:28:37,13.80,400,304500
20221121,09:28:40,13.95,550,304500
20221121,09:28:44,13.95,250,304500
20221121,09:28:50,13.80,200,304500
20221121,09:28:52,13.70,1000,304500
20221121,09:28:55,13.75,50,304500
20221121,09:28:57,13.80,450,304500
20221121,09:28:59,13.90,250,304500
20221121,09:29:00,14.00,100,304500
20221121,09:29:02,14.00,250,304500
20221121,09:29:04,13.95,500,304500
20221121,09:29:05,14.00,100,304500
20221121,09:29:07,13.85,50,304500
20221121,09:29:09,13.85,50,304500
20221121,09:29:10,13.95,400,304500
20221121,09:29:12,13.95,850,304500
20221121,09:29:14,13.90,250,304500
20221121,09:29:15,14.00,1650,304500
20221121,09:29:17,14.05,350,304500
20221121,09:29:19,14.05,550,304500
20221121,09:29:20,14.35,600,304500
20221121,09:29:22,14.35,600,304500
20221121,09:29:24,14.15,150,304500
20221121,09:29:25,14.05,400,307400
20221121,09:29:27,14.05,150,307400
20221121,09:29:29,14.15,450,307400
20221121,09:29:32,14.10,1000,307400
20221121,09:29:37,13.80,50,307400
20221121,09:29:43,13.80,200,307400
20221121,09:29:45,13.85,350,307400
20221121,09:29:47,13.75,50,307400
20221121,09:29:50,13.85,150,307400
20221121,09:29:53,13.90,200,307400
20221121,09:29:55,13.95,50,307400
20221121,09:29:58,13.85,700,307400
20221121,09:30:01,13.80,50,307400
20221121,09:30:03,13.80,150,307400
20221121,09:30:05,13.60,850,307400
20221121,09:30:06,13.60,200,307400
20221121,09:30:10,13.55,1350,307400
20221121,09:30:13,13.35,250,307400
20221121,09:30:15,13.30,500,307400
20221121,09:30:16,13.40,250,307400
20221121,09:30:18,13.60,1600,307400
20221121,09:30:20,13.70,6050,307400
20221121,09:30:21,13.75,550,307400
20221121,09:30:23,13.80,2000,307400
20221121,09:30:25,13.80,1100,307400
20221121,09:30:26,13.80,300,307400
20221121,09:30:33,14.00,150,307400
20221121,09:30:34,14.05,400,307400
20221121,09:30:36,14.25,2300,307400
20221121,09:30:38,14.25,50,307400
20221121,09:30:39,14.40,950,307400
20221121,09:30:41,14.60,750,307400
20221121,09:30:43,14.60,950,307400
20221121,09:30:44,14.20,100,307400
20221121,09:30:46,14.10,700,307400
20221121,09:30:48,14.20,1300,307400
20221121,09:30:51,14.15,4500,307400
20221121,09:30:53,14.25,4200,307400
20221121,09:30:54,14.15,1450,307400
20221121,09:30:56,14.25,2600,307400
20221121,09:30:58,14.15,250,307400
20221121,09:30:59,14.20,350,307400
20221121,09:31:01,14.20,350,307400
20221121,09:31:03,14.40,400,307400
20221121,09:31:04,14.40,1500,307400
20221121,09:31:06,14.25,400,307400
20221121,09:31:09,14.25,500,307400
20221121,09:31:11,14.10,150,307400
20221121,09:31:16,14.00,50,307400
20221121,09:31:18,13.85,50,307400
20221121,09:31:21,13.80,800,307400
20221121,09:31:24,13.85,1100,307400
20221121,09:31:26,13.80,200,307400
20221121,09:31:31,13.85,100,307400
20221121,09:31:32,14.10,250,307400
20221121,09:31:34,14.20,450,307400
20221121,09:31:37,14.00,50,307400
20221121,09:31:43,13.85,500,307400
20221121,09:31:44,13.85,100,307400
20221121,09:31:48,13.90,500,307400
20221121,09:31:51,13.90,600,307400
20221121,09:31:59,14.00,300,307400
20221121,09:32:01,14.05,100,307400
20221121,09:32:04,14.05,500,307400
20221121,09:32:08,14.10,2250,307400
20221121,09:32:09,14.10,150,307400
20221121,09:32:11,14.10,100,307400
20221121,09:32:13,14.10,150,307400
20221121,09:32:16,14.20,1300,307400
20221121,09:32:21,14.10,100,307400
20221121,09:32:23,14.00,350,307400
20221121,09:32:26,14.00,400,327350
20221121,09:32:29,13.90,100,327350
20221121,09:32:31,13.95,1100,327350
20221121,09:32:33,13.80,50,327350
20221121,09:32:36,13.90,100,327350
20221121,09:32:38,13.90,400,327350
20221121,09:32:41,14.10,600,327350
20221121,09:32:43,14.05,150,327350
20221121,09:32:44,13.95,150,327350
20221121,09:32:51,13.90,150,327350
20221121,09:32:54,14.05,1550,327350
20221121,09:32:56,14.10,1900,327350
20221121,09:32:59,14.05,1550,327350
20221121,09:33:01,14.10,650,327350
20221121,09:33:04,14.00,950,327350
20221121,09:33:06,14.15,1200,327350
20221121,09:33:07,14.15,2850,327350
20221121,09:33:09,14.20,700,327350
20221121,09:33:11,14.10,350,327350
20221121,09:33:12,14.15,700,327350
20221121,09:33:14,14.15,950,327350
20221121,09:33:16,14.15,700,327350
20221121,09:33:17,14.15,350,327350
20221121,09:33:24,14.00,450,327350
20221121,09:33:25,14.10,300,327350
20221121,09:33:27,14.00,50,327350
20221121,09:33:29,14.10,300,327350
20221121,09:33:30,14.00,600,327350
20221121,09:33:32,14.10,650,327350
20221121,09:33:34,14.05,50,327350
20221121,09:33:35,14.00,300,327350
20221121,09:33:37,14.05,1250,327350
20221121,09:33:42,14.10,550,327350
20221121,09:33:44,14.15,50,327350
20221121,09:33:45,14.15,300,327350
20221121,09:33:47,14.20,200,327350
20221121,09:33:49,14.15,800,327350
20221121,09:33:50,14.20,200,327350
20221121,09:33:52,14.20,300,327350
20221121,09:33:54,14.10,50,327350
20221121,09:33:55,14.15,150,327350
20221121,09:33:57,14.25,1250,327350
20221121,09:33:59,14.35,750,327350
20221121,09:34:00,14.40,50,327350
20221121,09:34:02,14.50,1350,327350
20221121,09:34:04,14.60,450,327350
20221121,09:34:05,14.40,600,327350
20221121,09:34:07,14.35,550,327350
20221121,09:34:09,14.55,2000,327350
20221121,09:34:10,14.60,450,327350
20221121,09:34:12,14.45,300,327350
20221121,09:34:14,14.30,150,327350
20221121,09:34:19,14.35,100,327350
20221121,09:34:20,14.40,300,327350
20221121,09:34:25,14.45,100,327350
20221121,09:34:28,14.35,250,327350
20221121,09:34:30,14.45,300,327350
20221121,09:34:32,14.35,200,327350
20221121,09:34:37,14.45,200,327350
20221121,09:34:38,14.50,300,327350
20221121,09:34:40,14.50,200,327350
20221121,09:34:45,14.40,1100,327350
20221121,09:34:47,14.55,100,327350
20221121,09:34:50,14.40,50,327350
20221121,09:34:51,14.40,150,327350
20221121,09:35:14,14.15,400,327350
20221121,09:35:24,14.15,100,327350
20221121,09:35:29,14.15,50,336200
20221121,09:35:32,14.10,450,336200
20221121,09:35:37,14.10,400,336200
20221121,09:35:42,14.15,200,336200
20221121,09:35:43,14.20,200,336200
20221121,09:35:47,14.05,450,336200
20221121,09:35:51,14.10,50,336200
20221121,09:35:55,14.05,50,336200
20221121,09:35:56,14.10,500,336200
20221121,09:36:00,14.15,150,336200
20221121,09:36:04,13.95,500,336200
20221121,09:36:06,13.95,4200,336200
20221121,09:36:08,14.05,100,336200
20221121,09:36:09,14.00,150,336200
20221121,09:36:11,14.10,100,336200
20221121,09:36:13,14.10,100,336200
20221121,09:36:14,14.00,200,336200
20221121,09:36:16,14.05,150,336200
20221121,09:36:26,13.90,1500,336200
20221121,09:36:29,14.00,50,336200
20221121,09:36:34,14.00,50,336200
20221121,09:36:36,14.05,300,336200
20221121,09:36:39,14.20,700,336200
20221121,09:36:41,14.20,350,336200
20221121,09:36:51,14.20,400,336200
20221121,09:36:52,14.20,50,336200
20221121,09:36:54,14.20,200,336200
20221121,09:36:56,14.25,50,336200
20221121,09:36:57,14.30,350,336200
20221121,09:36:59,14.35,250,336200
20221121,09:37:01,14.50,1150,336200
20221121,09:37:06,14.60,250,336200
20221121,09:37:07,14.60,100,336200
20221121,09:37:09,14.70,300,336200
20221121,09:37:14,14.70,700,336200
20221121,09:37:16,14.60,150,336200
20221121,09:37:19,14.60,100,336200
20221121,09:37:21,14.60,200,336200
20221121,09:37:31,14.40,50,336200
20221121,09:37:34,14.45,50,336200
20221121,09:37:36,14.45,900,336200
20221121,09:37:39,14.55,1200,336200
20221121,09:37:41,14.60,250,336200
20221121,09:37:42,14.50,50,336200
20221121,09:37:47,14.45,50,336200
20221121,09:37:50,14.55,1750,336200
20221121,09:37:52,14.50,1200,336200
20221121,09:37:54,14.50,150,336200
20221121,09:37:57,14.40,500,336200
20221121,09:38:00,14.50,450,336200
20221121,09:38:02,14.55,50,336200
20221121,09:38:04,14.60,600,336200
20221121,09:38:05,14.55,100,336200
20221121,09:38:07,14.70,100,336200
20221121,09:38:09,14.65,50,336200
20221121,09:38:17,14.80,300,336200
20221121,09:38:19,14.70,100,336200
20221121,09:38:20,14.70,100,336200
20221121,09:38:22,14.50,200,336200
20221121,09:38:29,14.70,50,338100
20221121,09:38:35,14.60,50,338100
20221121,09:38:38,14.60,1000,338100
20221121,09:38:40,14.70,250,338100
20221121,09:38:45,14.60,300,338100
20221121,09:38:52,14.60,50,338100
20221121,09:38:57,14.75,50,338100
20221121,09:38:58,14.65,2050,338100
20221121,09:39:01,14.75,950,338100
20221121,09:39:05,14.90,400,338100
20221121,09:39:06,14.90,50,338100
20221121,09:39:08,14.80,200,338100
20221121,09:39:15,14.70,550,338100
20221121,09:39:16,14.80,350,338100
20221121,09:39:18,14.80,50,338100
20221121,09:39:23,14.80,200,338100
20221121,09:39:25,14.90,1350,338100
20221121,09:39:26,14.95,100,338100
20221121,09:39:30,14.95,50,338100
20221121,09:39:31,14.90,200,338100
20221121,09:39:33,14.90,250,338100
20221121,09:39:36,14.75,600,338100
20221121,09:39:40,14.70,1400,338100
20221121,09:39:41,14.65,650,338100
20221121,09:39:46,14.65,150,338100
20221121,09:39:50,14.60,600,338100
20221121,09:40:01,14.80,100,338100
20221121,09:40:09,14.90,200,338100
20221121,09:40:11,14.80,150,338100
20221121,09:40:14,14.85,200,338100
20221121,09:40:16,14.85,50,338100
20221121,09:40:18,14.90,50,338100
20221121,09:40:23,15.00,250,338100
20221121,09:40:30,15.00,1000,338100
20221121,09:40:33,14.95,50,338100
20221121,09:40:38,14.90,100,338100
20221121,09:40:40,14.95,400,338100
20221121,09:40:41,14.85,400,338100
20221121,09:40:43,14.80,500,338100
20221121,09:40:45,14.90,150,338100
20221121,09:40:48,14.95,1000,338100
20221121,09:40:58,14.95,350,338100
20221121,09:41:11,14.95,50,338100
20221121,09:41:24,14.80,550,338100
20221121,09:41:29,14.90,150,343600
20221121,09:41:33,14.85,200,343600
20221121,09:41:36,14.85,550,343600
20221121,09:41:41,14.90,250,343600
20221121,09:41:48,14.85,50,343600
20221121,09:41:49,14.90,200,343600
20221121,09:41:51,14.80,300,343600
20221121,09:41:53,14.75,50,343600
20221121,09:41:56,14.75,50,343600
20221121,09:42:03,14.95,1000,343600
20221121,09:42:06,15.00,50,343600
20221121,09:42:08,14.90,250,343600
20221121,09:42:12,14.80,1100,343600
20221121,09:42:24,14.95,400,343600
20221121,09:42:32,14.95,350,343600
20221121,09:42:38,15.00,400,343600
20221121,09:42:43,14.90,50,343600
20221121,09:43:01,15.00,100,343600
20221121,09:43:03,14.90,650,343600
20221121,09:43:04,14.90,350,343600
20221121,09:43:08,14.75,50,343600
20221121,09:43:18,14.60,50,343600
20221121,09:43:19,14.55,50,343600
20221121,09:43:21,14.70,2250,343600
20221121,09:43:24,14.60,150,343600
20221121,09:43:26,14.55,300,343600
20221121,09:43:29,14.50,100,343600
20221121,09:43:37,14.60,250,343600
20221121,09:43:39,14.50,100,343600
20221121,09:43:40,14.65,250,343600
20221121,09:43:42,14.60,1900,343600
20221121,09:43:49,14.65,1900,343600
20221121,09:43:50,14.70,2500,343600
20221121,09:43:52,14.70,200,343600
20221121,09:43:54,14.70,1350,343600
20221121,09:43:55,14.60,600,343600
20221121,09:43:58,14.65,2500,343600
20221121,09:44:00,14.65,300,343600
20221121,09:44:02,14.55,100,343600
20221121,09:44:03,14.60,350,343600
20221121,09:44:07,14.65,300,343600
20221121,09:44:10,14.65,300,343600
20221121,09:44:13,14.70,600,343600
20221121,09:44:18,14.55,100,343600
20221121,09:44:23,14.45,900,343600
20221121,09:44:26,14.55,500,354500
20221121,09:44:28,14.55,500,354500
20221121,09:44:30,14.55,400,354500
20221121,09:44:35,14.55,500,354500
20221121,09:44:36,14.55,500,354500
20221121,09:44:38,14.50,100,354500
20221121,09:44:41,14.45,100,354500
20221121,09:44:52,14.50,150,354500
20221121,09:44:55,14.55,1550,354500
20221121,09:44:57,14.65,1000,354500
20221121,09:44:58,14.55,200,354500
20221121,09:45:05,14.40,1800,354500
20221121,09:45:08,14.55,50,354500
20221121,09:45:12,14.40,50,354500
20221121,09:45:13,14.20,450,354500
20221121,09:45:15,14.10,300,354500
20221121,09:45:17,14.00,1000,354500
20221121,09:45:18,13.90,300,354500
20221121,09:45:20,13.90,50,354500
20221121,09:45:22,13.85,300,354500
20221121,09:45:23,13.95,200,354500
20221121,09:45:25,14.05,250,354500
20221121,09:45:30,14.00,150,354500
20221121,09:45:35,14.00,1300,354500
20221121,09:45:42,13.85,300,354500
20221121,09:45:55,13.70,1050,354500
20221121,09:45:57,13.60,600,354500
20221121,09:45:58,13.50,50,354500
20221121,09:46:05,13.45,300,354500
20221121,09:46:10,13.55,50,354500
20221121,09:46:18,13.55,300,354500
20221121,09:46:23,13.60,400,354500
20221121,09:46:27,13.60,150,354500
20221121,09:46:40,13.70,750,354500
20221121,09:46:42,13.75,50,354500
20221121,09:46:47,13.95,200,354500
20221121,09:46:50,13.95,100,354500
20221121,09:46:52,13.85,100,354500
20221121,09:46:57,13.85,100,354500
20221121,09:46:58,13.95,50,354500
20221121,09:47:00,13.90,100,354500
20221121,09:47:08,13.95,200,354500
20221121,09:47:15,13.90,50,354500
20221121,09:47:18,14.00,1550,354500
20221121,09:47:21,13.95,150,354500
20221121,09:47:25,14.10,50,354500
20221121,09:47:26,14.00,200,354500
20221121,09:47:31,14.00,200,356400
20221121,09:47:33,14.00,100,356400
20221121,09:47:35,14.05,300,356400
20221121,09:47:40,14.00,350,356400
20221121,09:47:45,13.95,50,356400
20221121,09:47:46,13.95,500,356400
20221121,09:47:50,13.90,200,356400
20221121,09:47:51,13.85,200,356400
20221121,09:47:54,13.95,250,356400
20221121,09:48:09,13.90,150,356400
20221121,09:48:11,14.00,1100,356400
20221121,09:48:13,14.00,50,356400
20221121,09:48:21,14.10,200,356400
20221121,09:48:24,14.15,50,356400
20221121,09:48:26,14.05,350,356400
20221121,09:48:27,14.00,350,356400
20221121,09:48:39,14.00,1000,356400
20221121,09:48:42,14.00,50,356400
20221121,09:48:50,14.05,550,356400
20221121,09:48:58,14.20,100,356400
20221121,09:49:05,13.90,50,356400
20221121,09:49:20,13.75,50,356400
20221121,09:49:25,13.85,50,356400
20221121,09:49:27,13.90,50,356400
20221121,09:49:30,13.85,150,356400
20221121,09:49:38,13.70,150,356400
20221121,09:49:42,13.80,50,356400
20221121,09:49:48,13.85,50,356400
20221121,09:49:52,13.75,500,356400
20221121,09:49:57,13.80,500,356400
20221121,09:50:02,13.65,250,356400
20221121,09:50:18,13.95,50,356400
20221121,09:50:20,13.90,50,356400
20221121,09:50:25,13.95,50,356400
20221121,09:50:26,13.90,50,356400
20221121,09:50:31,14.00,1500,358550
20221121,09:50:33,14.15,200,358550
20221121,09:50:35,14.10,250,358550
20221121,09:50:38,14.20,200,358550
20221121,09:50:46,14.30,250,358550
20221121,09:50:51,14.45,300,358550
20221121,09:50:54,14.40,50,358550
20221121,09:50:58,14.40,200,358550
20221121,09:50:59,14.40,400,358550
20221121,09:51:03,14.40,50,358550
20221121,09:51:13,14.50,650,358550
20221121,09:51:16,14.55,150,358550
20221121,09:51:38,14.65,300,358550
20221121,09:51:49,14.75,600,358550
20221121,09:51:51,14.70,150,358550
20221121,09:51:54,14.60,50,358550
20221121,09:52:02,14.80,3150,358550
20221121,09:52:07,14.80,50,358550
20221121,09:52:11,14.90,950,358550
20221121,09:52:12,14.90,250,358550
20221121,09:52:17,14.90,50,358550
20221121,09:52:30,14.90,50,358550
20221121,09:52:37,14.90,350,358550
20221121,09:52:38,14.95,900,358550
20221121,09:52:40,14.95,250,358550
20221121,09:52:53,15.00,50,358550
20221121,09:53:03,14.85,200,358550
20221121,09:53:05,14.85,50,358550
20221121,09:53:07,14.95,300,358550
20221121,09:53:10,14.85,1000,358550
20221121,09:53:33,14.60,50,361300
20221121,09:53:36,14.50,150,361300
20221121,09:53:38,14.55,50,361300
20221121,09:53:41,14.50,50,361300
20221121,09:53:46,14.50,100,361300
20221121,09:53:48,14.60,200,361300
20221121,09:54:00,14.60,200,361300
20221121,09:54:16,14.60,50,361300
20221121,09:54:41,14.10,50,361300
20221121,09:54:44,14.10,50,361300
20221121,09:54:46,14.05,250,361300
20221121,09:54:47,13.90,600,361300
20221121,09:54:49,13.90,100,361300
20221121,09:54:50,14.05,50,361300
20221121,09:54:55,13.90,100,361300
20221121,09:54:57,13.85,200,361300
20221121,09:54:59,13.85,50,361300
20221121,09:55:00,13.85,100,361300
20221121,09:55:02,13.85,100,361300
20221121,09:55:03,13.85,50,361300
20221121,09:55:05,13.80,100,361300
20221121,09:55:08,13.80,1000,361300
20221121,09:55:10,13.80,1150,361300
20221121,09:55:11,13.70,350,361300
20221121,09:55:13,13.60,100,361300
20221121,09:55:15,13.55,300,361300
20221121,09:55:16,13.55,150,361300
20221121,09:55:18,13.55,350,361300
20221121,09:55:20,13.55,200,361300
20221121,09:55:21,13.55,1000,361300
20221121,09:55:26,13.75,50,361300
20221121,09:55:28,13.70,1000,361300
20221121,09:55:31,13.75,50,361300
20221121,09:55:33,13.75,1000,361300
20221121,09:55:34,13.80,150,361300
20221121,09:55:36,13.85,1050,361300
20221121,09:55:38,13.85,50,361300
20221121,09:55:41,13.90,50,361300
20221121,09:55:43,13.95,50,361300
20221121,09:55:46,13.90,350,361300
20221121,09:55:48,13.95,50,361300
20221121,09:55:49,14.00,250,361300
20221121,09:56:04,13.80,1000,361300
20221121,09:56:08,13.80,50,361300
20221121,09:56:10,13.70,150,361300
20221121,09:56:12,13.70,1850,361300
20221121,09:56:13,13.60,400,361300
20221121,09:56:18,13.70,200,361300
20221121,09:56:20,13.70,500,361300
20221121,09:56:22,13.75,50,361300
20221121,09:56:23,13.65,50,361300
20221121,09:56:30,13.90,350,368550
20221121,09:56:45,13.85,1200,368550
20221121,09:56:48,14.05,800,368550
20221121,09:56:50,13.95,1500,368550
20221121,09:57:05,13.95,300,368550
20221121,09:57:06,13.95,50,368550
20221121,09:57:10,13.95,50,368550
20221121,09:57:16,13.85,200,368550
20221121,09:57:18,13.85,100,368550
20221121,09:57:20,13.90,950,368550
20221121,09:57:21,13.90,400,368550
20221121,09:57:23,13.85,200,368550
20221121,09:57:25,13.90,500,368550
20221121,09:57:29,14.00,150,368550
20221121,09:57:31,14.00,100,368550
20221121,09:57:36,13.90,50,368550
20221121,09:57:43,13.90,150,368550
20221121,09:57:55,14.05,300,368550
20221121,09:57:59,14.10,300,368550
20221121,09:58:01,14.10,200,368550
20221121,09:58:08,14.15,300,368550
20221121,09:58:17,14.00,200,368550
20221121,09:58:22,14.10,100,368550
20221121,09:58:33,14.10,50,368550
20221121,09:58:37,14.15,1100,368550
20221121,09:58:38,14.20,300,368550
20221121,09:58:51,14.15,50,368550
20221121,09:58:58,14.15,150,368550
20221121,09:59:01,14.05,200,368550
20221121,09:59:03,14.15,600,368550
20221121,09:59:04,14.10,400,368550
20221121,09:59:06,14.05,1000,368550
20221121,09:59:08,14.15,300,368550
20221121,09:59:11,14.15,100,368550
20221121,09:59:13,14.15,100,368550
20221121,09:59:14,14.20,350,368550
20221121,09:59:29,14.15,50,368550
20221121,09:59:31,14.10,600,370150
20221121,09:59:32,14.15,300,370150
20221121,09:59:37,14.20,100,370150
20221121,09:59:40,14.10,300,370150
20221121,09:59:42,14.10,150,370150
20221121,09:59:48,14.15,200,370150
20221121,09:59:50,14.15,50,370150
20221121,09:59:53,14.20,50,370150
20221121,09:59:55,14.20,200,370150
20221121,10:00:02,14.25,100,370150
20221121,10:00:14,14.30,250,370150
20221121,10:00:15,14.35,350,370150
20221121,10:00:19,14.30,250,370150
20221121,10:00:20,14.35,1000,370150
20221121,10:00:45,14.40,1000,370150
20221121,10:00:59,14.50,200,370150
20221121,10:01:02,14.40,150,370150
20221121,10:01:16,14.60,250,370150
20221121,10:01:44,14.50,50,370150
20221121,10:01:45,14.45,150,370150
20221121,10:01:47,14.60,50,370150
20221121,10:01:49,14.65,50,370150
20221121,10:01:58,14.70,600,370150
20221121,10:02:00,14.65,200,370150
20221121,10:02:03,14.65,100,370150
20221121,10:02:05,14.65,50,370150
20221121,10:02:07,14.65,50,370150
20221121,10:02:10,14.55,700,370150
20221121,10:02:36,14.55,200,370000
20221121,10:02:44,14.45,300,370000
20221121,10:02:45,14.40,350,370000
20221121,10:02:49,14.40,50,370000
20221121,10:02:50,14.40,500,370000
20221121,10:02:59,14.50,300,370000
20221121,10:03:01,14.50,50,370000
20221121,10:03:03,14.55,300,370000
20221121,10:03:04,14.40,200,370000
20221121,10:03:06,14.30,50,370000
20221121,10:03:07,14.30,50,370000
20221121,10:03:27,14.40,500,370000
20221121,10:03:36,14.40,200,370000
20221121,10:03:49,14.40,500,370000
20221121,10:04:04,14.30,50,370000
20221121,10:04:05,14.30,50,370000
20221121,10:04:07,14.35,350,370000
20221121,10:04:08,14.35,50,370000
20221121,10:04:10,14.20,250,370000
20221121,10:04:12,14.15,100,370000
20221121,10:04:15,14.25,150,370000
20221121,10:04:17,14.15,450,370000
20221121,10:04:18,14.10,150,370000
20221121,10:04:20,14.10,350,370000
20221121,10:04:21,14.00,200,370000
20221121,10:04:28,14.05,200,370000
20221121,10:04:29,14.05,200,370000
20221121,10:04:38,14.00,50,370000
20221121,10:04:40,14.15,350,370000
20221121,10:04:42,14.10,900,370000
20221121,10:04:57,14.40,450,370000
20221121,10:05:08,14.40,50,370000
20221121,10:05:32,14.50,100,374600
20221121,10:05:35,14.50,350,374600
20221121,10:05:43,14.60,300,374600
20221121,10:05:51,14.65,600,374600
20221121,10:06:08,14.85,300,374600
20221121,10:06:15,14.70,200,374600
20221121,10:06:18,14.85,500,374600
20221121,10:06:23,14.70,200,374600
20221121,10:06:31,14.80,300,374600
20221121,10:06:36,14.70,200,374600
20221121,10:06:40,14.80,1000,374600
20221121,10:06:41,14.75,200,374600
20221121,10:06:43,14.75,250,374600
20221121,10:06:48,14.70,200,374600
20221121,10:06:49,14.75,100,374600
20221121,10:06:51,14.65,100,374600
20221121,10:06:52,14.60,200,374600
20221121,10:06:54,14.55,200,374600
20221121,10:07:01,14.65,400,374600
20221121,10:07:14,14.60,350,374600
20221121,10:07:17,14.55,50,374600
20221121,10:07:18,14.55,200,374600
20221121,10:07:21,14.60,200,374600
20221121,10:07:35,14.65,350,374600
20221121,10:07:44,14.55,200,374600
20221121,10:07:56,14.55,200,374600
20221121,10:07:58,14.60,200,374600
20221121,10:07:59,14.65,150,374600
20221121,10:08:03,14.70,350,374600
20221121,10:08:05,14.55,1050,374600
20221121,10:08:06,14.45,150,374600
20221121,10:08:14,14.55,200,374600
20221121,10:08:22,14.50,3050,374600
20221121,10:08:28,14.40,200,374600
20221121,10:08:32,14.35,100,372150
20221121,10:08:34,14.35,200,372150
20221121,10:08:36,14.40,250,372150
20221121,10:08:38,14.40,100,372150
20221121,10:08:50,14.45,150,372150
20221121,10:09:08,14.30,200,372150
20221121,10:09:10,14.45,600,372150
20221121,10:09:16,14.45,200,372150
20221121,10:09:17,14.45,100,372150
20221121,10:09:18,14.45,50,372150
20221121,10:09:20,14.50,300,372150
20221121,10:09:21,14.50,500,372150
20221121,10:09:29,14.45,400,372150
20221121,10:09:30,14.50,1300,372150
20221121,10:09:34,14.50,250,372150
20221121,10:09:35,14.55,50,372150
20221121,10:09:37,14.45,250,372150
20221121,10:09:41,14.50,150,372150
20221121,10:09:49,14.40,200,372150
20221121,10:09:51,14.45,50,372150
20221121,10:09:55,14.40,250,372150
20221121,10:09:55,14.50,50,372150
20221121,10:09:59,14.50,300,372150
20221121,10:10:02,14.60,650,372150
20221121,10:10:10,14.40,50,372150
20221121,10:10:14,14.40,150,372150
20221121,10:10:24,14.35,200,372150
20221121,10:10:25,14.35,50,372150
20221121,10:10:35,14.35,1650,372150
20221121,10:10:37,14.25,150,372150
20221121,10:10:39,14.30,200,372150
20221121,10:10:40,14.25,200,372150
20221121,10:10:45,14.15,200,372150
20221121,10:10:55,14.00,50,372150
20221121,10:11:04,14.00,400,372150
20221121,10:11:06,14.05,200,372150
20221121,10:11:10,13.95,200,372150
20221121,10:11:11,14.05,250,372150
20221121,10:11:14,13.95,50,372150
20221121,10:11:17,14.00,200,372150
20221121,10:11:23,13.95,400,372150
20221121,10:11:26,13.85,50,372150
20221121,10:11:36,13.80,500,377950
20221121,10:11:38,13.80,250,377950
20221121,10:11:40,13.90,350,377950
20221121,10:11:51,13.85,450,377950
20221121,10:11:54,13.85,50,377950
20221121,10:11:55,13.95,850,377950
20221121,10:11:57,13.95,300,377950
20221121,10:11:59,13.95,550,377950
20221121,10:12:07,13.95,400,377950
20221121,10:12:09,13.85,200,377950
20221121,10:12:11,13.95,550,377950
20221121,10:12:12,14.05,250,377950
20221121,10:12:14,13.95,200,377950
20221121,10:12:15,14.00,50,377950
20221121,10:12:23,14.10,100,377950
20221121,10:12:25,14.15,50,377950
20221121,10:12:32,14.05,150,377950
20221121,10:12:41,14.05,500,377950
20221121,10:12:49,14.05,1000,377950
20221121,10:12:54,14.00,350,377950
20221121,10:13:10,13.95,250,377950
20221121,10:13:13,14.05,50,377950
20221121,10:13:18,14.15,50,377950
20221121,10:13:37,14.10,350,377950
20221121,10:13:45,14.00,2000,377950
20221121,10:13:53,14.00,50,377950
20221121,10:13:57,13.95,200,377950
20221121,10:14:04,14.00,1000,377950
20221121,10:14:07,13.95,400,377950
20221121,10:14:18,13.90,350,377950
20221121,10:14:34,13.65,50,380400
20221121,10:14:44,13.65,100,380400
20221121,10:14:46,13.65,1000,380400
20221121,10:14:56,13.85,450,380400
20221121,10:14:59,13.80,350,380400
20221121,10:15:02,13.55,1300,380400
20221121,10:15:04,13.35,900,380400
20221121,10:15:07,13.35,200,380400
20221121,10:15:24,13.45,450,380400
20221121,10:15:27,13.45,200,380400
20221121,10:15:37,13.45,200,380400
20221121,10:15:38,13.45,200,380400
20221121,10:15:46,13.45,600,380400
20221121,10:15:51,13.60,550,380400
20221121,10:15:52,13.55,400,380400
20221121,10:16:01,13.65,200,380400
20221121,10:16:04,13.65,250,380400
20221121,10:16:06,13.70,200,380400
20221121,10:16:08,13.75,200,380400
20221121,10:16:12,13.75,50,380400
20221121,10:16:14,13.75,250,380400
20221121,10:16:17,13.75,400,380400
20221121,10:16:18,13.75,50,380400
20221121,10:16:19,13.75,50,380400
20221121,10:16:27,13.75,50,380400
20221121,10:16:33,13.75,250,380400
20221121,10:16:36,13.65,200,380400
20221121,10:16:38,13.75,100,380400
20221121,10:16:40,13.75,50,380400
20221121,10:16:45,13.75,100,380400
20221121,10:16:51,13.90,50,380400
20221121,10:16:58,13.90,50,380400
20221121,10:17:09,13.65,200,380400
20221121,10:17:43,13.55,50,384150
20221121,10:18:01,13.50,600,384150
20221121,10:18:06,13.45,200,384150
20221121,10:18:08,13.40,200,384150
20221121,10:18:11,13.35,50,384150
20221121,10:18:22,13.35,50,384150
20221121,10:18:45,13.10,550,384150
20221121,10:18:46,13.10,100,384150
20221121,10:18:51,13.05,50,384150
20221121,10:18:53,13.00,100,384150
20221121,10:18:54,13.00,100,384150
20221121,10:19:03,13.05,450,384150
20221121,10:19:12,13.10,350,384150
20221121,10:19:15,13.05,300,384150
20221121,10:19:20,13.15,100,384150
20221121,10:19:41,13.20,50,384150
20221121,10:19:43,13.15,500,384150
20221121,10:20:05,13.20,50,384150
20221121,10:20:53,13.30,400,385750
20221121,10:20:54,13.30,50,385750
20221121,10:20:56,13.25,50,385750
20221121,10:21:19,13.60,100,385750
20221121,10:21:22,13.70,200,385750
20221121,10:21:27,13.75,200,385750
20221121,10:21:45,13.90,100,385750
20221121,10:21:54,13.85,100,385750
20221121,10:22:04,13.85,50,385750
20221121,10:22:22,13.90,100,385750
20221121,10:22:24,13.80,100,385750
20221121,10:22:25,13.60,550,385750
20221121,10:22:27,13.75,300,385750
20221121,10:22:32,13.75,150,385750
20221121,10:22:33,13.85,50,385750
20221121,10:22:58,13.75,100,385750
20221121,10:23:00,13.75,100,385750
20221121,10:23:01,13.70,350,385750
20221121,10:23:05,13.70,100,385750
20221121,10:23:09,13.80,150,385750
20221121,10:23:14,13.80,100,385750
20221121,10:23:21,13.80,50,385750
20221121,10:23:23,13.95,50,385750
20221121,10:23:41,14.15,250,386700
20221121,10:23:42,14.10,100,386700
20221121,10:23:49,14.20,50,386700
20221121,10:23:51,14.20,50,386700
20221121,10:23:52,14.15,150,386700
20221121,10:24:07,14.25,50,386700
20221121,10:24:44,14.25,100,386700
20221121,10:25:32,14.25,1000,386700
20221121,10:26:20,14.20,150,386700
20221121,10:26:34,14.15,50,386700
20221121,10:26:36,14.20,50,386350
20221121,10:26:39,14.20,50,386350
20221121,10:27:22,14.05,100,386350
20221121,10:27:58,14.10,100,386350
20221121,10:28:01,14.05,100,386350
20221121,10:28:47,13.80,50,386350
20221121,10:28:50,13.85,50,386350
20221121,10:28:51,13.80,500,386350
20221121,10:29:00,13.95,200,386350
20221121,10:29:24,14.10,500,386350
20221121,10:29:28,13.95,1500,386350
20221121,10:30:03,13.85,100,387100
20221121,10:30:05,13.75,500,387100
20221121,10:30:11,13.85,50,387100
20221121,10:30:31,13.80,50,387100
20221121,10:30:56,13.80,50,387100
20221121,10:31:01,13.75,50,387100
20221121,10:31:05,13.70,50,387100
20221121,10:31:07,13.80,50,387100
20221121,10:31:08,13.80,50,387100
20221121,10:31:13,13.80,50,387100
20221121,10:31:15,13.70,50,387100
20221121,10:31:49,13.60,50,387100
20221121,10:31:55,13.45,50,387100
20221121,10:32:01,13.40,100,387100
20221121,10:32:05,13.45,150,387100
20221121,10:32:06,13.45,300,387100
20221121,10:32:30,13.55,150,387100
20221121,10:32:32,13.50,150,387100
20221121,10:32:35,13.50,1350,387100
20221121,10:32:42,13.60,50,387100
20221121,10:32:57,13.55,100,387100
20221121,10:32:58,13.55,400,387100
20221121,10:33:29,13.45,100,387100
20221121,10:33:30,13.45,1500,387100
20221121,10:33:53,13.60,50,387100
20221121,10:33:56,13.55,150,387100
20221121,10:34:04,13.55,100,387100
20221121,10:34:05,13.70,50,387100
20221121,10:34:30,13.75,50,387100
20221121,10:34:39,13.75,50,387100
20221121,10:34:42,13.85,50,387100
20221121,10:35:08,14.00,50,387100
20221121,10:35:11,14.00,450,387100
20221121,10:35:21,14.00,50,387100
20221121,10:36:01,14.00,50,391100
20221121,10:36:04,14.00,50,391100
20221121,10:36:27,14.00,100,391100
20221121,10:36:37,14.15,50,391100
20221121,10:36:41,14.10,200,391100
20221121,10:37:05,14.00,200,391100
20221121,10:37:22,14.15,150,391100
20221121,10:37:23,14.00,400,391100
20221121,10:38:01,14.15,1000,391100
20221121,10:38:25,14.35,50,391100
20221121,10:38:45,14.25,250,392150
20221121,10:38:58,14.25,50,392150
20221121,10:39:01,14.25,700,392150
20221121,10:39:10,14.20,50,392150
20221121,10:39:20,14.00,300,392150
20221121,10:39:27,13.85,50,392150
20221121,10:39:31,13.85,50,392150
20221121,10:39:41,13.85,150,392150
20221121,10:39:44,13.90,50,392150
20221121,10:39:56,13.70,50,392150
20221121,10:39:59,13.75,200,392150
20221121,10:40:04,13.80,50,392150
20221121,10:40:07,13.70,100,392150
20221121,10:40:21,13.90,50,392150
20221121,10:40:26,13.90,50,392150
20221121,10:40:32,13.95,150,392150
20221121,10:40:38,13.95,100,392150
20221121,10:40:54,14.25,350,392150
20221121,10:41:07,14.45,300,392150
20221121,10:41:12,14.55,550,392150
20221121,10:41:14,14.55,100,392150
20221121,10:41:16,14.55,50,392150
20221121,10:41:41,14.35,50,392150
20221121,10:41:42,14.35,300,392250
20221121,10:41:46,14.30,250,392250
20221121,10:41:51,14.30,150,392250
20221121,10:41:55,14.35,50,392250
20221121,10:41:57,14.40,200,392250
20221121,10:42:14,14.35,100,392250
20221121,10:42:31,14.35,200,392250
20221121,10:42:36,14.25,100,392250
20221121,10:42:37,14.20,150,392250
20221121,10:42:39,14.25,100,392250
20221121,10:42:53,14.20,200,392250
20221121,10:42:54,14.20,50,392250
20221121,10:42:55,14.20,50,392250
20221121,10:42:57,14.25,50,392250
20221121,10:43:00,14.20,50,392250
20221121,10:43:03,14.20,100,392250
20221121,10:43:04,14.25,50,392250
20221121,10:43:18,14.25,200,392250
20221121,10:43:30,14.20,50,392250
20221121,10:43:31,14.15,100,392250
20221121,10:43:57,14.15,350,392250
20221121,10:44:13,14.20,150,392250
20221121,10:44:16,14.30,50,392250
20221121,10:44:44,14.35,100,392250
20221121,10:44:47,14.50,50,392050
20221121,10:44:52,14.35,1200,392050
20221121,10:45:32,14.30,150,392050
20221121,10:45:56,14.35,50,392050
20221121,10:46:07,14.25,50,392050
20221121,10:46:41,14.20,50,392050
20221121,10:47:52,14.20,100,393100
20221121,10:48:42,14.20,50,393100
20221121,10:48:50,14.25,50,393100
20221121,10:50:08,14.20,100,393100
20221121,10:51:24,14.40,50,393050
20221121,10:51:31,14.50,50,393050
20221121,10:51:55,14.40,50,393050
20221121,10:52:48,14.25,100,393050
20221121,10:53:08,14.15,100,393050
20221121,10:53:15,14.05,50,393050
20221121,10:53:18,14.10,50,393050
20221121,10:53:31,14.00,1500,393050
20221121,10:53:43,13.90,50,394250
20221121,10:54:05,13.90,200,394250
20221121,10:55:19,13.65,300,394250
20221121,10:55:21,13.60,100,394250
20221121,10:55:35,13.75,200,394250
20221121,10:55:41,13.70,100,394250
20221121,10:55:46,13.70,450,394250
20221121,10:55:47,13.70,350,394250
20221121,10:55:48,13.70,50,394250
20221121,10:55:49,13.70,100,394250
20221121,10:55:51,13.70,100,394250
20221121,10:56:06,13.70,100,394250
20221121,10:56:07,13.65,1800,394250
20221121,10:56:09,13.60,1800,394250
20221121,10:56:13,13.70,50,394250
20221121,10:56:14,13.70,50,394250
20221121,10:56:15,13.70,750,394250
20221121,10:56:16,13.70,1600,394250
20221121,10:56:17,13.65,50,394250
20221121,10:56:40,13.95,1500,402000
20221121,10:56:45,13.95,200,402000
20221121,10:56:46,14.00,300,402000
20221121,10:56:48,13.90,250,402000
20221121,10:57:09,13.90,150,402000
20221121,10:57:17,13.90,200,402000
20221121,10:57:18,13.90,100,402000
20221121,10:57:19,13.90,50,402000
20221121,10:57:20,13.90,350,402000
20221121,10:57:21,13.90,50,402000
20221121,10:57:23,13.95,50,402000
20221121,10:57:32,14.00,100,402000
20221121,10:57:38,13.95,50,402000
20221121,10:57:45,14.00,100,402000
20221121,10:57:46,14.05,200,402000
20221121,10:57:51,14.00,50,402000
20221121,10:58:02,14.05,500,402000
20221121,10:58:14,13.95,400,402000
20221121,10:59:20,14.00,300,402000
20221121,10:59:35,14.05,100,402000
20221121,11:00:41,13.85,100,402300
20221121,11:01:07,13.60,350,402300
20221121,11:01:10,13.60,600,402300
20221121,11:01:13,13.60,550,402300
20221121,11:01:16,13.60,50,402300
20221121,11:01:23,13.50,50,402300
20221121,11:02:11,13.55,50,402300
20221121,11:02:15,13.60,150,402300
20221121,11:02:17,13.50,950,402300
20221121,11:02:18,13.55,100,402300
20221121,11:02:21,13.45,50,402300
20221121,11:02:29,13.45,50,402300
20221121,11:02:40,13.45,550,402300
20221121,11:02:48,13.45,50,401350
20221121,11:03:00,13.45,50,401350
20221121,11:03:06,13.50,50,401350
20221121,11:03:07,13.50,100,401350
20221121,11:03:19,13.50,50,401350
20221121,11:03:24,13.50,50,401350
20221121,11:03:27,13.45,300,401350
20221121,11:03:28,13.45,50,401350
20221121,11:03:29,13.45,50,401350
20221121,11:03:35,13.50,100,401350
20221121,11:03:39,13.50,150,401350
20221121,11:03:39,13.50,50,401350
20221121,11:03:40,13.50,850,401350
20221121,11:03:43,13.50,50,401350
20221121,11:03:50,13.45,200,401350
20221121,11:03:52,13.50,50,401350
20221121,11:03:58,13.45,100,401350
20221121,11:04:03,13.50,50,401350
20221121,11:04:28,13.60,350,401350
20221121,11:04:57,13.40,400,401350
20221121,11:04:59,13.30,50,401350
20221121,11:05:04,13.15,50,401350
20221121,11:05:17,13.30,500,401350
20221121,11:05:45,13.35,200,399900
20221121,11:05:50,13.25,100,399900
20221121,11:05:57,13.20,400,399900
20221121,11:06:04,13.00,1950,399900
20221121,11:06:32,13.20,350,399900
20221121,11:06:37,13.20,50,399900
20221121,11:06:54,13.30,200,399900
20221121,11:07:00,13.30,50,399900
20221121,11:07:04,13.30,1000,399900
20221121,11:07:09,13.40,150,399900
20221121,11:07:10,13.40,100,399900
20221121,11:07:17,13.40,200,399900
20221121,11:07:18,13.45,150,399900
20221121,11:07:24,13.45,250,399900
20221121,11:07:25,13.45,50,399900
20221121,11:07:35,13.45,50,399900
20221121,11:07:39,13.50,50,399900
20221121,11:07:47,13.60,200,399900
20221121,11:07:49,13.45,500,399900
20221121,11:07:52,13.50,50,399900
20221121,11:08:14,13.55,500,399900
20221121,11:08:17,13.60,150,399900
20221121,11:08:18,13.45,350,399900
20221121,11:08:21,13.60,150,399900
20221121,11:08:44,13.65,1000,401600
20221121,11:09:32,13.25,50,401600
20221121,11:10:23,13.30,250,401600
20221121,11:10:49,13.40,200,401600
20221121,11:10:55,13.30,50,401600
20221121,11:11:00,13.30,750,401600
20221121,11:11:04,13.20,100,401600
20221121,11:11:06,13.25,250,401600
20221121,11:11:12,13.25,50,401600
20221121,11:11:17,13.15,350,401600
20221121,11:11:20,13.20,100,401600
20221121,11:11:23,13.15,50,401600
20221121,11:11:24,13.15,1100,401600
20221121,11:11:26,13.10,1150,401600
20221121,11:11:27,13.00,50,401600
20221121,11:11:30,13.00,50,401600
20221121,11:11:31,13.00,50,401600
20221121,11:11:33,13.00,50,401600
20221121,11:11:34,13.05,200,401600
20221121,11:11:35,13.05,50,401600
20221121,11:11:44,13.05,50,399450
20221121,11:11:51,12.95,50,399450
20221121,11:12:06,12.95,100,399450
20221121,11:12:09,12.95,100,399450
20221121,11:12:10,12.95,100,399450
20221121,11:12:12,12.90,100,399450
20221121,11:12:13,13.00,200,399450
20221121,11:12:51,13.25,50,399450
20221121,11:13:00,13.25,50,399450
20221121,11:13:01,13.25,150,399450
20221121,11:13:04,13.25,100,399450
20221121,11:13:14,13.25,300,399450
20221121,11:13:16,13.30,150,399450
20221121,11:13:19,13.30,400,399450
20221121,11:13:47,13.35,150,399450
20221121,11:13:50,13.40,100,399450
20221121,11:13:57,13.35,50,399450
20221121,11:14:13,13.50,800,399450
20221121,11:14:15,13.40,300,399450
20221121,11:14:17,13.45,150,399450
20221121,11:14:41,13.45,50,399450
20221121,11:14:48,13.40,100,400700
20221121,11:14:48,13.40,50,400700
20221121,11:15:04,13.40,100,400700
20221121,11:15:36,13.55,50,400700
20221121,11:15:44,13.55,400,400700
20221121,11:15:46,13.65,500,400700
20221121,11:15:50,13.55,50,400700
20221121,11:15:51,13.55,500,400700
20221121,11:16:30,13.65,100,400700
20221121,11:16:31,13.50,1600,400700
20221121,11:16:50,13.60,100,400700
20221121,11:16:51,13.60,400,400700
20221121,11:16:55,13.55,100,400700
20221121,11:17:01,13.50,400,400700
20221121,11:17:22,13.45,50,400700
20221121,11:17:35,13.50,50,400700
20221121,11:17:43,13.60,50,400700
20221121,11:18:24,13.70,300,403350
20221121,11:18:26,13.65,200,403350
20221121,11:18:28,13.70,200,403350
20221121,11:18:35,13.70,50,403350
20221121,11:18:59,13.50,350,403350
20221121,11:19:10,13.40,400,403350
20221121,11:19:16,13.40,50,403350
20221121,11:19:21,13.25,100,403350
20221121,11:19:23,13.40,50,403350
20221121,11:19:36,13.20,600,403350
20221121,11:19:37,13.20,50,403350
20221121,11:19:40,13.20,100,403350
20221121,11:19:45,13.10,200,403350
20221121,11:19:46,13.10,300,403350
20221121,11:19:51,13.10,50,403350
20221121,11:21:02,12.50,3350,403450
20221121,11:21:05,12.35,50,403450
20221121,11:21:08,12.15,100,403450
20221121,11:21:11,12.15,200,403450
20221121,11:21:13,12.05,900,403450
20221121,11:21:15,12.00,300,403450
20221121,11:21:18,12.05,300,403450
20221121,11:21:22,12.15,200,403450
20221121,11:21:39,12.30,100,403450
20221121,11:21:51,12.25,100,403450
20221121,11:22:01,12.25,50,403450
20221121,11:22:12,12.40,50,403450
20221121,11:22:20,12.40,100,403450
20221121,11:22:22,12.40,50,403450
20221121,11:22:25,12.40,100,403450
20221121,11:22:31,12.40,600,403450
20221121,11:22:32,12.50,250,403450
20221121,11:22:42,12.50,50,403450
20221121,11:23:04,12.70,1000,403450
20221121,11:23:33,12.80,50,403450
20221121,11:23:48,12.90,300,403250
20221121,11:23:56,12.95,50,403250
20221121,11:24:02,12.95,50,403250
20221121,11:24:19,12.70,50,403250
20221121,11:24:21,12.70,100,403250
20221121,11:24:45,12.60,50,403250
20221121,11:24:50,12.60,150,403250
20221121,11:25:01,12.55,550,403250
20221121,11:25:14,12.55,50,403250
20221121,11:25:15,12.55,200,403250
20221121,11:26:30,12.50,1000,403250
20221121,11:26:54,12.50,50,402600
20221121,11:26:56,12.45,100,402600
20221121,11:26:56,12.50,50,402600
20221121,11:26:58,12.55,700,402600
20221121,11:27:10,12.50,50,402600
20221121,11:27:25,12.50,900,402600
20221121,11:27:33,12.45,700,402600
20221121,11:27:34,12.50,800,402600
20221121,11:27:36,12.50,100,402600
20221121,11:28:07,12.40,50,402600
20221121,11:28:08,12.40,100,402600
20221121,11:28:13,12.45,200,402600
20221121,11:28:14,12.45,150,402600
20221121,11:28:15,12.45,250,402600
20221121,11:28:21,12.50,50,402600
20221121,11:28:34,12.50,150,402600
20221121,11:28:40,12.60,200,402600
20221121,11:28:41,12.50,150,402600
20221121,11:29:06,12.65,300,402600
20221121,11:29:09,12.70,50,402600
20221121,11:29:32,12.65,50,402600
20221121,11:29:33,12.65,50,402600
20221121,11:29:44,12.65,350,402600
20221121,11:29:53,12.65,50,404100
20221121,11:30:13,12.65,100,404100
20221121,11:30:14,12.70,50,404100
20221121,11:30:33,12.65,50,404100
20221121,11:30:43,12.50,50,404100
20221121,11:30:47,12.50,750,404100
20221121,11:30:56,12.50,50,404100
20221121,11:31:00,12.50,100,404100
20221121,11:31:12,12.50,400,404100
20221121,11:31:48,12.55,100,404100
20221121,11:31:52,12.65,250,404100
20221121,11:32:02,12.70,100,404100
20221121,11:32:06,12.75,500,404100
20221121,11:32:08,12.70,100,404100
20221121,11:32:22,12.80,50,404100
20221121,11:32:38,12.65,50,404100
20221121,11:32:41,12.65,50,404100
20221121,11:33:34,12.70,150,403550
20221121,11:33:50,12.85,250,403550
20221121,11:33:51,12.70,100,403550
20221121,11:33:54,12.80,50,403550
20221121,11:33:56,12.85,50,403550
20221121,11:33:57,12.70,100,403550
20221121,11:34:14,12.80,50,403550
20221121,11:34:21,12.75,50,403550
20221121,11:34:26,12.65,50,403550
20221121,11:34:27,12.70,100,403550
20221121,11:34:37,12.60,100,403550
20221121,11:35:02,12.60,50,403550
20221121,11:35:43,12.80,100,403550
20221121,11:35:54,12.80,50,403950
20221121,11:36:07,12.95,100,403950
20221121,11:36:12,13.00,100,403950
20221121,11:36:15,12.95,50,403950
20221121,11:36:29,13.00,400,403950
20221121,11:36:30,13.00,50,403950
20221121,11:36:31,13.00,50,403950
20221121,11:36:35,13.00,150,403950
20221121,11:36:42,12.95,50,403950
20221121,11:36:56,13.00,50,403950
20221121,11:37:09,12.95,100,403950
20221121,11:37:18,12.95,100,403950
20221121,11:37:21,12.85,50,403950
20221121,11:37:31,12.95,50,403950
20221121,11:37:32,12.95,50,403950
20221121,11:37:33,12.95,150,403950
20221121,11:38:00,13.10,200,403950
20221121,11:38:07,13.10,50,403950
20221121,11:38:09,13.15,50,403950
20221121,11:38:11,13.10,200,403950
20221121,11:38:14,13.10,200,403950
20221121,11:38:34,13.05,350,403950
20221121,11:38:55,13.20,100,402950
20221121,11:39:00,13.10,50,402950
20221121,11:39:50,12.85,100,402950
20221121,11:40:26,13.00,350,402950
20221121,11:40:29,12.95,200,402950
20221121,11:41:09,13.10,150,402950
20221121,11:41:24,13.05,100,402950
20221121,11:41:37,13.00,100,402950
20221121,11:41:41,12.95,50,402950
20221121,11:41:42,12.95,50,402950
20221121,11:41:43,12.95,400,402950
20221121,11:41:46,12.95,1800,402950
20221121,11:41:47,12.95,100,402950
20221121,11:41:48,12.95,50,402900
20221121,11:41:50,12.95,1650,402900
20221121,11:41:51,13.00,100,402900
20221121,11:41:53,13.00,50,402900
20221121,11:41:59,13.05,50,402900
20221121,11:42:00,13.05,300,402900
20221121,11:42:01,13.10,500,402900
20221121,11:42:10,13.00,50,402900
20221121,11:42:11,13.05,500,402900
20221121,11:42:18,13.00,700,402900
20221121,11:42:20,12.95,200,402900
20221121,11:42:27,13.00,50,402900
20221121,11:42:31,12.95,50,402900
20221121,11:42:33,12.95,500,402900
20221121,11:42:48,12.90,350,402900
20221121,11:42:49,12.90,350,402900
20221121,11:42:57,12.85,150,402900
20221121,11:43:04,12.75,1400,402900
20221121,11:43:05,12.70,1400,402900
20221121,11:43:19,12.70,350,402900
20221121,11:43:21,12.70,50,402900
20221121,11:43:24,12.70,200,402900
20221121,11:43:25,12.70,1250,402900
20221121,11:43:27,12.75,50,402900
20221121,11:43:28,12.70,150,402900
20221121,11:43:38,12.75,50,402900
20221121,11:43:39,12.75,100,402900
20221121,11:43:46,12.75,100,402900
20221121,11:43:59,12.75,50,402900
20221121,11:44:40,12.75,50,402900
20221121,11:44:43,12.75,50,402900
20221121,11:44:58,12.95,550,401200
20221121,11:45:05,12.95,200,401200
20221121,11:45:07,12.95,50,401200
20221121,11:45:37,12.95,200,401200
20221121,11:45:41,13.00,50,401200
20221121,11:46:00,13.35,250,401200
20221121,11:46:02,13.25,200,401200
20221121,11:46:10,13.25,50,401200
20221121,11:46:11,13.30,200,401200
20221121,11:46:12,13.25,200,401200
20221121,11:46:22,13.35,500,401200
20221121,11:46:26,13.40,100,401200
20221121,11:46:37,13.30,50,401200
20221121,11:46:39,13.30,50,401200
20221121,11:46:40,13.25,200,401200
20221121,11:46:42,13.30,100,401200
20221121,11:46:43,13.35,200,401200
20221121,11:46:53,13.30,200,401200
20221121,11:47:02,13.30,100,401200
20221121,11:47:18,13.40,100,401200
20221121,11:47:19,13.40,1100,401200
20221121,11:47:25,13.40,150,401200
20221121,11:47:27,13.45,100,401200
20221121,11:47:28,13.35,50,401200
20221121,11:47:35,13.45,100,401200
20221121,11:47:37,13.45,100,401200
20221121,11:47:38,13.45,300,401200
20221121,11:47:44,13.40,50,401200
20221121,11:47:45,13.50,200,401200
20221121,11:47:53,13.45,100,399400
20221121,11:47:57,13.35,100,399400
20221121,11:47:58,13.20,50,399400
20221121,11:48:02,13.35,50,399400
20221121,11:48:04,13.35,100,399400
20221121,11:48:27,13.40,50,399400
20221121,11:48:28,13.40,200,399400
20221121,11:48:32,13.35,100,399400
20221121,11:48:33,13.35,50,399400
20221121,11:48:49,13.35,50,399400
20221121,11:48:58,13.35,100,399400
20221121,11:49:22,13.40,200,399400
20221121,11:49:23,13.35,150,399400
20221121,11:49:43,13.45,200,399400
20221121,11:49:44,13.45,100,399400
20221121,11:49:46,13.45,100,399400
20221121,11:51:35,13.30,50,399050
20221121,11:52:02,13.35,200,399050
20221121,11:52:22,13.10,250,399050
20221121,11:52:26,13.00,150,399050
20221121,11:52:50,13.05,150,399050
20221121,11:53:13,13.10,150,399050
20221121,11:53:32,13.05,200,399050
20221121,11:53:47,13.15,200,399050
20221121,11:54:10,13.10,50,397900
20221121,11:54:12,13.15,50,397900
20221121,11:54:17,13.05,350,397900
20221121,11:54:19,13.15,50,397900
20221121,11:54:21,13.15,100,397900
20221121,11:54:22,13.15,150,397900
20221121,11:54:42,13.25,50,397900
20221121,11:55:10,13.30,50,397900
20221121,11:55:30,13.20,100,397900
20221121,11:55:43,13.45,100,397900
20221121,11:55:44,13.30,150,397900
20221121,11:56:14,13.35,50,397900
20221121,11:56:26,13.45,100,397900
20221121,11:56:53,13.40,100,398650
20221121,11:57:06,13.35,50,398650
20221121,11:57:36,13.35,200,398650
20221121,11:57:43,13.35,100,398650
20221121,11:58:12,13.30,50,398650
20221121,12:00:13,13.45,200,398400
20221121,12:00:27,13.60,850,398400
20221121,12:00:28,13.65,500,398400
20221121,12:00:29,13.60,400,398400
20221121,12:01:16,13.55,100,398400
20221121,12:01:29,13.50,100,398400
20221121,12:01:30,13.55,600,398400
20221121,12:01:31,13.45,50,398400
20221121,12:01:33,13.50,300,398400
20221121,12:01:43,13.50,100,398400
20221121,12:01:53,13.40,50,398400
20221121,12:02:01,13.45,100,398400
20221121,12:02:09,13.30,150,398400
20221121,12:02:14,13.30,150,398400
20221121,12:02:51,13.20,300,398400
20221121,12:02:54,13.10,450,397200
20221121,12:02:57,13.20,200,397200
20221121,12:03:43,13.35,100,397200
20221121,12:03:50,13.40,550,397200
20221121,12:03:55,13.40,100,397200
20221121,12:03:56,13.40,600,397200
20221121,12:03:57,13.45,300,397200
20221121,12:04:06,13.40,400,397200
20221121,12:04:11,13.55,100,397200
20221121,12:04:13,13.65,100,397200
20221121,12:04:16,13.60,100,397200
20221121,12:04:24,13.50,200,397200
20221121,12:04:31,13.60,100,397200
20221121,12:04:32,13.60,100,397200
20221121,12:04:34,13.60,100,397200
20221121,12:04:37,13.50,1500,397200
20221121,12:04:39,13.60,100,397200
20221121,12:04:42,13.50,50,397200
20221121,12:04:43,13.60,100,397200
20221121,12:04:48,13.60,100,397200
20221121,12:04:54,13.60,100,397200
20221121,12:05:01,13.60,200,397200
20221121,12:05:04,13.60,100,397200
20221121,12:05:12,13.45,150,397200
20221121,12:05:24,13.50,100,397200
20221121,12:05:35,13.55,200,397200
20221121,12:05:43,13.40,300,397200
20221121,12:05:47,13.35,100,397200
20221121,12:06:02,13.35,350,401050
20221121,12:06:12,13.50,200,401050
20221121,12:06:22,13.55,200,401050
20221121,12:06:24,13.55,100,401050
20221121,12:06:25,13.50,100,401050
20221121,12:06:26,13.40,200,401050
20221121,12:06:29,13.45,100,401050
20221121,12:06:41,13.45,100,401050
20221121,12:07:01,13.45,100,401050
20221121,12:07:13,13.40,150,401050
20221121,12:07:51,13.40,100,401050
20221121,12:07:58,13.30,100,401050
20221121,12:08:13,13.30,400,401050
20221121,12:08:20,13.40,200,401050
20221121,12:08:32,13.45,100,401050
20221121,12:09:36,13.50,50,401250
20221121,12:09:37,13.50,100,401250
20221121,12:09:42,13.40,200,401250
20221121,12:10:55,13.55,50,401250
20221121,12:11:00,13.55,50,401250
20221121,12:11:00,13.55,250,401250
20221121,12:11:02,13.55,150,401250
20221121,12:11:04,13.45,50,401250
20221121,12:11:35,13.50,100,401250
20221121,12:11:36,13.60,100,401250
20221121,12:12:10,13.55,50,401300
20221121,12:12:47,13.45,200,401300
20221121,12:12:49,13.50,50,401300
20221121,12:12:59,13.45,100,401300
20221121,12:13:00,13.40,50,401300
20221121,12:13:06,13.40,50,401300
20221121,12:13:08,13.35,300,401300
20221121,12:13:18,13.50,50,401300
20221121,12:13:49,13.40,1000,401300
20221121,12:14:19,13.35,500,401300
20221121,12:14:45,13.30,50,401300
20221121,12:15:11,13.25,50,403450
20221121,12:15:15,13.20,650,403450
20221121,12:15:32,13.10,100,403450
20221121,12:15:56,13.15,100,403450
20221121,12:16:21,12.75,100,403450
20221121,12:16:29,12.80,250,403450
20221121,12:16:41,12.80,300,403450
20221121,12:16:44,12.70,100,403450
20221121,12:17:04,12.65,50,403450
20221121,12:17:05,12.70,50,403450
20221121,12:17:09,12.60,50,403450
20221121,12:17:12,12.50,50,403450
20221121,12:17:13,12.50,100,403450
20221121,12:17:15,12.50,100,403450
20221121,12:17:29,12.50,100,403450
20221121,12:17:40,12.50,150,403450
20221121,12:17:50,12.50,200,403450
20221121,12:17:55,12.60,50,403450
20221121,12:18:09,12.65,350,403500
20221121,12:19:00,12.85,150,403500
20221121,12:19:09,12.80,100,403500
20221121,12:19:51,12.95,50,403500
20221121,12:21:22,13.45,100,403750
20221121,12:21:24,13.40,250,403750
20221121,12:21:25,13.50,250,403750
20221121,12:21:26,13.55,50,403750
20221121,12:21:28,13.65,800,403750
20221121,12:21:31,13.70,100,403750
20221121,12:21:33,13.80,1450,403750
20221121,12:21:37,13.90,300,403750
20221121,12:21:39,13.80,100,403750
20221121,12:21:40,13.80,150,403750
20221121,12:21:43,13.85,50,403750
20221121,12:21:44,13.80,50,403750
20221121,12:21:49,13.85,500,403750
20221121,12:21:54,13.70,150,403750
20221121,12:21:56,13.75,650,403750
20221121,12:21:57,13.75,400,403750
20221121,12:22:01,13.80,100,403750
20221121,12:22:17,13.80,200,403750
20221121,12:22:20,13.85,50,403750
20221121,12:22:50,13.70,50,403750
20221121,12:23:57,13.45,300,404500
20221121,12:24:15,13.85,450,404500
20221121,12:24:18,14.00,250,404500
20221121,12:24:20,13.95,100,404500
20221121,12:24:27,13.90,150,404500
20221121,12:24:38,13.95,100,404500
20221121,12:24:43,13.85,650,404500
20221121,12:24:55,13.75,150,404500
20221121,12:25:01,13.90,50,404500
20221121,12:25:16,13.85,50,404500
20221121,12:25:19,13.85,150,404500
20221121,12:25:23,13.85,200,404500
20221121,12:25:33,13.75,50,404500
20221121,12:25:36,13.75,200,404500
20221121,12:25:38,13.85,50,404500
20221121,12:25:56,13.80,50,404500
20221121,12:26:04,13.75,50,404500
20221121,12:26:14,13.75,50,404500
20221121,12:26:15,13.75,50,404500
20221121,12:26:16,13.75,50,404500
20221121,12:26:20,13.75,50,404500
20221121,12:26:27,13.75,50,404500
20221121,12:26:31,13.80,50,404500
20221121,12:26:33,13.80,50,404500
20221121,12:26:45,13.80,200,404500
20221121,12:26:46,13.90,50,404500
20221121,12:26:54,13.90,100,404500
20221121,12:26:59,13.90,250,404900
20221121,12:27:09,13.95,250,404900
20221121,12:27:20,13.85,50,404900
20221121,12:27:52,13.95,50,404900
20221121,12:28:10,13.75,100,404900
20221121,12:28:16,13.85,400,404900
20221121,12:28:19,13.80,50,404900
20221121,12:28:39,13.70,200,404900
20221121,12:29:57,13.75,200,404300
20221121,12:30:10,13.60,350,404300
20221121,12:30:59,13.70,50,404300
20221121,12:31:38,13.90,50,404300
20221121,12:31:53,13.80,50,404300
20221121,12:32:34,13.60,100,404300
20221121,12:32:57,13.50,100,404300
20221121,12:32:59,13.55,250,403150
20221121,12:33:00,13.60,50,403150
20221121,12:33:02,13.60,100,403150
20221121,12:33:03,13.65,100,403150
20221121,12:33:15,13.60,150,403150
20221121,12:33:21,13.65,150,403150
20221121,12:33:28,13.80,100,403150
20221121,12:33:30,14.00,2000,403150
20221121,12:33:32,14.35,1450,403150
20221121,12:33:34,14.25,350,403150
20221121,12:33:35,14.30,100,403150
20221121,12:33:37,14.15,350,403150
20221121,12:33:39,14.15,150,403150
20221121,12:33:45,14.20,450,403150
20221121,12:33:49,14.25,250,403150
20221121,12:33:50,14.15,450,403150
20221121,12:33:52,14.15,250,403150
20221121,12:33:57,14.10,100,403150
20221121,12:34:09,13.80,100,403150
20221121,12:34:11,13.95,350,403150
20221121,12:34:12,14.00,100,403150
20221121,12:34:20,13.90,100,403150
20221121,12:34:24,14.00,300,403150
20221121,12:34:46,13.80,150,403150
20221121,12:35:04,13.75,150,403150
20221121,12:35:09,13.60,1000,403150
20221121,12:35:10,13.75,100,403150
20221121,12:35:11,13.75,150,403150
20221121,12:35:12,13.75,250,403150
20221121,12:35:20,13.70,4050,403150
20221121,12:35:34,13.25,50,403150
20221121,12:35:35,13.20,100,403150
20221121,12:35:39,13.25,50,403150
20221121,12:35:42,13.30,50,403150
20221121,12:35:44,13.25,50,403150
20221121,12:35:52,13.35,50,403150
20221121,12:36:00,13.35,400,402050
20221121,12:36:05,13.20,50,402050
20221121,12:37:10,13.70,650,402050
20221121,12:37:17,13.75,100,402050
20221121,12:37:23,13.65,1000,402050
20221121,12:37:25,13.80,50,402050
20221121,12:37:26,13.80,150,402050
20221121,12:37:30,13.80,150,402050
20221121,12:37:36,13.80,200,402050
20221121,12:38:03,13.70,50,402050
20221121,12:38:04,13.70,50,402050
20221121,12:38:27,13.70,150,402050
20221121,12:38:28,13.75,100,402050
20221121,12:38:31,13.80,250,402050
20221121,12:38:32,13.90,350,402050
20221121,12:38:33,13.95,650,402050
20221121,12:38:34,13.95,750,402050
20221121,12:38:35,14.00,750,402050
20221121,12:38:36,14.00,850,402050
20221121,12:38:37,14.00,150,402050
20221121,12:38:39,13.95,50,402050
20221121,12:39:02,13.95,50,403400
20221121,12:39:19,13.90,50,403400
20221121,12:39:31,13.85,250,403400
20221121,12:39:39,13.95,100,403400
20221121,12:39:41,13.90,250,403400
20221121,12:39:44,13.95,150,403400
20221121,12:39:47,14.00,200,403400
20221121,12:39:48,14.05,550,403400
20221121,12:40:01,14.00,100,403400
20221121,12:40:05,14.10,150,403400
20221121,12:40:34,14.15,1350,403400
20221121,12:40:36,14.20,600,403400
20221121,12:40:38,14.25,1600,403400
20221121,12:40:39,14.30,1300,403400
20221121,12:40:40,14.35,1000,403400
20221121,12:40:42,14.40,1000,403400
20221121,12:40:53,14.05,350,403400
20221121,12:40:55,14.30,100,403400
20221121,12:41:31,14.30,50,403400
20221121,12:41:36,14.25,1800,403400
20221121,12:41:40,14.25,50,403400
20221121,12:41:41,14.20,800,403400
20221121,12:41:49,14.25,50,403400
20221121,12:41:57,14.05,50,403400
20221121,12:41:58,14.05,50,403400
20221121,12:42:01,14.00,200,411050
20221121,12:42:15,14.00,50,411050
20221121,12:42:16,13.95,200,411050
20221121,12:42:17,14.05,250,411050
20221121,12:42:18,13.90,50,411050
20221121,12:42:25,14.00,500,411050
20221121,12:42:31,13.90,50,411050
20221121,12:42:39,13.95,200,411050
20221121,12:42:46,13.90,50,411050
20221121,12:43:02,13.85,50,411050
20221121,12:43:04,13.85,100,411050
20221121,12:43:05,13.70,800,411050
20221121,12:43:06,13.60,900,411050
20221121,12:43:21,13.55,150,411050
20221121,12:43:24,13.55,50,411050
20221121,12:43:26,13.65,500,411050
20221121,12:43:30,13.65,300,411050
20221121,12:43:31,13.60,300,411050
20221121,12:43:33,13.55,100,411050
20221121,12:43:37,13.60,100,411050
20221121,12:43:40,13.55,50,411050
20221121,12:43:53,13.70,350,411050
20221121,12:43:54,13.75,100,411050
20221121,12:44:03,13.70,100,411050
20221121,12:44:10,13.65,50,411050
20221121,12:44:11,13.65,100,411050
20221121,12:44:24,13.75,400,411050
20221121,12:44:25,13.75,50,411050
20221121,12:44:26,13.75,250,411050
20221121,12:44:27,13.80,150,411050
20221121,12:45:19,13.60,1500,411050
20221121,12:45:20,13.60,800,410850
20221121,12:45:21,13.60,300,410850
20221121,12:45:23,13.80,2450,410850
20221121,12:45:25,13.70,600,410850
20221121,12:45:25,13.70,800,410850
20221121,12:45:26,13.75,400,410850
20221121,12:45:28,13.75,1550,410850
20221121,12:45:29,13.80,1750,410850
20221121,12:45:30,13.75,1100,410850
20221121,12:45:31,13.65,1100,410850
20221121,12:45:33,13.65,600,410850
20221121,12:45:35,13.60,900,410850
20221121,12:45:36,13.60,500,410850
20221121,12:45:37,13.60,400,410850
20221121,12:45:38,13.60,1800,410850
20221121,12:45:41,13.55,1750,410850
20221121,12:45:42,13.55,100,410850
20221121,12:45:43,13.50,400,410850
20221121,12:45:44,13.50,400,410850
20221121,12:45:46,13.45,150,410850
20221121,12:45:48,13.40,200,410850
20221121,12:45:49,13.40,1500,410850
20221121,12:45:50,13.35,300,410850
20221121,12:45:53,13.45,100,410850
20221121,12:46:00,13.50,650,410850
20221121,12:46:02,13.55,1100,410850
20221121,12:46:03,13.55,500,410850
20221121,12:46:04,13.45,450,410850
20221121,12:46:06,13.55,100,410850
20221121,12:46:37,13.70,100,410850
20221121,12:46:48,13.70,300,410850
20221121,12:46:59,13.65,50,410850
20221121,12:47:10,13.85,200,410850
20221121,12:47:14,13.80,250,410850
20221121,12:47:28,13.75,100,410850
20221121,12:47:30,13.75,200,410850
20221121,12:47:39,13.90,50,410850
20221121,12:47:40,13.95,100,410850
20221121,12:47:58,13.75,850,410850
20221121,12:48:06,13.85,100,429800
20221121,12:48:08,13.95,150,429800
20221121,12:48:09,13.95,100,429800
20221121,12:48:11,14.00,350,429800
20221121,12:48:12,14.20,50,429800
20221121,12:48:16,14.25,100,429800
20221121,12:48:18,14.35,150,429800
20221121,12:48:20,14.25,200,429800
20221121,12:48:28,14.25,750,429800
20221121,12:48:36,14.20,350,429800
20221121,12:48:42,14.25,500,429800
20221121,12:48:46,14.20,1850,429800
20221121,12:49:02,14.20,150,429800
20221121,12:49:08,14.15,50,429800
20221121,12:49:09,14.20,50,429800
20221121,12:49:47,14.05,250,429800
20221121,12:49:49,14.15,50,429800
20221121,12:50:09,14.00,600,429800
20221121,12:50:14,13.95,50,429800
20221121,12:50:16,13.95,50,429800
20221121,12:50:23,14.05,50,429800
20221121,12:50:25,13.95,250,429800
20221121,12:50:42,13.95,50,429800
20221121,12:50:55,13.85,100,429800
20221121,12:50:59,13.85,50,429800
20221121,12:51:01,13.85,200,431700
20221121,12:51:02,13.75,50,431700
20221121,12:51:31,13.60,950,431700
20221121,12:51:40,13.60,550,431700
20221121,12:51:41,13.60,50,431700
20221121,12:51:43,13.65,100,431700
20221121,12:52:04,13.75,50,431700
20221121,12:52:07,13.65,50,431700
20221121,12:52:26,13.60,100,431700
20221121,12:53:48,13.50,100,431700
20221121,12:54:11,13.45,50,428550
20221121,12:54:12,13.45,50,428550
20221121,12:54:14,13.35,50,428550
20221121,12:54:21,13.40,50,428550
20221121,12:54:35,13.40,50,428550
20221121,12:54:43,13.30,50,428550
20221121,12:54:44,13.30,300,428550
20221121,12:54:45,13.35,400,428550
20221121,12:54:46,13.25,100,428550
20221121,12:54:48,13.25,50,428550
20221121,12:54:52,13.20,100,428550
20221121,12:54:57,13.15,300,428550
20221121,12:55:00,13.05,200,428550
20221121,12:55:03,13.20,1250,428550
20221121,12:55:09,13.05,200,428550
20221121,12:55:26,12.90,50,428550
20221121,12:55:35,12.90,500,428550
20221121,12:55:53,12.95,100,428550
20221121,12:56:00,13.00,100,428550
20221121,12:56:04,13.05,50,428550
20221121,12:56:07,13.00,100,428550
20221121,12:56:28,13.20,100,428550
20221121,12:56:29,13.15,50,428550
20221121,12:56:41,13.15,4050,428550
20221121,12:56:42,13.15,50,428550
20221121,12:56:43,13.15,1350,428550
20221121,12:56:47,13.15,100,428550
20221121,12:56:48,13.15,50,428550
20221121,12:56:49,13.15,3100,428550
20221121,12:56:50,13.15,100,428550
20221121,12:56:55,13.15,2450,428550
20221121,12:56:56,13.15,1150,428550
20221121,12:57:01,13.15,50,428550
20221121,12:57:02,13.15,350,440250
20221121,12:57:06,13.15,150,440250
20221121,12:57:08,13.15,150,440250
20221121,12:57:10,13.15,100,440250
20221121,12:57:13,13.15,3050,440250
20221121,12:57:18,13.15,1450,440250
20221121,12:57:19,13.15,800,440250
20221121,12:57:24,13.20,50,440250
20221121,12:57:27,13.25,150,440250
20221121,12:57:31,13.20,150,440250
20221121,12:57:41,13.25,150,440250
20221121,12:57:44,13.20,50,440250
20221121,12:57:51,13.10,150,440250
20221121,12:57:56,13.20,350,440250
20221121,12:57:58,13.20,200,440250
20221121,12:58:01,13.15,350,440250
20221121,12:58:05,13.20,150,440250
20221121,12:58:06,13.20,350,440250
20221121,12:58:20,13.25,350,440250
20221121,12:58:24,13.20,150,440250
20221121,12:58:34,13.25,350,440250
20221121,12:59:01,13.20,350,440250
20221121,12:59:05,13.20,350,440250
20221121,12:59:42,13.20,100,440250
20221121,13:00:02,13.50,100,442200
20221121,13:00:50,13.60,150,442200
20221121,13:00:53,13.80,50,442200
20221121,13:00:54,13.80,350,442200
20221121,13:01:30,13.60,50,442200
20221121,13:01:37,13.60,50,442200
20221121,13:01:47,13.60,100,442200
20221121,13:01:50,13.55,50,442200
20221121,13:02:05,13.45,350,442200
20221121,13:02:07,13.40,500,442200
20221121,13:02:14,13.50,400,442200
20221121,13:02:15,13.55,1850,442200
20221121,13:02:18,13.55,50,442200
20221121,13:02:24,13.40,150,442200
20221121,13:02:37,13.45,50,442200
20221121,13:02:42,13.30,50,442200
20221121,13:02:45,13.45,150,442200
20221121,13:02:47,13.45,100,442200
20221121,13:03:05,13.50,50,443400
20221121,13:03:11,13.50,250,443400
20221121,13:04:16,13.40,150,443400
20221121,13:04:29,13.40,50,443400
20221121,13:04:32,13.50,450,443400
20221121,13:04:46,13.55,200,443400
20221121,13:04:55,13.55,1000,443400
20221121,13:05:11,13.30,100,443400
20221121,13:05:22,13.00,400,443400
20221121,13:05:44,13.25,150,443400
20221121,13:05:45,13.25,850,443400
20221121,13:06:54,13.35,100,443000
20221121,13:07:00,13.35,400,443000
20221121,13:07:15,13.30,50,443000
20221121,13:07:25,13.25,50,443000
20221121,13:07:57,13.20,750,443000
20221121,13:08:02,13.30,100,443000
20221121,13:08:26,13.15,750,443000
20221121,13:08:49,13.30,50,443000
20221121,13:08:50,13.35,50,443000
20221121,13:09:01,13.25,100,443000
20221121,13:09:05,13.10,350,441600
20221121,13:09:16,13.15,100,441600
20221121,13:09:40,13.20,450,441600
20221121,13:09:42,13.20,3700,441600
20221121,13:09:49,13.25,350,441600
20221121,13:10:00,13.20,250,441600
20221121,13:10:10,13.15,200,441600
20221121,13:10:18,13.35,350,441600
20221121,13:10:19,13.30,150,441600
20221121,13:10:23,13.60,1600,441600
20221121,13:10:24,13.55,350,441600
20221121,13:10:30,13.50,100,441600
20221121,13:10:42,13.50,100,441600
20221121,13:10:47,13.45,800,441600
20221121,13:11:20,13.45,150,441600
20221121,13:11:22,13.45,150,441600
20221121,13:12:15,13.40,50,447450
20221121,13:12:26,13.45,50,447450
20221121,13:12:29,13.55,700,447450
20221121,13:12:33,13.65,50,447450
20221121,13:12:35,13.70,250,447450
20221121,13:12:50,13.90,200,447450
20221121,13:12:56,13.95,100,447450
20221121,13:13:03,14.00,350,447450
20221121,13:13:05,13.95,50,447450
20221121,13:13:08,14.00,100,447450
20221121,13:13:09,14.00,50,447450
20221121,13:13:10,14.00,50,447450
20221121,13:13:12,14.05,50,447450
20221121,13:13:28,13.95,200,447450
20221121,13:13:41,13.95,50,447450
20221121,13:13:46,13.85,200,447450
20221121,13:13:49,13.85,200,447450
20221121,13:14:07,13.70,100,447450
20221121,13:14:09,13.60,150,447450
20221121,13:14:20,13.65,50,447450
20221121,13:14:24,13.75,400,447450
20221121,13:14:27,13.85,400,447450
20221121,13:14:27,13.95,50,447450
20221121,13:15:28,13.85,50,447450
20221121,13:15:40,13.85,200,448700
20221121,13:15:52,13.90,400,448700
20221121,13:15:54,13.90,50,448700
20221121,13:16:04,14.05,650,448700
20221121,13:16:07,14.00,50,448700
20221121,13:16:10,14.15,450,448700
20221121,13:16:17,14.15,200,448700
20221121,13:16:19,14.05,1500,448700
20221121,13:16:22,14.20,200,448700
20221121,13:16:23,14.30,950,448700
20221121,13:16:27,14.30,200,448700
20221121,13:16:28,14.25,1100,448700
20221121,13:16:30,14.30,400,448700
20221121,13:16:32,14.25,500,448700
20221121,13:16:35,14.10,200,448700
20221121,13:16:38,14.15,200,448700
20221121,13:16:39,14.10,250,448700
20221121,13:16:43,14.10,500,448700
20221121,13:16:44,14.10,150,448700
20221121,13:16:49,14.05,50,448700
20221121,13:16:50,14.10,50,448700
20221121,13:16:51,14.15,300,448700
20221121,13:16:56,14.10,1800,448700
20221121,13:17:03,13.95,1800,448700
20221121,13:17:05,14.10,1800,448700
20221121,13:17:10,14.00,1800,448700
20221121,13:17:13,13.95,200,448700
20221121,13:17:14,13.85,50,448700
20221121,13:17:17,13.95,50,448700
20221121,13:17:18,14.05,1800,448700
20221121,13:17:35,13.85,50,448700
20221121,13:17:50,13.90,300,448700
20221121,13:18:04,14.05,350,448700
20221121,13:18:06,14.10,100,448700
20221121,13:18:28,14.30,1200,439750
20221121,13:18:29,14.25,400,439750
20221121,13:18:43,14.40,250,439750
20221121,13:18:44,14.45,900,439750
20221121,13:18:46,14.55,900,439750
20221121,13:18:48,14.55,250,439750
20221121,13:18:49,14.55,350,439750
20221121,13:18:54,15.10,900,439750
20221121,13:18:56,15.10,650,439750
20221121,13:19:03,14.90,750,439750
20221121,13:19:06,14.70,50,439750
20221121,13:19:08,14.80,300,439750
20221121,13:19:22,14.70,300,439750
20221121,13:19:26,14.70,200,439750
20221121,13:19:39,14.75,250,439750
20221121,13:19:47,14.75,50,439750
20221121,13:19:55,14.80,100,439750
20221121,13:20:01,14.70,50,439750
20221121,13:20:02,14.75,200,439750
20221121,13:20:09,14.70,100,439750
20221121,13:20:27,14.40,50,439750
20221121,13:20:37,14.25,200,439750
20221121,13:21:01,14.25,50,439750
20221121,13:21:04,14.15,100,439750
20221121,13:21:05,14.30,50,439750
20221121,13:21:17,14.35,1800,441150
20221121,13:21:33,14.50,50,441150
20221121,13:21:35,14.65,200,441150
20221121,13:21:37,14.75,250,441150
20221121,13:21:39,14.80,400,441150
20221121,13:21:40,14.80,100,441150
20221121,13:21:42,14.85,50,441150
20221121,13:21:43,14.85,50,441150
20221121,13:21:45,14.85,1800,441150
20221121,13:21:48,14.70,50,441150
20221121,13:22:00,14.70,50,441150
20221121,13:22:12,14.65,100,441150
20221121,13:22:15,14.75,100,441150
20221121,13:22:19,14.70,150,441150
20221121,13:22:20,14.70,100,441150
20221121,13:22:23,14.65,200,441150
20221121,13:22:29,14.75,150,441150
20221121,13:22:35,14.70,50,441150
20221121,13:22:36,14.70,100,441150
20221121,13:22:37,14.60,50,441150
20221121,13:22:38,14.65,850,441150
20221121,13:23:00,14.75,550,441150
20221121,13:23:01,14.70,50,441150
20221121,13:23:19,14.80,100,441150
20221121,13:23:22,14.95,150,441150
20221121,13:23:29,14.80,100,441150
20221121,13:23:36,14.75,150,441150
20221121,13:23:41,14.60,100,441150
20221121,13:23:47,14.65,100,441150
20221121,13:23:52,14.65,200,441150
20221121,13:23:53,14.65,50,441150
20221121,13:24:11,14.65,400,438350
20221121,13:24:12,14.80,50,438350
20221121,13:24:23,14.70,2500,438350
20221121,13:24:38,14.75,600,438350
20221121,13:24:43,14.75,50,438350
20221121,13:24:47,14.65,150,438350
20221121,13:24:57,14.60,50,438350
20221121,13:25:07,14.60,250,438350
20221121,13:25:10,14.60,200,438350
20221121,13:25:24,14.45,50,438350
20221121,13:25:44,14.55,550,438350
20221121,13:25:45,14.55,50,438350
20221121,13:25:46,14.50,100,438350
20221121,13:25:48,14.55,300,438350
20221121,13:25:48,14.50,300,438350
20221121,13:25:49,14.55,800,438350
20221121,13:25:50,14.55,300,438350
20221121,13:25:56,14.45,50,438350
20221121,13:25:58,14.45,50,438350
20221121,13:25:59,14.50,50,438350
20221121,13:26:00,14.50,200,438350
20221121,13:26:06,14.35,50,438350
20221121,13:26:08,14.25,350,438350
20221121,13:26:12,14.25,200,438350
20221121,13:26:19,14.40,50,438350
20221121,13:26:25,14.40,50,438350
20221121,13:26:28,14.45,50,438350
20221121,13:26:35,14.20,50,438350
20221121,13:26:37,14.15,50,438350
20221121,13:27:07,14.05,450,441600
20221121,13:27:15,14.15,200,441600
20221121,13:27:19,14.00,150,441600
20221121,13:27:20,13.95,150,441600
20221121,13:27:22,13.85,200,441600
20221121,13:28:04,14.00,1850,441600
20221121,13:28:05,14.00,1800,441600
20221121,13:28:06,14.10,50,441600
20221121,13:28:07,14.00,1750,441600
20221121,13:28:08,14.00,200,441600
20221121,13:28:09,14.00,1800,441600
20221121,13:28:11,14.00,450,441600
20221121,13:28:12,13.90,1000,441600
20221121,13:28:14,13.85,1700,441600
20221121,13:28:16,13.90,200,441600
20221121,13:28:17,13.90,1600,441600
20221121,13:28:20,13.90,1800,441600
20221121,13:28:21,13.90,1100,441600
20221121,13:28:22,13.90,100,441600
20221121,13:28:24,13.85,1800,441600
20221121,13:28:26,13.90,200,441600
20221121,13:28:27,13.95,600,441600
20221121,13:28:28,13.95,50,441600
20221121,13:28:29,13.90,100,441600
20221121,13:28:31,13.90,300,441600
20221121,13:28:33,13.85,100,441600
20221121,13:28:33,13.85,300,441600
20221121,13:28:36,13.85,100,441600
20221121,13:28:39,13.75,500,441600
20221121,13:28:41,13.80,1000,441600
20221121,13:28:43,13.80,100,441600
20221121,13:28:57,13.85,50,441600
20221121,13:29:05,13.85,350,441600
20221121,13:29:17,13.80,50,441600
20221121,13:29:25,13.85,50,441600
20221121,13:29:34,13.85,100,441600
20221121,13:29:37,13.75,100,441600
20221121,13:29:38,13.75,50,441600
20221121,13:30:01,13.55,100,441600
20221121,13:30:03,13.45,100,441600
20221121,13:30:04,13.45,200,441600
20221121,13:30:09,13.35,200,460250
20221121,13:30:10,13.35,300,460250
20221121,13:30:11,13.35,50,460250
20221121,13:30:12,13.35,100,460250
20221121,13:30:15,13.35,50,460250
20221121,13:30:29,13.25,50,460250
20221121,13:30:31,13.35,300,460250
20221121,13:30:35,13.30,100,460250
20221121,13:30:38,13.30,200,460250
20221121,13:30:38,13.40,50,460250
20221121,13:31:13,13.35,550,460250
20221121,13:31:15,13.35,100,460250
20221121,13:31:19,13.40,100,460250
20221121,13:31:20,13.45,250,460250
20221121,13:31:22,13.50,100,460250
20221121,13:31:23,13.55,50,460250
20221121,13:31:33,13.35,50,460250
20221121,13:31:51,13.30,50,460250
20221121,13:31:55,13.40,300,460250
20221121,13:32:02,13.40,250,460250
20221121,13:32:11,13.40,100,460250
20221121,13:32:50,13.55,50,460250
20221121,13:33:36,13.15,50,461400
20221121,13:33:39,13.10,350,461400
20221121,13:33:41,13.00,250,461400
20221121,13:33:53,13.00,50,461400
20221121,13:33:56,13.00,50,461400
20221121,13:34:10,13.00,650,461400
20221121,13:34:11,13.05,50,461400
20221121,13:34:38,13.15,100,461400
20221121,13:34:47,13.10,900,461400
20221121,13:34:51,13.00,50,461400
20221121,13:35:13,12.85,150,461400
20221121,13:36:03,12.85,700,461400
20221121,13:36:15,12.75,50,461500
20221121,13:36:17,12.80,50,461500
20221121,13:36:22,12.90,950,461500
20221121,13:36:26,12.85,100,461500
20221121,13:36:27,12.85,50,461500
20221121,13:36:30,12.85,50,461500
20221121,13:36:35,12.85,50,461500
20221121,13:36:40,12.90,200,461500
20221121,13:36:46,12.90,800,461500
20221121,13:37:04,12.80,100,461500
20221121,13:37:05,12.90,300,461500
20221121,13:37:13,13.10,400,461500
20221121,13:37:30,13.05,200,461500
20221121,13:37:35,13.10,50,461500
20221121,13:37:36,13.05,50,461500
20221121,13:37:44,13.10,150,461500
20221121,13:37:56,13.15,400,461500
20221121,13:38:01,13.15,300,461500
20221121,13:38:02,13.15,600,461500
20221121,13:38:02,13.10,800,461500
20221121,13:38:04,13.20,200,461500
20221121,13:38:07,13.20,300,461500
20221121,13:38:08,13.10,100,461500
20221121,13:38:16,13.15,50,461500
20221121,13:38:19,13.25,250,461500
20221121,13:38:30,13.25,400,461500
20221121,13:38:39,13.10,50,461500
20221121,13:39:22,13.20,50,458550
20221121,13:39:30,13.15,50,458550
20221121,13:40:03,13.25,350,458550
20221121,13:40:10,13.15,50,458550
20221121,13:40:40,13.30,50,458550
20221121,13:41:31,13.45,50,458550
20221121,13:41:49,13.40,50,458550
20221121,13:41:51,13.50,500,458550
20221121,13:42:02,13.40,50,458550
20221121,13:42:20,13.60,5400,459250
20221121,13:42:33,13.55,450,459250
20221121,13:42:43,13.40,2150,459250
20221121,13:42:50,13.45,50,459250
20221121,13:43:01,13.35,100,459250
20221121,13:43:03,13.35,400,459250
20221121,13:43:15,13.50,300,459250
20221121,13:43:35,13.40,200,459250
20221121,13:43:39,13.50,200,459250
20221121,13:43:49,13.40,200,459250
20221121,13:43:51,13.40,100,459250
20221121,13:44:00,13.40,50,459250
20221121,13:44:03,13.45,150,459250
20221121,13:44:25,13.40,50,459250
20221121,13:44:27,13.40,50,459250
20221121,13:44:31,13.50,100,459250
20221121,13:44:56,13.55,100,459250
20221121,13:44:59,13.45,50,459250
20221121,13:45:09,13.55,50,459250
20221121,13:45:25,13.60,50,460950
20221121,13:45:59,13.55,800,460950
20221121,13:46:03,13.55,50,460950
20221121,13:46:22,13.50,50,460950
20221121,13:46:23,13.55,250,460950
20221121,13:46:24,13.55,200,460950
20221121,13:46:36,13.50,50,460950
20221121,13:46:37,13.60,50,460950
20221121,13:46:39,13.75,1800,460950
20221121,13:46:49,13.85,200,460950
20221121,13:46:51,13.90,400,460950
20221121,13:47:21,13.65,50,460950
20221121,13:47:42,13.65,400,460950
20221121,13:47:51,13.40,900,460950
20221121,13:48:19,13.50,100,462300
20221121,13:48:38,13.65,5450,462300
20221121,13:49:37,13.30,50,462300
20221121,13:49:47,13.25,100,462300
20221121,13:50:44,13.25,50,462300
20221121,13:50:53,13.25,100,462300
20221121,13:51:10,13.15,50,462300
20221121,13:51:43,13.05,50,457800
20221121,13:52:28,13.20,350,457800
20221121,13:52:45,13.15,200,457800
20221121,13:53:47,13.10,50,457800
20221121,13:53:49,13.05,400,457800
20221121,13:53:51,13.15,150,457800
20221121,13:54:01,13.00,350,457800
20221121,13:54:02,13.00,300,457800
20221121,13:54:03,13.05,400,457800
20221121,13:54:08,13.00,250,457800
20221121,13:54:09,13.05,300,457800
20221121,13:54:10,13.05,200,457800
20221121,13:54:14,13.10,200,456350
20221121,13:54:32,13.05,150,456350
20221121,13:54:36,13.05,100,456350
20221121,13:54:40,13.05,50,456350
20221121,13:54:41,13.05,50,456350
20221121,13:54:42,13.05,100,456350
20221121,13:54:45,13.05,200,456350
20221121,13:54:54,13.05,250,456350
20221121,13:55:02,13.15,200,456350
20221121,13:55:19,13.10,150,456350
20221121,13:55:41,13.10,150,456350
20221121,13:55:49,13.05,50,456350
20221121,13:55:50,13.05,50,456350
20221121,13:55:55,13.05,300,456350
20221121,13:56:11,12.95,400,456350
20221121,13:56:51,13.00,50,456350
20221121,13:57:07,12.95,50,456350
20221121,13:57:31,13.05,50,457150
20221121,13:58:17,13.05,850,457150
20221121,13:58:18,13.05,200,457150
20221121,13:59:01,13.10,50,457150
20221121,13:59:03,13.15,150,457150
20221121,13:59:13,13.30,400,457150
20221121,13:59:17,13.40,50,457150
20221121,13:59:40,13.25,100,457150
20221121,13:59:51,13.20,200,457150
20221121,14:00:28,13.20,50,458100
20221121,14:00:37,13.15,200,458100
20221121,14:00:41,13.20,50,458100
20221121,14:00:46,13.00,200,458100
20221121,14:00:49,12.75,600,458100
20221121,14:00:52,12.80,50,458100
20221121,14:00:55,12.80,400,458100
20221121,14:00:56,12.85,100,458100
20221121,14:00:59,12.85,150,458100
20221121,14:01:03,12.60,150,458100
20221121,14:01:04,12.40,3550,458100
20221121,14:01:06,12.40,200,458100
20221121,14:01:08,12.30,50,458100
20221121,14:01:10,12.20,450,458100
20221121,14:01:12,12.10,1100,458100
20221121,14:01:15,12.15,50,458100
20221121,14:01:16,12.10,250,458100
20221121,14:01:17,12.05,500,458100
20221121,14:01:19,12.20,850,458100
20221121,14:01:20,12.25,50,458100
20221121,14:01:22,12.30,100,458100
20221121,14:01:32,12.30,300,458100
20221121,14:01:36,12.35,50,458100
20221121,14:01:38,12.35,450,458100
20221121,14:01:41,12.45,50,458100
20221121,14:01:46,12.55,200,458100
20221121,14:01:47,12.50,50,458100
20221121,14:01:51,12.55,150,458100
20221121,14:01:52,12.55,50,458100
20221121,14:01:53,12.55,50,458100
20221121,14:01:55,12.55,100,458100
20221121,14:02:00,12.50,50,458100
20221121,14:02:02,12.45,50,458100
20221121,14:02:03,12.50,50,458100
20221121,14:02:09,12.55,400,458100
20221121,14:02:22,12.55,50,458100
20221121,14:02:42,12.60,400,458100
20221121,14:03:31,12.80,50,452500
20221121,14:03:50,12.90,400,452500
20221121,14:04:01,12.80,50,452500
20221121,14:04:02,12.80,150,452500
20221121,14:04:14,12.90,150,452500
20221121,14:04:50,13.00,100,452500
20221121,14:05:12,12.90,150,452500
20221121,14:05:24,13.10,50,452500
20221121,14:05:49,13.05,150,452500
20221121,14:06:20,13.45,500,453200
20221121,14:06:23,13.55,350,453200
20221121,14:06:26,13.50,100,453200
20221121,14:06:32,13.45,50,453200
20221121,14:07:17,13.55,150,453200
20221121,14:07:24,13.40,50,453200
20221121,14:07:43,13.60,50,453200
20221121,14:07:44,13.60,50,453200
20221121,14:07:45,13.60,250,453200
20221121,14:07:47,13.55,100,453200
20221121,14:07:48,13.50,50,453200
20221121,14:07:49,13.50,50,453200
20221121,14:07:51,13.45,100,453200
20221121,14:07:52,13.50,50,453200
20221121,14:07:54,13.50,50,453200
20221121,14:08:06,13.50,1500,453200
20221121,14:08:10,13.40,100,453200
20221121,14:08:48,13.35,150,453200
20221121,14:08:49,13.40,300,453200
20221121,14:08:50,13.40,50,453200
20221121,14:08:59,13.35,50,453200
20221121,14:09:01,13.35,200,453200
20221121,14:09:03,13.35,100,453200
20221121,14:09:12,13.45,50,453200
20221121,14:09:23,13.50,1500,454150
20221121,14:09:27,13.45,50,454150
20221121,14:09:29,13.50,150,454150
20221121,14:09:33,13.55,150,454150
20221121,14:09:35,13.50,50,454150
20221121,14:09:36,13.50,50,454150
20221121,14:09:51,13.50,500,454150
20221121,14:10:07,13.60,50,454150
20221121,14:10:15,13.75,100,454150
20221121,14:10:26,13.75,250,454150
20221121,14:10:39,13.60,50,454150
20221121,14:10:41,13.45,50,454150
20221121,14:10:43,13.55,100,454150
20221121,14:10:50,13.45,100,454150
20221121,14:10:52,13.55,50,454150
20221121,14:11:00,13.35,200,454150
20221121,14:11:05,13.40,50,454150
20221121,14:11:10,13.25,50,454150
20221121,14:11:13,13.35,200,454150
20221121,14:11:22,13.30,100,454150
20221121,14:12:01,13.25,50,454150
20221121,14:13:18,13.40,100,454650
20221121,14:13:36,13.20,1300,454650
20221121,14:14:02,13.20,100,454650
20221121,14:14:04,13.20,400,454650
20221121,14:14:26,13.20,50,454650
20221121,14:14:30,13.05,50,454650
20221121,14:14:32,13.00,1100,454650
20221121,14:14:33,13.05,250,454650
20221121,14:14:42,13.10,200,454650
20221121,14:14:51,13.20,250,454650
20221121,14:15:04,13.20,150,454650
20221121,14:15:10,13.15,450,454650
20221121,14:15:16,13.10,200,453650
20221121,14:15:17,13.10,100,453650
20221121,14:15:43,13.10,350,453650
20221121,14:15:50,13.20,100,453650
20221121,14:15:52,13.25,50,453650
20221121,14:15:54,13.30,250,453650
20221121,14:16:01,13.35,100,453650
20221121,14:16:06,13.30,50,453650
20221121,14:16:10,13.30,50,453650
20221121,14:16:12,13.25,150,453650
20221121,14:16:19,13.50,300,453650
20221121,14:16:20,13.60,150,453650
20221121,14:16:22,13.50,200,453650
20221121,14:16:29,13.50,50,453650
20221121,14:16:37,13.60,50,453650
20221121,14:16:41,13.60,200,453650
20221121,14:16:42,13.50,50,453650
20221121,14:16:47,13.55,50,453650
20221121,14:16:49,13.60,400,453650
20221121,14:16:52,13.60,200,453650
20221121,14:16:55,13.60,350,453650
20221121,14:17:10,13.50,50,453650
20221121,14:17:11,13.50,200,453650
20221121,14:17:19,13.45,50,453650
20221121,14:17:29,13.55,50,453650
20221121,14:17:35,13.60,200,453650
20221121,14:17:42,13.65,650,453650
20221121,14:17:45,13.75,850,453650
20221121,14:17:50,13.65,200,453650
20221121,14:17:52,13.70,200,453650
20221121,14:18:07,13.65,200,453650
20221121,14:18:32,13.80,600,452850
20221121,14:18:35,13.65,50,452850
20221121,14:18:52,13.65,50,452850
20221121,14:19:26,13.65,200,452850
20221121,14:19:29,13.65,200,452850
20221121,14:19:40,13.75,200,452850
20221121,14:19:48,13.75,200,452850
20221121,14:20:01,13.70,200,452850
20221121,14:20:04,13.75,200,452850
20221121,14:20:05,13.90,600,452850
20221121,14:20:10,13.90,400,452850
20221121,14:20:11,13.90,750,452850
20221121,14:20:13,13.85,200,452850
20221121,14:20:24,13.80,50,452850
20221121,14:21:29,13.50,200,451750
20221121,14:21:42,13.45,50,451750
20221121,14:21:47,13.50,50,451750
20221121,14:21:49,13.50,200,451750
20221121,14:22:03,13.40,50,451750
20221121,14:22:15,13.40,50,451750
20221121,14:22:57,13.65,150,451750
20221121,14:23:03,13.65,100,451750
20221121,14:23:22,13.65,100,451750
20221121,14:23:31,13.65,50,451750
20221121,14:23:46,13.75,50,451750
20221121,14:23:47,13.65,50,451750
20221121,14:24:01,13.70,100,451750
20221121,14:24:04,13.55,50,451750
20221121,14:24:12,13.80,450,451750
20221121,14:24:13,13.65,100,451750
20221121,14:24:15,13.70,50,451750
20221121,14:24:22,13.80,50,452000
20221121,14:25:05,14.15,1500,452000
20221121,14:25:14,13.95,50,452000
20221121,14:25:32,13.85,50,452000
20221121,14:26:14,13.95,100,452000
20221121,14:26:21,13.80,50,452000
20221121,14:26:38,13.75,50,452000
20221121,14:26:42,13.90,50,452000
20221121,14:26:43,13.90,50,452000
20221121,14:26:56,13.80,50,452000
20221121,14:26:58,13.75,50,452000
20221121,14:27:09,13.70,400,452000
20221121,14:27:19,13.70,400,453400
20221121,14:27:28,13.70,150,453400
20221121,14:28:04,13.85,100,453400
20221121,14:28:05,13.85,50,453400
20221121,14:28:10,13.95,200,453400
20221121,14:28:17,13.95,600,453400
20221121,14:28:24,14.25,100,453400
20221121,14:28:28,14.30,300,453400
20221121,14:28:32,14.30,100,453400
20221121,14:29:17,14.20,100,453400
20221121,14:29:18,14.20,200,453400
20221121,14:29:20,14.25,100,453400
20221121,14:29:21,14.25,50,453400
20221121,14:29:24,14.10,450,453400
20221121,14:29:29,14.15,100,453400
20221121,14:29:30,14.05,200,453400
20221121,14:29:33,14.10,50,453400
20221121,14:29:44,14.15,100,453400
20221121,14:30:04,14.10,50,453400
20221121,14:30:15,14.30,50,453400
20221121,14:30:16,14.20,100,453400
20221121,14:30:18,14.10,100,453400
20221121,14:30:19,14.10,50,452450
20221121,14:30:20,14.15,100,452450
20221121,14:30:21,14.15,100,452450
20221121,14:30:23,14.00,100,452450
20221121,14:30:24,14.10,150,452450
20221121,14:30:25,14.05,50,452450
20221121,14:30:29,14.05,100,452450
20221121,14:30:30,14.05,100,452450
20221121,14:30:31,14.15,100,452450
20221121,14:30:37,14.15,100,452450
20221121,14:30:48,14.10,200,452450
20221121,14:30:55,14.10,100,452450
20221121,14:31:09,13.95,50,452450
20221121,14:31:10,13.95,50,452450
20221121,14:31:11,13.95,50,452450
20221121,14:31:13,14.05,50,452450
20221121,14:31:16,14.10,100,452450
20221121,14:31:21,14.00,50,452450
20221121,14:31:23,14.05,50,452450
20221121,14:31:27,14.00,50,452450
20221121,14:31:28,14.00,350,452450
20221121,14:31:29,13.95,400,452450
20221121,14:31:31,13.90,200,452450
20221121,14:31:32,13.95,200,452450
20221121,14:31:58,13.95,50,452450
20221121,14:32:16,14.05,50,452450
20221121,14:32:23,13.95,50,452450
20221121,14:32:24,13.85,200,452450
20221121,14:32:28,13.80,100,452450
20221121,14:32:29,13.80,300,452450
20221121,14:32:30,13.70,50,452450
20221121,14:32:32,13.70,50,452450
20221121,14:32:40,13.95,100,452450
20221121,14:32:43,13.95,100,452450
20221121,14:32:51,13.85,100,452450
20221121,14:32:53,13.90,100,452450
20221121,14:33:08,13.95,100,452450
20221121,14:33:10,13.95,100,452450
20221121,14:33:13,13.85,200,452450
20221121,14:33:14,13.85,150,452450
20221121,14:33:16,13.95,100,452450
20221121,14:33:19,13.75,700,451700
20221121,14:33:24,13.90,100,451700
20221121,14:33:25,13.95,100,451700
20221121,14:33:28,13.85,100,451700
20221121,14:33:35,14.20,300,451700
20221121,14:33:55,14.25,100,451700
20221121,14:34:21,14.30,100,451700
20221121,14:34:28,14.40,100,451700
20221121,14:34:29,14.40,150,451700
20221121,14:34:39,14.65,350,451700
20221121,14:34:43,14.60,700,451700
20221121,14:34:44,14.50,150,451700
20221121,14:34:46,14.55,50,451700
20221121,14:34:48,14.55,150,451700
20221121,14:34:52,14.50,50,451700
20221121,14:34:54,14.65,200,451700
20221121,14:34:55,14.65,100,451700
20221121,14:35:11,14.35,250,451700
20221121,14:35:15,14.35,50,451700
20221121,14:35:17,14.25,200,451700
20221121,14:35:30,14.30,100,451700
20221121,14:35:31,14.35,200,451700
20221121,14:35:40,14.40,100,451700
20221121,14:35:44,14.35,300,451700
20221121,14:35:45,14.20,100,451700
20221121,14:36:22,14.55,650,451800
20221121,14:36:31,14.45,50,451800
20221121,14:36:45,14.60,50,451800
20221121,14:36:46,14.55,50,451800
20221121,14:37:01,14.25,50,451800
20221121,14:37:02,14.20,150,451800
20221121,14:37:05,14.25,50,451800
20221121,14:37:06,14.30,50,451800
20221121,14:37:06,14.20,50,451800
20221121,14:37:41,13.85,50,451800
20221121,14:37:48,13.90,200,451800
20221121,14:37:57,13.90,150,451800
20221121,14:38:03,14.00,350,451800
20221121,14:38:36,13.90,50,451800
20221121,14:38:38,13.85,50,451800
20221121,14:38:47,13.85,50,451800
20221121,14:38:52,13.70,50,451800
20221121,14:38:54,13.80,100,451800
20221121,14:38:56,13.70,300,451800
20221121,14:38:59,13.75,50,451800
20221121,14:39:01,13.70,50,451800
20221121,14:39:17,13.85,50,451800
20221121,14:39:25,13.80,50,451800
20221121,14:39:50,13.85,50,451950
20221121,14:40:00,14.00,250,451950
20221121,14:40:04,14.05,250,451950
20221121,14:40:11,14.10,500,451950
20221121,14:40:26,14.00,300,451950
20221121,14:40:42,13.85,50,451950
20221121,14:40:44,13.90,300,451950
20221121,14:41:12,13.95,300,451950
20221121,14:41:28,13.95,300,451950
20221121,14:41:40,13.90,300,451950
20221121,14:42:35,13.80,300,452250
20221121,14:43:05,13.80,50,452250
20221121,14:43:10,13.85,300,452250
20221121,14:43:25,13.95,400,452250
20221121,14:43:29,14.05,200,452250
20221121,14:43:33,14.15,300,452250
20221121,14:43:35,14.05,50,452250
20221121,14:44:08,14.15,300,452250
20221121,14:44:21,14.10,300,452250
20221121,14:44:24,14.20,300,452250
20221121,14:44:25,14.10,50,452250
20221121,14:44:45,14.05,50,452250
20221121,14:44:46,14.15,300,452250
20221121,14:44:46,14.15,100,452250
20221121,14:44:50,14.20,500,452250
20221121,14:44:51,14.15,50,452250
20221121,14:44:54,14.30,400,452250
20221121,14:45:03,14.35,400,452250
20221121,14:45:04,14.25,50,452250
20221121,14:45:16,14.25,500,452250
20221121,14:45:19,14.30,550,452250
20221121,14:45:23,14.30,250,452950
20221121,14:45:24,14.45,1000,452950
20221121,14:45:26,14.50,300,452950
20221121,14:45:27,14.45,300,452950
20221121,14:45:31,14.20,450,452950
20221121,14:45:33,14.15,50,452950
20221121,14:45:35,14.10,50,452950
20221121,14:45:39,14.10,150,452950
20221121,14:45:40,14.10,1300,452950
20221121,14:45:42,14.00,50,452950
20221121,14:45:46,14.15,300,452950
20221121,14:45:47,14.15,300,452950
20221121,14:45:48,14.10,450,452950
20221121,14:45:50,14.00,700,452950
20221121,14:46:02,13.95,200,452950
20221121,14:46:04,13.95,350,452950
20221121,14:46:07,13.85,50,452950
20221121,14:46:22,14.05,200,452950
20221121,14:46:37,14.05,200,452950
20221121,14:46:50,14.15,100,452950
20221121,14:46:52,14.10,200,452950
20221121,14:47:02,14.30,100,452950
20221121,14:47:08,14.40,50,452950
20221121,14:47:26,14.35,50,452950
20221121,14:47:57,14.00,300,452950
20221121,14:48:03,13.25,250,452950
20221121,14:48:05,13.10,750,452950
20221121,14:48:06,12.85,300,452950
20221121,14:48:08,12.60,750,452950
20221121,14:48:10,12.50,3250,452950
20221121,14:48:11,12.35,300,452950
20221121,14:48:13,12.30,150,452950
20221121,14:48:15,12.00,1800,452950
20221121,14:48:16,12.10,350,452950
20221121,14:48:18,12.15,50,452950
20221121,14:48:19,12.20,300,452950
20221121,14:48:21,12.25,750,452950
20221121,14:48:24,12.40,50,452100
20221121,14:48:26,12.40,850,452100
20221121,14:48:28,12.45,50,452100
20221121,14:48:32,12.45,50,452100
20221121,14:48:37,12.35,50,452100
20221121,14:49:06,12.35,50,452100
20221121,14:49:07,12.35,1750,452100
20221121,14:49:11,12.20,50,452100
20221121,14:49:13,12.25,100,452100
20221121,14:49:14,12.30,100,452100
20221121,14:49:25,12.35,50,452100
20221121,14:49:32,12.15,50,452100
20221121,14:49:35,12.30,400,452100
20221121,14:49:37,12.30,250,452100
20221121,14:49:38,12.30,150,452100
20221121,14:49:39,12.25,350,452100
20221121,14:49:40,12.20,50,452100
20221121,14:49:45,12.15,50,452100
20221121,14:49:55,11.90,450,452100
20221121,14:50:01,11.80,250,452100
20221121,14:50:04,11.95,350,452100
20221121,14:50:06,12.00,1250,452100
20221121,14:50:18,12.30,200,452100
20221121,14:50:19,12.40,100,452100
20221121,14:50:21,12.35,300,452100
20221121,14:50:22,12.50,100,452100
20221121,14:50:35,12.45,100,452100
20221121,14:50:37,12.55,100,452100
20221121,14:50:40,12.55,50,452100
20221121,14:50:45,12.55,100,452100
20221121,14:51:21,12.90,50,452100
20221121,14:51:23,12.90,50,452600
20221121,14:51:25,13.00,100,452600
20221121,14:51:28,13.15,500,452600
20221121,14:51:31,13.05,500,452600
20221121,14:51:33,13.25,250,452600
20221121,14:51:35,13.10,50,452600
20221121,14:51:37,12.95,200,452600
20221121,14:51:43,13.00,50,452600
20221121,14:51:46,13.00,50,452600
20221121,14:51:49,13.05,50,452600
20221121,14:51:57,13.05,100,452600
20221121,14:52:01,13.10,50,452600
20221121,14:52:05,13.15,50,452600
20221121,14:52:06,13.10,50,452600
20221121,14:52:15,13.25,500,452600
20221121,14:52:16,13.10,150,452600
20221121,14:52:29,13.05,350,452600
20221121,14:52:34,13.25,500,452600
20221121,14:52:39,13.20,100,452600
20221121,14:53:04,13.05,50,452600
20221121,14:53:08,13.15,500,452600
20221121,14:53:12,13.05,50,452600
20221121,14:53:13,13.00,50,452600
20221121,14:53:25,13.05,50,452600
20221121,14:53:27,13.10,500,452600
20221121,14:53:36,13.00,150,452600
20221121,14:53:49,12.90,250,452600
20221121,14:54:10,13.00,250,452600
20221121,14:54:16,12.95,50,452600
20221121,14:54:19,12.95,50,452600
20221121,14:54:26,13.00,100,454700
20221121,14:54:28,12.95,250,454700
20221121,14:54:38,12.85,150,454700
20221121,14:54:50,12.70,300,454700
20221121,14:54:52,12.65,250,454700
20221121,14:55:02,12.60,50,454700
20221121,14:55:08,12.75,50,454700
20221121,14:55:14,12.80,250,454700
20221121,14:55:26,12.55,50,454700
20221121,14:55:30,12.70,50,454700
20221121,14:55:34,12.80,200,454700
20221121,14:55:36,12.85,250,454700
20221121,14:56:03,12.75,250,454700
20221121,14:56:14,12.70,50,454700
20221121,14:56:21,12.75,150,454700
20221121,14:56:35,12.80,100,454700
20221121,14:56:46,12.90,200,454700
20221121,14:56:49,12.90,100,454700
20221121,14:56:56,12.90,150,454700
20221121,14:57:07,12.80,50,454700
20221121,14:57:08,12.80,50,454700
20221121,14:57:09,12.80,2450,454700
20221121,14:57:18,12.95,100,454700
20221121,14:57:20,12.85,100,454700
20221121,14:57:26,12.80,200,453350
20221121,14:57:28,12.85,400,453350
20221121,14:57:29,12.90,50,453350
20221121,14:57:39,12.90,50,453350
20221121,14:57:40,12.95,150,453350
20221121,14:57:41,12.90,50,453350
20221121,14:57:41,12.95,150,453350
20221121,14:57:51,12.90,50,453350
20221121,14:57:57,12.85,150,453350
20221121,14:58:01,12.85,150,453350
20221121,14:58:11,12.80,850,453350
20221121,14:58:14,12.70,50,453350
20221121,14:58:17,12.70,150,453350
20221121,14:58:27,12.85,100,453350
20221121,14:58:36,12.80,50,453350
20221121,14:58:37,12.85,50,453350
20221121,14:58:40,12.85,50,453350
20221121,14:58:41,12.90,50,453350
20221121,14:58:47,12.90,50,453350
20221121,14:58:52,12.80,100,453350
20221121,14:58:53,12.80,50,453350
20221121,14:58:57,12.80,100,453350
20221121,14:58:58,12.80,1750,453350
20221121,14:59:01,12.65,50,453350
20221121,14:59:07,12.45,200,453350
20221121,14:59:12,12.40,250,453350
20221121,14:59:13,12.70,400,453350
20221121,14:59:16,12.80,200,453350
20221121,14:59:18,12.75,50,453350
20221121,14:59:34,12.85,300,453350
20221121,14:59:35,13.00,350,453350
20221121,14:59:38,13.10,50,453350
20221121,14:59:40,13.10,50,453350
20221121,14:59:42,13.05,150,453350
20221121,14:59:46,13.00,100,453350
20221121,14:59:49,13.00,50,453350
20221121,14:59:52,13.05,100,453350
20221121,14:59:53,13.05,200,453350
20221121,15:00:05,12.60,50,453350
20221121,15:00:06,12.75,300,453350
20221121,15:00:10,13.00,200,453350
20221121,15:00:11,13.00,50,453350
20221121,15:00:12,13.00,50,453350
20221121,15:00:14,12.95,200,453350
20221121,15:00:18,12.85,50,453350
20221121,15:00:22,13.15,350,453350
20221121,15:00:24,13.30,100,452450
20221121,15:00:26,13.55,700,452450
20221121,15:00:27,13.70,550,452450
20221121,15:00:29,14.20,2400,452450
20221121,15:00:31,13.90,900,452450
20221121,15:00:32,13.80,500,452450
20221121,15:00:34,13.80,200,452450
20221121,15:00:36,14.20,750,452450
20221121,15:00:37,14.15,900,452450
20221121,15:00:39,14.10,850,452450
20221121,15:00:41,14.00,450,452450
20221121,15:00:42,13.85,100,452450
20221121,15:00:46,13.90,700,452450
20221121,15:00:47,13.95,100,452450
20221121,15:00:49,14.10,100,452450
20221121,15:00:51,14.20,250,452450
20221121,15:00:52,14.15,300,452450
20221121,15:00:54,14.25,1550,452450
20221121,15:00:57,14.20,50,452450
20221121,15:00:59,14.40,200,452450
20221121,15:01:01,14.25,150,452450
20221121,15:01:02,14.10,50,452450
20221121,15:01:04,14.00,750,452450
20221121,15:01:06,13.85,100,452450
20221121,15:01:07,13.85,200,452450
20221121,15:01:09,14.00,1850,452450
20221121,15:01:14,13.85,100,452450
20221121,15:01:16,13.95,100,452450
20221121,15:01:17,13.80,200,452450
20221121,15:01:21,13.85,50,452450
20221121,15:01:22,13.70,250,452450
20221121,15:01:24,13.80,50,452450
20221121,15:01:31,13.75,50,452450
20221121,15:01:39,13.60,200,452450
20221121,15:01:44,13.80,50,452450
20221121,15:01:49,13.70,200,452450
20221121,15:02:06,13.70,50,452450
20221121,15:02:09,13.65,300,452450
20221121,15:02:15,13.80,200,452450
20221121,15:02:17,13.75,50,452450
20221121,15:02:20,13.65,50,452450
20221121,15:02:29,13.70,700,452450
20221121,15:02:38,13.60,1400,452450
20221121,15:02:39,13.50,500,452450
20221121,15:02:41,13.50,1050,452450
20221121,15:02:42,13.45,550,452450
20221121,15:02:48,13.35,150,452450
20221121,15:02:53,13.25,50,452450
20221121,15:02:56,13.15,500,452450
20221121,15:02:58,13.25,50,452450
20221121,15:02:59,13.20,250,452450
20221121,15:03:04,13.15,50,452450
20221121,15:03:06,13.00,100,452450
20221121,15:03:22,13.10,50,452450
20221121,15:03:29,12.90,50,452450
20221121,15:03:46,12.55,100,449250
20221121,15:03:48,12.65,50,449250
20221121,15:03:50,12.70,50,449250
20221121,15:03:51,12.75,50,449250
20221121,15:03:55,12.85,200,449250
20221121,15:04:00,12.70,150,449250
20221121,15:04:01,12.55,1050,449250
20221121,15:04:03,12.50,150,449250
20221121,15:04:05,12.40,50,449250
20221121,15:04:08,12.40,100,449250
20221121,15:04:13,12.65,50,449250
20221121,15:04:17,12.65,50,449250
20221121,15:04:21,12.75,50,449250
20221121,15:04:26,12.90,250,449250
20221121,15:04:29,12.90,50,449250
20221121,15:04:31,12.85,50,449250
20221121,15:04:33,12.75,50,449250
20221121,15:04:37,12.80,100,449250
20221121,15:04:41,12.90,100,449250
20221121,15:04:47,13.10,1300,449250
20221121,15:04:50,13.00,100,449250
20221121,15:04:51,12.90,250,449250
20221121,15:04:56,12.85,300,449250
20221121,15:04:57,12.85,750,449250
20221121,15:04:59,12.80,50,449250
20221121,15:05:01,12.70,100,449250
20221121,15:05:04,12.60,50,449250
20221121,15:05:12,12.85,900,449250
20221121,15:05:15,13.05,50,449250
20221121,15:05:46,12.75,50,449250
20221121,15:06:00,13.15,200,449250
20221121,15:06:01,13.05,50,449250
20221121,15:06:10,13.10,50,449250
20221121,15:06:16,13.10,150,449250
20221121,15:06:22,13.00,100,449250
20221121,15:06:25,13.00,150,451300
20221121,15:06:28,12.95,750,451300
20221121,15:06:30,12.95,200,451300
20221121,15:06:46,12.85,50,451300
20221121,15:07:01,12.75,1900,451300
20221121,15:07:06,12.70,2650,451300
20221121,15:07:07,12.80,900,451300
20221121,15:07:11,12.85,50,451300
20221121,15:07:15,12.85,1700,451300
20221121,15:07:16,12.90,50,451300
20221121,15:07:20,12.80,4500,451300
20221121,15:07:27,12.75,50,451300
20221121,15:07:30,12.80,50,451300
20221121,15:07:33,12.65,1000,451300
20221121,15:07:34,12.70,50,451300
20221121,15:07:35,12.70,200,451300
20221121,15:07:36,12.70,350,451300
20221121,15:07:39,12.75,500,451300
20221121,15:07:41,12.85,250,451300
20221121,15:07:59,12.65,850,451300
20221121,15:08:00,12.65,950,451300
20221121,15:08:02,12.60,1800,451300
20221121,15:08:08,12.65,200,451300
20221121,15:08:16,12.65,50,451300
20221121,15:08:16,12.65,700,451300
20221121,15:08:20,12.65,800,451300
20221121,15:08:22,12.65,600,451300
20221121,15:08:23,12.65,200,451300
20221121,15:08:26,12.65,250,451300
20221121,15:08:30,12.65,600,451300
20221121,15:08:32,12.65,200,451300
20221121,15:08:35,12.70,200,451300
20221121,15:08:36,12.65,3850,451300
20221121,15:08:37,12.65,7550,451300
20221121,15:08:38,12.65,50,451300
20221121,15:08:40,12.70,50,451300
20221121,15:08:43,12.70,100,451300
20221121,15:08:52,12.85,250,451300
20221121,15:09:01,12.65,100,451300
20221121,15:09:03,12.65,1300,451300
20221121,15:09:04,12.70,550,451300
20221121,15:09:11,12.70,350,451300
20221121,15:09:12,12.80,400,451300
20221121,15:09:13,12.80,200,451300
20221121,15:09:19,12.70,150,451300
20221121,15:09:20,12.70,400,451300
20221121,15:09:21,12.65,50,451300
20221121,15:09:23,12.55,3700,451300
20221121,15:09:25,12.65,400,451300
20221121,15:09:33,12.70,1300,451650
20221121,15:09:39,12.70,50,451650
20221121,15:09:43,12.80,200,451650
20221121,15:09:55,12.65,1200,451650
20221121,15:09:57,12.70,200,451650
20221121,15:10:01,12.50,200,451650
20221121,15:10:06,12.60,250,451650
20221121,15:10:07,12.60,100,451650
20221121,15:10:09,12.65,50,451650
20221121,15:10:15,12.60,200,451650
20221121,15:10:17,12.65,200,451650
20221121,15:10:18,12.65,50,451650
20221121,15:10:32,12.65,650,451650
20221121,15:10:39,12.65,400,451650
20221121,15:10:47,12.70,300,451650
20221121,15:11:02,12.50,150,451650
20221121,15:11:03,12.40,1350,451650
20221121,15:11:08,12.40,350,451650
20221121,15:11:09,12.40,50,451650
20221121,15:11:12,12.35,350,451650
20221121,15:11:16,12.30,50,451650
20221121,15:11:17,12.30,100,451650
20221121,15:11:18,12.40,200,451650
20221121,15:11:20,12.35,50,451650
20221121,15:11:23,12.25,200,451650
20221121,15:11:25,12.35,100,451650
20221121,15:11:26,12.45,200,451650
20221121,15:11:33,12.50,150,451650
20221121,15:11:34,12.40,150,451650
20221121,15:11:36,12.40,200,451650
20221121,15:11:37,12.40,50,451650
20221121,15:11:40,12.45,250,451650
20221121,15:11:50,12.50,200,451650
20221121,15:11:51,12.40,1000,451650
20221121,15:11:52,12.35,100,451650
20221121,15:11:59,12.25,200,451650
20221121,15:12:00,12.20,350,451650
20221121,15:12:11,12.35,100,451650
20221121,15:12:17,12.50,100,451650
20221121,15:13:00,12.40,350,450800
20221121,15:13:01,12.05,200,450800
20221121,15:13:05,12.05,50,450800
20221121,15:13:14,12.20,50,450800
20221121,15:13:27,11.80,2500,450800
20221121,15:13:31,11.75,50,450800
20221121,15:13:32,11.65,150,450800
20221121,15:13:34,11.45,300,450800
20221121,15:13:36,11.40,300,450800
20221121,15:13:37,11.40,950,450800
20221121,15:13:39,11.35,750,450800
20221121,15:13:40,11.35,100,450800
20221121,15:13:42,11.40,50,450800
20221121,15:13:43,11.60,50,450800
20221121,15:13:53,11.55,350,450800
20221121,15:14:00,11.70,50,450800
20221121,15:14:01,11.70,100,450800
20221121,15:14:04,11.75,100,450800
20221121,15:14:07,11.75,100,450800
20221121,15:14:08,11.75,800,450800
20221121,15:14:15,11.65,250,450800
20221121,15:14:18,11.60,150,450800
20221121,15:14:21,11.75,50,450800
20221121,15:14:26,11.70,100,450800
20221121,15:14:30,11.75,50,450800
20221121,15:14:32,11.75,100,450800
20221121,15:14:33,11.75,50,450800
20221121,15:14:35,11.80,250,450800
20221121,15:14:50,11.70,1500,450800
20221121,15:14:52,11.70,200,450800
20221121,15:14:59,11.55,500,450800
20221121,15:15:01,11.40,700,450800
20221121,15:15:02,11.50,250,450800
20221121,15:15:21,11.85,650,450800
20221121,15:15:23,11.85,100,450800
20221121,15:15:25,11.70,1100,450800
20221121,15:15:28,11.75,400,445650
20221121,15:15:30,11.75,300,445650
20221121,15:15:31,11.65,100,445650
20221121,15:15:41,11.75,200,445650
20221121,15:15:47,11.85,50,445650
20221121,15:15:53,11.85,350,445650
20221121,15:16:03,11.90,50,445650
20221121,15:16:04,11.75,200,445650
20221121,15:16:05,11.85,2700,445650
20221121,15:16:08,11.85,50,445650
20221121,15:16:12,12.00,50,445650
20221121,15:16:15,12.00,100,445650
20221121,15:16:27,12.00,1000,445650
20221121,15:16:30,12.05,50,445650
20221121,15:16:37,12.05,100,445650
20221121,15:16:38,12.05,50,445650
20221121,15:16:42,12.15,250,445650
20221121,15:16:45,12.15,800,445650
20221121,15:16:47,12.15,50,445650
20221121,15:16:52,12.25,450,445650
20221121,15:16:58,12.20,50,445650
20221121,15:17:00,12.25,100,445650
20221121,15:17:06,12.15,50,445650
20221121,15:17:08,12.20,50,445650
20221121,15:17:10,12.25,100,445650
20221121,15:17:12,12.25,50,445650
20221121,15:17:16,12.20,100,445650
20221121,15:17:22,12.20,100,445650
20221121,15:17:28,12.20,200,445650
20221121,15:17:38,12.05,50,445650
20221121,15:17:39,12.10,50,445650
20221121,15:17:40,12.10,300,445650
20221121,15:17:51,12.15,100,445650
20221121,15:17:52,12.05,100,445650
20221121,15:18:00,12.00,50,445650
20221121,15:18:09,12.00,200,445650
20221121,15:18:30,12.15,900,445650
20221121,15:18:31,12.00,200,444000
20221121,15:18:34,12.00,100,444000
20221121,15:18:38,12.10,250,444000
20221121,15:18:49,12.00,50,444000
20221121,15:18:59,12.15,100,444000
20221121,15:19:06,12.10,150,444000
20221121,15:19:11,12.15,200,444000
20221121,15:19:22,12.10,150,444000
20221121,15:19:28,12.15,400,444000
20221121,15:19:31,12.20,100,444000
20221121,15:19:32,12.15,200,444000
20221121,15:19:34,12.20,200,444000
20221121,15:19:36,12.25,50,444000
20221121,15:19:39,12.30,250,444000
20221121,15:19:40,12.30,100,444000
20221121,15:19:42,12.30,50,444000
20221121,15:19:47,12.30,400,444000
20221121,15:19:50,12.45,100,444000
20221121,15:19:55,12.50,200,444000
20221121,15:19:58,12.45,350,444000
20221121,15:19:59,12.55,200,444000
20221121,15:20:01,12.50,750,444000
20221121,15:20:03,12.55,500,444000
20221121,15:20:04,12.55,200,444000
20221121,15:20:06,12.50,550,444000
20221121,15:20:12,12.50,100,444000
20221121,15:20:24,12.50,200,444000
20221121,15:20:25,12.50,550,444000
20221121,15:20:27,12.60,150,444000
20221121,15:20:28,12.60,250,444000
20221121,15:20:30,12.60,350,444000
20221121,15:20:31,12.55,100,444000
20221121,15:20:33,12.65,100,444000
20221121,15:20:35,12.65,200,444000
20221121,15:20:37,12.60,200,444000
20221121,15:20:41,12.75,50,444000
20221121,15:20:47,12.60,100,444000
20221121,15:20:49,12.50,300,444000
20221121,15:20:51,12.45,300,444000
20221121,15:20:52,12.55,200,444000
20221121,15:20:55,12.80,50,444000
20221121,15:20:57,12.75,600,444000
20221121,15:21:03,12.75,50,444000
20221121,15:21:05,12.60,100,444000
20221121,15:21:06,12.70,450,444000
20221121,15:21:08,12.65,50,444000
20221121,15:21:09,12.60,600,444000
20221121,15:21:11,12.70,100,444000
20221121,15:21:14,12.65,350,444000
20221121,15:21:17,12.70,50,444000
20221121,15:21:18,12.75,900,444000
20221121,15:21:19,12.65,50,444000
20221121,15:21:21,12.60,100,444000
20221121,15:21:23,12.60,500,444000
20221121,15:21:29,12.45,100,442950
20221121,15:21:32,12.50,1800,442950
20221121,15:21:33,12.50,1800,442950
20221121,15:21:35,12.45,100,442950
20221121,15:21:55,12.40,300,442950
20221121,15:22:07,12.30,100,442950
20221121,15:22:10,12.45,150,442950
20221121,15:22:14,12.35,150,442950
20221121,15:22:21,12.45,100,442950
20221121,15:22:26,12.35,500,442950
20221121,15:22:27,12.30,700,442950
20221121,15:22:33,12.35,100,442950
20221121,15:22:35,12.30,150,442950
20221121,15:22:36,12.35,50,442950
20221121,15:22:40,12.30,200,442950
20221121,15:22:42,12.35,50,442950
20221121,15:22:44,12.30,250,442950
20221121,15:22:57,12.25,250,442950
20221121,15:22:59,12.35,50,442950
20221121,15:23:03,12.40,50,442950
20221121,15:23:09,12.50,1500,442950
20221121,15:23:11,12.45,150,442950
20221121,15:23:14,12.35,2100,442950
20221121,15:23:17,12.35,200,442950
20221121,15:23:19,12.35,50,442950
20221121,15:23:21,12.50,200,442950
20221121,15:23:28,12.35,200,442950
20221121,15:23:35,12.35,200,442950
20221121,15:23:37,12.30,50,442950
20221121,15:23:38,12.30,50,442950
20221121,15:23:39,12.25,50,442950
20221121,15:23:41,12.40,150,442950
20221121,15:23:53,12.40,100,442950
20221121,15:23:55,12.35,50,442950
20221121,15:23:58,12.40,400,442950
20221121,15:23:59,12.35,50,442950
20221121,15:24:02,12.25,250,442950
20221121,15:24:11,12.35,200,442950
20221121,15:24:12,12.30,50,442950
20221121,15:24:15,12.35,200,442950
20221121,15:24:18,12.35,300,442950
20221121,15:24:19,12.30,50,442950
20221121,15:24:23,12.30,50,442950
20221121,15:24:24,12.35,450,442950
20221121,15:24:27,12.40,1500,437900
20221121,15:24:29,12.30,50,437900
20221121,15:24:37,12.20,100,437900
20221121,15:24:44,12.30,150,437900
20221121,15:24:47,12.25,400,437900
20221121,15:24:50,12.20,50,437900
20221121,15:24:51,12.30,200,437900
20221121,15:24:54,12.20,100,437900
20221121,15:25:01,12.20,200,437900
20221121,15:25:02,12.15,50,437900
20221121,15:25:04,12.15,150,437900
20221121,15:25:05,12.10,100,437900
20221121,15:25:17,12.20,350,437900
20221121,15:25:19,12.20,50,437900
20221121,15:25:20,12.20,50,437900
20221121,15:25:22,12.15,450,437900
20221121,15:25:23,12.10,100,437900
20221121,15:25:24,12.10,100,437900
20221121,15:25:25,12.20,50,437900
20221121,15:25:26,12.10,100,437900
20221121,15:25:29,12.25,700,437900
20221121,15:25:31,12.20,750,437900
20221121,15:25:32,12.20,50,437900
20221121,15:25:35,12.30,1150,437900
20221121,15:25:36,12.25,250,437900
20221121,15:25:38,11.85,300,437900
20221121,15:25:40,11.85,100,437900
20221121,15:25:41,11.85,1950,437900
20221121,15:25:44,11.75,1700,437900
20221121,15:25:51,11.65,550,437900
20221121,15:25:55,11.65,400,437900
20221121,15:25:56,11.80,100,437900
20221121,15:25:59,11.80,50,437900
20221121,15:26:00,12.00,900,437900
20221121,15:26:07,12.05,200,437900
20221121,15:26:12,12.05,500,437900
20221121,15:26:15,12.00,500,437900
20221121,15:26:18,11.95,250,437900
20221121,15:26:19,11.90,400,437900
20221121,15:26:21,11.95,100,437900
20221121,15:26:35,11.95,100,437900
20221121,15:26:59,12.00,50,437900
20221121,15:27:02,11.95,1000,437900
20221121,15:27:10,12.15,800,437900
20221121,15:27:12,12.15,400,437900
20221121,15:27:19,12.20,200,437900
20221121,15:27:21,12.10,800,437900
20221121,15:27:23,12.05,50,437900
20221121,15:27:24,12.25,200,437900
20221121,15:27:25,12.15,100,437900
20221121,15:27:26,12.15,700,437900
20221121,15:27:27,12.15,150,437900
20221121,15:27:29,12.30,50,430450
20221121,15:27:31,12.35,1100,430450
20221121,15:27:36,12.25,300,430450
20221121,15:27:37,12.40,100,430450
20221121,15:27:43,12.35,150,430450
20221121,15:27:44,12.20,500,430450
20221121,15:27:48,12.40,200,430450
20221121,15:27:49,12.40,250,430450
20221121,15:27:52,12.35,100,430450
20221121,15:27:54,12.50,200,430450
20221121,15:28:01,12.45,50,430450
20221121,15:28:02,12.50,50,430450
20221121,15:28:09,12.35,150,430450
20221121,15:28:22,12.40,50,430450
20221121,15:28:26,12.40,100,430450
20221121,15:28:30,12.35,150,430450
20221121,15:28:31,12.40,50,430450
20221121,15:28:34,12.40,200,430450
20221121,15:28:36,12.25,350,430450
20221121,15:28:37,12.40,50,430450
20221121,15:28:41,12.20,150,430450
20221121,15:28:45,12.20,50,430450
20221121,15:28:50,12.15,300,430450
20221121,15:28:53,12.15,250,430450
20221121,15:29:00,12.35,150,430450
20221121,15:29:06,12.25,100,430450
20221121,15:29:13,12.40,50,430450
20221121,15:29:16,12.35,50,430450
20221121,15:29:19,12.25,2800,430450
20221121,15:29:21,12.15,50,430450
20221121,15:29:22,12.25,400,430450
20221121,15:29:24,12.20,500,430450
20221121,15:29:26,12.20,100,430450
20221121,15:29:28,12.30,200,430450
20221121,15:29:35,12.00,200,430450
20221121,15:29:39,12.00,50,430450
20221121,15:29:41,12.15,100,430450
20221121,15:29:47,12.05,200,430450
20221121,15:29:50,12.00,200,430450
20221121,15:29:54,11.90,50,430450
20221121,15:29:55,12.00,100,430450
