20221130,09:15:15,43.55,1,23280
20221130,09:15:15,43.85,1,23280
20221130,09:15:15,39.45,560,23280
20221130,09:15:20,37.85,40,23280
20221130,09:15:25,44.25,240,23280
20221130,09:15:25,37.85,240,23280
20221130,09:15:30,54.95,600,23280
20221130,09:15:35,54.95,360,23280
20221130,09:15:40,50.15,80,23280
20221130,09:15:44,51.75,400,23280
20221130,09:15:48,52.20,600,23280
20221130,09:15:53,49.35,720,23280
20221130,09:15:57,49.30,320,23280
20221130,09:16:02,50.00,1280,23280
20221130,09:16:07,52.00,760,23280
20221130,09:16:12,51.50,40,23280
20221130,09:16:16,49.25,1120,23280
20221130,09:16:20,50.85,1440,23280
20221130,09:16:24,50.00,1240,23280
20221130,09:16:28,49.25,840,23280
20221130,09:16:31,49.00,280,23280
20221130,09:16:35,50.90,320,23280
20221130,09:16:39,51.00,640,23280
20221130,09:16:43,50.80,2480,23280
20221130,09:16:47,50.90,160,23280
20221130,09:16:51,50.65,240,23280
20221130,09:16:55,50.20,120,23280
20221130,09:16:59,50.05,600,23280
20221130,09:17:03,50.20,800,23280
20221130,09:17:06,50.45,200,23280
20221130,09:17:11,50.00,2000,23280
20221130,09:17:19,50.35,440,23280
20221130,09:17:23,50.05,520,30440
20221130,09:17:27,50.05,280,30440
20221130,09:17:31,50.00,200,30440
20221130,09:17:35,50.05,1000,30440
20221130,09:17:39,50.00,480,30440
20221130,09:17:43,50.15,1400,30440
20221130,09:17:47,49.15,1640,30440
20221130,09:17:50,50.25,320,30440
20221130,09:17:54,50.80,1240,30440
20221130,09:17:58,50.80,200,30440
20221130,09:18:03,50.30,1480,30440
20221130,09:18:07,50.60,480,30440
20221130,09:18:10,50.90,640,30440
20221130,09:18:14,51.05,320,30440
20221130,09:18:18,50.10,1920,30440
20221130,09:18:22,50.90,160,30440
20221130,09:18:26,50.30,2120,30440
20221130,09:18:30,50.25,200,30440
20221130,09:18:34,50.30,80,30440
20221130,09:18:37,51.00,320,30440
20221130,09:18:41,51.35,1520,30440
20221130,09:18:45,51.70,760,30440
20221130,09:18:49,52.15,440,30440
20221130,09:18:53,53.85,1240,30440
20221130,09:18:57,53.80,40,30440
20221130,09:19:01,53.00,1160,30440
20221130,09:19:05,53.80,1240,30440
20221130,09:19:09,54.50,520,30440
20221130,09:19:14,54.95,40,30440
20221130,09:19:18,54.80,2000,30440
20221130,09:19:26,55.90,3680,30440
20221130,09:19:31,56.70,1320,30440
20221130,09:19:35,55.05,2000,30440
20221130,09:19:39,56.00,1040,30440
20221130,09:19:43,57.20,520,30440
20221130,09:19:47,56.65,1600,30440
20221130,09:19:51,57.95,800,30440
20221130,09:19:55,56.00,1000,30440
20221130,09:19:59,56.70,1240,30440
20221130,09:20:03,57.00,680,30440
20221130,09:20:08,56.80,3000,30440
20221130,09:20:12,56.30,1920,30440
20221130,09:20:16,55.70,1320,30440
20221130,09:20:19,55.00,520,30440
20221130,09:20:20,55.10,40,30440
20221130,09:20:22,55.50,80,30440
20221130,09:20:23,55.70,40,44240
20221130,09:20:24,55.05,80,44240
20221130,09:20:27,55.35,200,44240
20221130,09:20:28,56.00,120,44240
20221130,09:20:29,56.25,240,44240
20221130,09:20:31,57.00,1040,44240
20221130,09:20:32,57.45,200,44240
20221130,09:20:34,57.50,320,44240
20221130,09:20:37,58.25,2080,44240
20221130,09:20:39,58.30,40,44240
20221130,09:20:40,58.90,2760,44240
20221130,09:20:41,58.90,240,44240
20221130,09:20:42,58.30,720,44240
20221130,09:20:43,57.85,2160,44240
20221130,09:20:45,58.05,1160,44240
20221130,09:20:46,58.50,120,44240
20221130,09:20:47,58.20,280,44240
20221130,09:20:48,58.00,1800,44240
20221130,09:20:49,57.60,1040,44240
20221130,09:20:52,57.65,1360,44240
20221130,09:20:53,57.20,320,44240
20221130,09:20:54,57.00,160,44240
20221130,09:20:56,57.40,120,44240
20221130,09:20:59,57.30,1840,44240
20221130,09:21:00,57.80,2040,44240
20221130,09:21:01,58.00,200,44240
20221130,09:21:02,57.95,800,44240
20221130,09:21:03,57.50,840,44240
20221130,09:21:04,57.25,2240,44240
20221130,09:21:05,57.00,160,44240
20221130,09:21:06,57.75,280,44240
20221130,09:21:08,57.95,120,44240
20221130,09:21:09,57.80,40,44240
20221130,09:21:11,57.40,40,44240
20221130,09:21:12,57.00,80,44240
20221130,09:21:17,57.00,80,44240
20221130,09:21:19,57.25,40,44240
20221130,09:21:20,57.00,80,44240
20221130,09:21:21,57.05,40,44240
20221130,09:21:22,57.30,40,44240
20221130,09:21:23,57.00,120,44240
20221130,09:21:25,57.00,40,44240
20221130,09:21:26,56.80,240,44240
20221130,09:21:28,57.15,320,44240
20221130,09:21:29,57.00,160,44240
20221130,09:21:29,56.75,1920,44240
20221130,09:21:31,56.75,40,44240
20221130,09:21:32,56.75,160,44240
20221130,09:21:33,57.15,2320,44240
20221130,09:21:34,57.40,320,44240
20221130,09:21:35,58.20,280,44240
20221130,09:21:36,57.75,160,44240
20221130,09:21:37,57.50,1920,44240
20221130,09:21:37,57.20,40,44240
20221130,09:21:39,56.95,120,44240
20221130,09:21:40,57.20,200,44240
20221130,09:21:41,56.80,40,44240
20221130,09:21:42,57.00,440,44240
20221130,09:21:44,56.85,40,44240
20221130,09:21:46,57.10,200,44240
20221130,09:21:47,57.55,120,44240
20221130,09:21:48,57.45,40,44240
20221130,09:21:50,57.55,120,44240
20221130,09:21:52,57.40,40,44240
20221130,09:21:53,57.80,40,44240
20221130,09:21:55,57.40,40,44240
20221130,09:21:57,57.75,80,44240
20221130,09:21:58,57.80,1520,44240
20221130,09:21:59,57.85,160,44240
20221130,09:22:01,58.00,1880,44240
20221130,09:22:02,57.90,200,44240
20221130,09:22:04,58.00,2120,44240
20221130,09:22:05,58.20,1200,44240
20221130,09:22:07,58.25,600,44240
20221130,09:22:08,57.80,80,44240
20221130,09:22:09,58.15,40,44240
20221130,09:22:11,57.90,360,44240
20221130,09:22:12,58.00,40,44240
20221130,09:22:13,58.25,40,44240
20221130,09:22:15,58.95,640,44240
20221130,09:22:17,59.20,2120,44240
20221130,09:22:18,59.20,280,44240
20221130,09:22:20,59.35,200,44240
20221130,09:22:21,59.35,160,44240
20221130,09:22:22,58.80,360,44240
20221130,09:22:23,59.60,760,44240
20221130,09:22:24,59.80,280,44240
20221130,09:22:26,59.85,40,44240
20221130,09:22:27,59.85,320,44240
20221130,09:22:29,60.00,600,44240
20221130,09:22:30,60.10,320,44240
20221130,09:22:32,60.10,40,44240
20221130,09:22:33,60.10,40,44240
20221130,09:22:34,60.65,40,44240
20221130,09:22:35,60.65,40,44240
20221130,09:22:42,60.55,40,44240
20221130,09:22:43,61.15,1960,44240
20221130,09:22:44,61.35,120,44240
20221130,09:22:45,61.35,120,44240
20221130,09:22:46,60.85,80,44240
20221130,09:22:47,60.50,2760,44240
20221130,09:22:48,61.20,280,44240
20221130,09:22:49,60.70,600,44240
20221130,09:22:50,61.45,1160,44240
20221130,09:22:51,61.45,80,44240
20221130,09:22:54,60.90,400,44240
20221130,09:22:55,60.95,320,44240
20221130,09:22:56,61.00,120,44240
20221130,09:22:58,60.70,40,44240
20221130,09:22:59,60.55,240,44240
20221130,09:23:01,60.60,120,44240
20221130,09:23:02,60.55,360,44240
20221130,09:23:04,61.00,1920,44240
20221130,09:23:05,60.60,200,44240
20221130,09:23:06,60.95,80,44240
20221130,09:23:09,61.00,360,44240
20221130,09:23:12,60.75,40,44240
20221130,09:23:13,60.60,80,44240
20221130,09:23:14,60.55,2160,44240
20221130,09:23:15,60.50,1120,44240
20221130,09:23:17,60.60,1320,44240
20221130,09:23:21,60.90,120,44240
20221130,09:23:24,61.15,1440,60240
20221130,09:23:25,60.30,880,60240
20221130,09:23:26,60.30,320,60240
20221130,09:23:28,60.50,80,60240
20221130,09:23:30,60.80,360,60240
20221130,09:23:31,60.60,80,60240
20221130,09:23:32,60.65,120,60240
20221130,09:23:33,60.65,120,60240
20221130,09:23:34,60.80,1800,60240
20221130,09:23:36,60.05,3320,60240
20221130,09:23:37,60.55,360,60240
20221130,09:23:38,60.35,80,60240
20221130,09:23:40,60.00,40,60240
20221130,09:23:41,60.00,200,60240
20221130,09:23:42,60.40,240,60240
20221130,09:23:43,60.70,600,60240
20221130,09:23:44,60.75,80,60240
20221130,09:23:45,60.60,40,60240
20221130,09:23:47,60.90,200,60240
20221130,09:23:48,60.25,1080,60240
20221130,09:23:49,61.00,2120,60240
20221130,09:23:51,61.20,280,60240
20221130,09:23:53,61.05,40,60240
20221130,09:23:54,61.20,80,60240
20221130,09:23:56,60.70,1680,60240
20221130,09:23:57,60.50,440,60240
20221130,09:23:59,60.00,1280,60240
20221130,09:24:02,59.35,600,60240
20221130,09:24:05,58.30,40,60240
20221130,09:24:06,58.40,680,60240
20221130,09:24:08,57.90,720,60240
20221130,09:24:11,58.15,80,60240
20221130,09:24:12,57.75,80,60240
20221130,09:24:13,58.00,80,60240
20221130,09:24:14,58.75,200,60240
20221130,09:24:15,58.45,1400,60240
20221130,09:24:16,58.55,560,60240
20221130,09:24:17,57.75,240,60240
20221130,09:24:18,57.80,400,60240
20221130,09:24:19,57.75,160,60240
20221130,09:24:20,58.30,360,60240
20221130,09:24:22,59.50,160,60240
20221130,09:24:23,59.70,120,60240
20221130,09:24:24,59.65,1080,60240
20221130,09:24:25,59.65,1080,60240
20221130,09:24:28,59.65,200,60240
20221130,09:24:29,59.65,40,60240
20221130,09:24:33,60.00,120,60240
20221130,09:24:34,60.60,360,60240
20221130,09:24:36,60.65,40,60240
20221130,09:24:42,60.05,160,60240
20221130,09:24:42,60.10,800,60240
20221130,09:24:43,60.10,360,60240
20221130,09:24:44,59.80,440,60240
20221130,09:24:45,59.30,1600,60240
20221130,09:24:47,59.55,160,60240
20221130,09:24:48,59.55,160,60240
20221130,09:24:53,59.75,320,60240
20221130,09:24:54,59.15,760,60240
20221130,09:25:00,58.75,120,60240
20221130,09:25:01,59.00,80,60240
20221130,09:25:03,59.00,200,60240
20221130,09:25:04,59.25,320,60240
20221130,09:25:07,59.70,160,60240
20221130,09:25:09,59.90,40,60240
20221130,09:25:17,59.95,160,60240
20221130,09:25:18,60.00,280,60240
20221130,09:25:20,59.15,2160,60240
20221130,09:25:20,59.15,120,60240
20221130,09:25:21,59.40,40,60240
20221130,09:25:29,59.35,80,60240
20221130,09:25:31,60.00,360,60240
20221130,09:25:32,60.40,40,60240
20221130,09:25:33,60.05,320,60240
20221130,09:25:39,59.90,40,60240
20221130,09:25:41,59.95,40,60240
20221130,09:25:42,60.00,640,60240
20221130,09:25:43,60.00,1360,60240
20221130,09:25:44,60.25,480,60240
20221130,09:25:46,60.30,160,60240
20221130,09:25:47,60.25,40,60240
20221130,09:25:48,60.50,40,60240
20221130,09:25:49,60.45,40,60240
20221130,09:25:50,60.15,80,60240
20221130,09:25:52,60.35,40,60240
20221130,09:25:54,60.05,440,60240
20221130,09:25:56,60.05,80,60240
20221130,09:25:57,59.50,520,60240
20221130,09:25:58,59.00,880,60240
20221130,09:25:59,58.75,1360,60240
20221130,09:26:05,58.95,280,60240
20221130,09:26:07,59.10,480,60240
20221130,09:26:10,59.15,80,60240
20221130,09:26:11,58.90,40,60240
20221130,09:26:12,58.15,40,60240
20221130,09:26:18,58.75,80,60240
20221130,09:26:19,58.55,40,60240
20221130,09:26:22,59.25,80,68800
20221130,09:26:23,59.20,80,68800
20221130,09:26:24,59.40,600,68800
20221130,09:26:26,59.30,640,68800
20221130,09:26:27,59.35,160,68800
20221130,09:26:28,59.00,240,68800
20221130,09:26:31,59.05,320,68800
20221130,09:26:33,59.00,240,68800
20221130,09:26:35,59.15,40,68800
20221130,09:26:36,58.40,200,68800
20221130,09:26:38,58.60,160,68800
20221130,09:26:39,58.35,80,68800
20221130,09:26:40,58.00,200,68800
20221130,09:26:41,57.90,520,68800
20221130,09:26:42,58.40,320,68800
20221130,09:26:44,59.00,360,68800
20221130,09:26:51,58.90,640,68800
20221130,09:26:52,59.40,200,68800
20221130,09:26:53,59.30,160,68800
20221130,09:26:54,59.45,40,68800
20221130,09:26:55,58.95,320,68800
20221130,09:26:56,59.30,160,68800
20221130,09:26:58,59.30,760,68800
20221130,09:26:59,59.25,1120,68800
20221130,09:27:00,58.90,120,68800
20221130,09:27:04,58.75,320,68800
20221130,09:27:05,58.20,440,68800
20221130,09:27:06,58.55,80,68800
20221130,09:27:08,58.55,40,68800
20221130,09:27:09,58.80,280,68800
20221130,09:27:09,58.85,160,68800
20221130,09:27:10,59.00,160,68800
20221130,09:27:13,59.25,520,68800
20221130,09:27:14,58.95,880,68800
20221130,09:27:16,58.60,200,68800
20221130,09:27:17,58.60,40,68800
20221130,09:27:19,58.50,120,68800
20221130,09:27:21,58.00,880,68800
20221130,09:27:22,58.00,160,68800
20221130,09:27:23,58.05,240,68800
20221130,09:27:24,58.30,1000,68800
20221130,09:27:25,58.00,440,68800
20221130,09:27:27,57.70,80,68800
20221130,09:27:29,57.35,80,68800
20221130,09:27:30,57.55,160,68800
20221130,09:27:31,57.55,40,68800
20221130,09:27:32,58.35,240,68800
20221130,09:27:33,58.20,280,68800
20221130,09:27:35,57.65,40,68800
20221130,09:27:38,57.85,80,68800
20221130,09:27:39,57.95,160,68800
20221130,09:27:40,58.00,240,68800
20221130,09:27:41,58.20,120,68800
20221130,09:27:42,58.05,600,68800
20221130,09:27:43,58.50,40,68800
20221130,09:27:44,58.40,400,68800
20221130,09:27:46,57.50,200,68800
20221130,09:27:47,57.75,1920,68800
20221130,09:27:48,58.10,2520,68800
20221130,09:27:49,58.45,80,68800
20221130,09:27:50,58.25,40,68800
20221130,09:27:53,58.10,120,68800
20221130,09:27:54,58.45,400,68800
20221130,09:27:55,58.10,40,68800
20221130,09:27:58,58.00,3480,68800
20221130,09:27:59,58.20,440,68800
20221130,09:28:01,58.30,280,68800
20221130,09:28:03,58.30,240,68800
20221130,09:28:04,58.30,400,68800
20221130,09:28:05,57.50,280,68800
20221130,09:28:06,57.75,40,68800
20221130,09:28:07,57.85,40,68800
20221130,09:28:08,57.60,1040,68800
20221130,09:28:11,57.75,240,68800
20221130,09:28:12,58.50,560,68800
20221130,09:28:13,58.35,120,68800
20221130,09:28:16,58.30,120,68800
20221130,09:28:23,58.15,40,68800
20221130,09:28:24,58.00,80,68800
20221130,09:28:25,58.00,400,68800
20221130,09:28:27,57.60,320,68800
20221130,09:28:29,58.35,400,68800
20221130,09:28:30,58.35,40,68800
20221130,09:28:31,58.40,40,68800
20221130,09:28:34,58.10,120,68800
20221130,09:28:34,58.20,40,68800
20221130,09:28:35,58.25,40,68800
20221130,09:28:38,58.25,40,68800
20221130,09:28:39,57.95,120,68800
20221130,09:28:39,58.50,480,68800
20221130,09:28:40,58.20,200,68800
20221130,09:28:41,58.60,120,68800
20221130,09:28:43,58.15,120,68800
20221130,09:28:44,58.05,80,68800
20221130,09:28:45,58.25,40,68800
20221130,09:28:46,57.75,800,68800
20221130,09:28:49,58.35,400,68800
20221130,09:28:50,58.70,1640,68800
20221130,09:28:51,58.30,120,68800
20221130,09:28:52,58.35,1000,68800
20221130,09:28:55,58.50,240,68800
20221130,09:28:56,58.35,200,68800
20221130,09:28:58,58.45,120,68800
20221130,09:29:00,59.00,240,68800
20221130,09:29:02,59.10,600,68800
20221130,09:29:05,58.25,200,68800
20221130,09:29:06,57.95,200,68800
20221130,09:29:07,57.75,200,68800
20221130,09:29:08,57.65,120,68800
20221130,09:29:11,57.70,400,68800
20221130,09:29:13,57.95,40,68800
20221130,09:29:15,57.95,40,68800
20221130,09:29:16,57.70,160,68800
20221130,09:29:17,57.60,480,68800
20221130,09:29:20,57.70,320,68800
20221130,09:29:25,58.30,40,77880
20221130,09:29:26,58.35,440,77880
20221130,09:29:28,58.00,240,77880
20221130,09:29:29,57.80,160,77880
20221130,09:29:30,57.85,40,77880
20221130,09:29:31,57.80,160,77880
20221130,09:29:32,58.30,200,77880
20221130,09:29:34,58.30,40,77880
20221130,09:29:35,57.65,360,77880
20221130,09:29:38,57.95,80,77880
20221130,09:29:39,58.00,80,77880
20221130,09:29:42,57.40,720,77880
20221130,09:29:43,57.00,440,77880
20221130,09:29:45,57.55,160,77880
20221130,09:29:47,57.70,80,77880
20221130,09:29:49,57.65,40,77880
20221130,09:29:53,57.80,200,77880
20221130,09:29:57,57.30,240,77880
20221130,09:29:59,57.05,200,77880
20221130,09:30:01,57.45,80,77880
20221130,09:30:03,58.00,440,77880
20221130,09:30:04,57.25,1160,77880
20221130,09:30:05,57.00,280,77880
20221130,09:30:08,57.50,560,77880
20221130,09:30:14,57.00,120,77880
20221130,09:30:19,57.55,1320,77880
20221130,09:30:21,58.20,40,77880
20221130,09:30:22,58.50,400,77880
20221130,09:30:23,58.50,600,77880
20221130,09:30:24,57.90,80,77880
20221130,09:30:25,57.60,240,77880
20221130,09:30:30,58.35,40,77880
20221130,09:30:31,58.20,40,77880
20221130,09:30:33,58.20,160,77880
20221130,09:30:36,59.05,440,77880
20221130,09:30:38,59.25,120,77880
20221130,09:30:40,58.50,1640,77880
20221130,09:30:41,58.80,160,77880
20221130,09:30:43,58.85,40,77880
20221130,09:30:44,58.70,40,77880
20221130,09:30:46,59.00,2360,77880
20221130,09:30:47,58.75,40,77880
20221130,09:30:49,58.95,120,77880
20221130,09:30:50,58.45,320,77880
20221130,09:30:52,59.00,400,77880
20221130,09:30:54,59.00,600,77880
20221130,09:30:55,59.00,160,77880
20221130,09:30:57,59.00,200,77880
20221130,09:30:57,59.00,160,77880
20221130,09:30:58,59.00,240,77880
20221130,09:30:59,59.15,80,77880
20221130,09:31:00,59.50,200,77880
20221130,09:31:01,59.50,200,77880
20221130,09:31:10,60.00,400,77880
20221130,09:31:10,59.85,40,77880
20221130,09:31:11,59.95,80,77880
20221130,09:31:13,59.95,40,77880
20221130,09:31:15,60.45,280,77880
20221130,09:31:18,60.15,160,77880
20221130,09:31:19,60.60,440,77880
20221130,09:31:21,60.45,40,77880
20221130,09:31:24,61.00,280,77880
20221130,09:31:27,61.00,120,77880
20221130,09:31:28,60.65,80,77880
20221130,09:31:29,60.90,840,77880
20221130,09:31:29,60.65,320,77880
20221130,09:31:31,58.55,3760,77880
20221130,09:31:32,58.55,80,77880
20221130,09:31:34,59.00,40,77880
20221130,09:31:35,58.10,200,77880
20221130,09:31:36,57.70,480,77880
20221130,09:31:37,57.75,80,77880
20221130,09:31:38,57.45,40,77880
20221130,09:31:39,57.45,240,77880
20221130,09:31:40,57.50,120,77880
20221130,09:31:41,57.75,160,77880
20221130,09:31:43,57.55,400,77880
20221130,09:31:45,57.85,240,77880
20221130,09:31:49,57.75,80,77880
20221130,09:31:52,57.40,360,77880
20221130,09:31:53,57.70,720,77880
20221130,09:31:55,57.15,40,77880
20221130,09:31:56,57.10,40,77880
20221130,09:31:59,57.30,80,77880
20221130,09:32:01,57.65,80,77880
20221130,09:32:02,58.15,160,77880
20221130,09:32:03,57.75,40,77880
20221130,09:32:06,57.70,880,77880
20221130,09:32:07,58.25,160,77880
20221130,09:32:08,58.55,40,77880
20221130,09:32:10,58.75,160,77880
20221130,09:32:11,58.80,80,77880
20221130,09:32:12,59.35,200,77880
20221130,09:32:13,59.10,120,77880
20221130,09:32:14,59.70,120,77880
20221130,09:32:15,59.60,40,77880
20221130,09:32:18,59.90,80,77880
20221130,09:32:19,59.90,240,77880
20221130,09:32:20,59.70,40,77880
20221130,09:32:22,59.50,280,77880
20221130,09:32:24,60.05,80,77880
20221130,09:32:25,59.70,40,82200
20221130,09:32:26,59.80,40,82200
20221130,09:32:27,59.95,120,82200
20221130,09:32:30,59.55,120,82200
20221130,09:32:31,59.55,1040,82200
20221130,09:32:32,59.05,920,82200
20221130,09:32:34,58.90,1560,82200
20221130,09:32:35,59.10,160,82200
20221130,09:32:37,58.55,160,82200
20221130,09:32:40,58.60,40,82200
20221130,09:32:42,58.85,40,82200
20221130,09:32:43,58.70,80,82200
20221130,09:32:46,58.60,120,82200
20221130,09:32:47,58.70,40,82200
20221130,09:32:49,58.70,320,82200
20221130,09:32:52,59.05,200,82200
20221130,09:32:53,58.85,240,82200
20221130,09:32:59,58.30,760,82200
20221130,09:33:00,58.55,40,82200
20221130,09:33:06,58.60,120,82200
20221130,09:33:08,59.20,80,82200
20221130,09:33:09,58.90,40,82200
20221130,09:33:12,58.35,1800,82200
20221130,09:33:13,58.20,2160,82200
20221130,09:33:15,58.00,1800,82200
20221130,09:33:16,57.95,40,82200
20221130,09:33:20,58.40,2280,82200
20221130,09:33:22,58.70,80,82200
20221130,09:33:25,58.90,320,82200
20221130,09:33:29,58.20,320,82200
20221130,09:33:30,57.80,440,82200
20221130,09:33:37,57.65,40,82200
20221130,09:33:38,57.30,40,82200
20221130,09:33:40,57.95,80,82200
20221130,09:33:41,57.70,120,82200
20221130,09:33:47,57.90,2280,82200
20221130,09:33:48,57.95,240,82200
20221130,09:33:50,58.00,880,82200
20221130,09:33:52,58.05,40,82200
20221130,09:33:54,57.80,160,82200
20221130,09:33:55,58.25,120,82200
20221130,09:33:58,58.15,120,82200
20221130,09:34:00,58.00,200,82200
20221130,09:34:06,58.00,160,82200
20221130,09:34:09,58.00,120,82200
20221130,09:34:10,58.00,40,82200
20221130,09:34:11,57.80,200,82200
20221130,09:34:12,57.95,80,82200
20221130,09:34:13,58.55,80,82200
20221130,09:34:15,58.30,40,82200
20221130,09:34:17,58.60,40,82200
20221130,09:34:19,58.60,40,82200
20221130,09:34:22,58.70,80,82200
20221130,09:34:23,58.70,160,82200
20221130,09:34:25,58.45,160,82200
20221130,09:34:27,59.00,280,82200
20221130,09:34:30,58.95,40,82200
20221130,09:34:31,58.55,400,82200
20221130,09:34:36,58.10,40,82200
20221130,09:34:39,58.40,40,82200
20221130,09:34:41,58.00,640,82200
20221130,09:34:46,58.25,200,82200
20221130,09:34:47,58.25,200,82200
20221130,09:34:48,58.20,120,82200
20221130,09:34:49,57.95,120,82200
20221130,09:34:50,58.05,40,82200
20221130,09:34:51,58.00,40,82200
20221130,09:34:53,58.00,1040,82200
20221130,09:34:55,57.95,200,82200
20221130,09:34:56,57.95,80,82200
20221130,09:34:57,57.75,440,82200
20221130,09:34:59,58.15,120,82200
20221130,09:35:02,58.75,160,82200
20221130,09:35:03,58.85,120,82200
20221130,09:35:05,58.45,480,82200
20221130,09:35:06,58.20,120,82200
20221130,09:35:08,58.40,320,82200
20221130,09:35:10,58.90,760,82200
20221130,09:35:11,58.55,120,82200
20221130,09:35:12,59.25,480,82200
20221130,09:35:13,59.20,40,82200
20221130,09:35:14,59.45,40,82200
20221130,09:35:15,59.20,240,82200
20221130,09:35:18,58.75,560,82200
20221130,09:35:19,58.80,200,82200
20221130,09:35:20,59.00,200,82200
20221130,09:35:21,58.40,1280,82200
20221130,09:35:22,58.45,440,82200
20221130,09:35:23,58.85,80,82200
20221130,09:35:24,59.00,40,82200
20221130,09:35:25,59.55,1880,79240
20221130,09:35:26,58.80,80,79240
20221130,09:35:29,59.05,80,79240
20221130,09:35:31,58.90,40,79240
20221130,09:35:32,58.80,40,79240
20221130,09:35:35,58.65,200,79240
20221130,09:35:37,58.50,560,79240
20221130,09:35:38,58.60,240,79240
20221130,09:35:41,58.90,40,79240
20221130,09:35:42,58.95,320,79240
20221130,09:35:47,58.50,120,79240
20221130,09:35:49,58.45,240,79240
20221130,09:35:50,57.75,1280,79240
20221130,09:35:51,57.80,40,79240
20221130,09:35:53,58.25,120,79240
20221130,09:35:54,58.15,200,79240
20221130,09:35:55,58.40,480,79240
20221130,09:35:56,58.05,80,79240
20221130,09:35:58,58.00,40,79240
20221130,09:36:00,57.65,120,79240
20221130,09:36:01,57.50,120,79240
20221130,09:36:02,57.65,200,79240
20221130,09:36:10,57.65,40,79240
20221130,09:36:11,57.00,1360,79240
20221130,09:36:12,57.05,40,79240
20221130,09:36:14,56.75,80,79240
20221130,09:36:16,56.25,200,79240
20221130,09:36:19,56.60,400,79240
20221130,09:36:20,56.85,1000,79240
20221130,09:36:21,57.00,400,79240
20221130,09:36:22,57.10,40,79240
20221130,09:36:23,56.95,40,79240
20221130,09:36:24,56.90,40,79240
20221130,09:36:26,56.95,40,79240
20221130,09:36:27,56.90,200,79240
20221130,09:36:28,57.05,120,79240
20221130,09:36:29,57.05,240,79240
20221130,09:36:30,57.05,80,79240
20221130,09:36:31,57.15,120,79240
20221130,09:36:33,57.40,80,79240
20221130,09:36:34,56.95,960,79240
20221130,09:36:35,57.25,160,79240
20221130,09:36:36,56.85,80,79240
20221130,09:36:38,56.90,80,79240
20221130,09:36:41,55.90,3240,79240
20221130,09:36:42,56.25,2200,79240
20221130,09:36:43,56.10,200,79240
20221130,09:36:44,56.40,200,79240
20221130,09:36:45,55.70,1800,79240
20221130,09:36:47,55.90,80,79240
20221130,09:36:48,56.00,480,79240
20221130,09:36:50,55.65,400,79240
20221130,09:36:51,55.90,400,79240
20221130,09:36:52,55.95,40,79240
20221130,09:36:54,55.70,200,79240
20221130,09:36:56,55.60,80,79240
20221130,09:36:58,54.75,3240,79240
20221130,09:36:59,55.25,720,79240
20221130,09:37:02,55.05,80,79240
20221130,09:37:02,55.30,80,79240
20221130,09:37:03,55.50,200,79240
20221130,09:37:04,55.55,40,79240
20221130,09:37:05,55.10,1240,79240
20221130,09:37:08,53.80,1760,79240
20221130,09:37:08,53.80,80,79240
20221130,09:37:09,52.85,1160,79240
20221130,09:37:11,51.90,880,79240
20221130,09:37:13,52.65,280,79240
20221130,09:37:13,52.45,40,79240
20221130,09:37:14,52.60,280,79240
20221130,09:37:15,52.90,440,79240
20221130,09:37:16,53.00,120,79240
20221130,09:37:18,52.60,40,79240
20221130,09:37:20,52.80,360,79240
20221130,09:37:22,52.45,1440,79240
20221130,09:37:23,52.30,560,79240
20221130,09:37:23,52.05,80,79240
20221130,09:37:24,52.00,200,79240
20221130,09:37:25,51.95,40,79240
20221130,09:37:26,52.00,400,79240
20221130,09:37:27,51.80,680,79240
20221130,09:37:29,52.05,560,79240
20221130,09:37:29,51.80,160,79240
20221130,09:37:30,51.45,40,79240
20221130,09:37:31,51.50,120,79240
20221130,09:37:32,51.90,240,79240
20221130,09:37:33,50.75,480,79240
20221130,09:37:34,51.70,1360,79240
20221130,09:37:36,52.25,80,79240
20221130,09:37:38,51.80,400,79240
20221130,09:37:40,51.70,160,79240
20221130,09:37:41,52.00,680,79240
20221130,09:37:43,52.10,40,79240
20221130,09:37:44,52.00,280,79240
20221130,09:37:49,52.45,80,79240
20221130,09:37:51,52.00,1360,79240
20221130,09:37:52,52.40,40,79240
20221130,09:37:54,52.25,160,79240
20221130,09:37:55,52.80,120,79240
20221130,09:37:56,52.70,280,79240
20221130,09:37:57,52.60,160,79240
20221130,09:38:02,52.30,120,79240
20221130,09:38:04,52.00,1000,79240
20221130,09:38:05,52.00,40,79240
20221130,09:38:06,52.05,80,79240
20221130,09:38:11,52.05,80,79240
20221130,09:38:12,51.70,1040,79240
20221130,09:38:14,52.75,560,79240
20221130,09:38:15,52.20,880,79240
20221130,09:38:17,52.80,80,79240
20221130,09:38:18,53.10,360,79240
20221130,09:38:18,53.60,160,79240
20221130,09:38:19,53.85,360,79240
20221130,09:38:20,54.30,80,79240
20221130,09:38:22,54.40,480,79240
20221130,09:38:23,54.55,120,79240
20221130,09:38:24,54.40,80,79240
20221130,09:38:27,54.35,160,78400
20221130,09:38:28,53.85,920,78400
20221130,09:38:29,54.10,40,78400
20221130,09:38:30,53.70,1080,78400
20221130,09:38:32,53.90,160,78400
20221130,09:38:34,53.40,40,78400
20221130,09:38:35,53.20,160,78400
20221130,09:38:36,53.30,240,78400
20221130,09:38:38,52.60,2000,78400
20221130,09:38:40,52.15,40,78400
20221130,09:38:42,52.30,80,78400
20221130,09:38:43,52.50,120,78400
20221130,09:38:43,52.40,560,78400
20221130,09:38:44,52.85,360,78400
20221130,09:38:45,52.40,440,78400
20221130,09:38:46,53.00,1680,78400
20221130,09:38:49,53.50,40,78400
20221130,09:38:52,52.90,80,78400
20221130,09:38:53,52.75,520,78400
20221130,09:38:54,52.60,400,78400
20221130,09:38:56,52.60,160,78400
20221130,09:38:57,52.70,560,78400
20221130,09:38:58,52.70,240,78400
20221130,09:38:59,52.70,200,78400
20221130,09:39:03,52.50,120,78400
20221130,09:39:05,51.95,1920,78400
20221130,09:39:07,52.75,4480,78400
20221130,09:39:13,52.00,280,78400
20221130,09:39:15,52.35,120,78400
20221130,09:39:16,52.70,560,78400
20221130,09:39:17,52.95,1040,78400
20221130,09:39:18,52.85,160,78400
20221130,09:39:20,52.80,200,78400
20221130,09:39:21,52.35,480,78400
20221130,09:39:23,51.70,160,78400
20221130,09:39:24,52.15,120,78400
20221130,09:39:26,51.95,240,78400
20221130,09:39:27,52.95,560,78400
20221130,09:39:28,52.65,320,78400
20221130,09:39:29,52.00,1680,78400
20221130,09:39:30,52.25,160,78400
20221130,09:39:31,52.35,240,78400
20221130,09:39:32,52.30,40,78400
20221130,09:39:33,52.80,440,78400
20221130,09:39:35,52.65,40,78400
20221130,09:39:36,52.50,120,78400
20221130,09:39:37,52.65,1360,78400
20221130,09:39:38,52.50,1040,78400
20221130,09:39:39,52.15,120,78400
20221130,09:39:40,51.85,40,78400
20221130,09:39:41,51.90,480,78400
20221130,09:39:42,51.15,1320,78400
20221130,09:39:43,50.35,1560,78400
20221130,09:39:44,51.00,1000,78400
20221130,09:39:45,50.35,1800,78400
20221130,09:39:46,50.00,3480,78400
20221130,09:39:47,49.90,2320,78400
20221130,09:39:48,50.35,840,78400
20221130,09:39:49,50.00,1640,78400
20221130,09:39:50,49.15,1880,78400
20221130,09:39:51,49.30,40,78400
20221130,09:39:52,49.50,360,78400
20221130,09:39:53,50.45,640,78400
20221130,09:39:54,50.25,40,78400
20221130,09:39:55,50.50,880,78400
20221130,09:39:57,51.00,400,78400
20221130,09:39:59,50.95,40,78400
20221130,09:40:00,51.55,80,78400
20221130,09:40:02,50.90,200,78400
20221130,09:40:04,51.05,600,78400
20221130,09:40:05,50.55,600,78400
20221130,09:40:06,50.50,80,78400
20221130,09:40:08,50.30,160,78400
20221130,09:40:10,50.75,40,78400
20221130,09:40:11,50.55,160,78400
20221130,09:40:12,50.40,640,78400
20221130,09:40:12,50.20,80,78400
20221130,09:40:14,50.00,280,78400
20221130,09:40:15,49.85,2000,78400
20221130,09:40:15,49.80,80,78400
20221130,09:40:19,49.80,520,78400
20221130,09:40:22,49.80,40,78400
20221130,09:40:25,50.05,40,78400
20221130,09:40:26,50.30,360,78400
20221130,09:40:29,50.35,40,78400
20221130,09:40:30,50.40,160,78400
20221130,09:40:34,50.70,80,78400
20221130,09:40:36,50.65,160,78400
20221130,09:40:39,50.75,120,78400
20221130,09:40:41,50.40,80,78400
20221130,09:40:42,50.35,160,78400
20221130,09:40:47,50.40,40,78400
20221130,09:40:48,50.35,40,78400
20221130,09:40:49,50.15,80,78400
20221130,09:40:52,50.40,40,78400
20221130,09:40:59,50.40,400,78400
20221130,09:41:01,50.40,40,78400
20221130,09:41:02,50.40,120,78400
20221130,09:41:03,49.80,3280,78400
20221130,09:41:06,50.25,200,78400
20221130,09:41:07,49.90,40,78400
20221130,09:41:07,50.15,280,78400
20221130,09:41:12,50.10,160,78400
20221130,09:41:13,50.10,40,78400
20221130,09:41:14,49.90,200,78400
20221130,09:41:16,50.00,160,78400
20221130,09:41:18,50.15,40,78400
20221130,09:41:20,49.85,200,78400
20221130,09:41:21,50.50,1040,78400
20221130,09:41:26,51.30,1400,94000
20221130,09:41:32,51.25,1000,94000
20221130,09:41:34,50.85,720,94000
20221130,09:41:36,51.30,600,94000
20221130,09:41:37,51.45,240,94000
20221130,09:41:40,51.10,160,94000
20221130,09:41:41,51.10,40,94000
20221130,09:41:42,50.85,40,94000
20221130,09:41:44,50.90,80,94000
20221130,09:41:47,50.80,1360,94000
20221130,09:41:48,50.65,200,94000
20221130,09:41:49,50.95,2040,94000
20221130,09:41:52,50.30,40,94000
20221130,09:41:54,50.30,40,94000
20221130,09:41:55,50.30,40,94000
20221130,09:41:57,50.50,40,94000
20221130,09:41:58,50.30,80,94000
20221130,09:41:59,50.00,120,94000
20221130,09:42:00,49.95,40,94000
20221130,09:42:01,49.90,160,94000
20221130,09:42:04,49.95,200,94000
20221130,09:42:05,49.60,240,94000
20221130,09:42:08,49.60,280,94000
20221130,09:42:09,50.40,360,94000
20221130,09:42:11,50.65,40,94000
20221130,09:42:14,51.05,40,94000
20221130,09:42:15,50.45,40,94000
20221130,09:42:20,50.85,40,94000
20221130,09:42:21,50.65,40,94000
20221130,09:42:22,50.85,40,94000
20221130,09:42:30,50.10,560,94000
20221130,09:42:31,50.05,320,94000
20221130,09:42:35,50.10,120,94000
20221130,09:42:36,50.00,1640,94000
20221130,09:42:37,50.20,440,94000
20221130,09:42:42,50.30,160,94000
20221130,09:42:43,50.70,320,94000
20221130,09:42:44,50.95,600,94000
20221130,09:42:46,50.90,40,94000
20221130,09:42:47,50.90,120,94000
20221130,09:42:48,50.95,80,94000
20221130,09:42:48,50.95,160,94000
20221130,09:42:50,50.60,120,94000
20221130,09:42:51,50.75,840,94000
20221130,09:42:52,50.70,960,94000
20221130,09:42:53,50.80,440,94000
20221130,09:42:56,50.75,80,94000
20221130,09:43:02,50.45,160,94000
20221130,09:43:03,50.50,40,94000
20221130,09:43:04,50.55,40,94000
20221130,09:43:04,50.35,1800,94000
20221130,09:43:08,50.10,280,94000
20221130,09:43:09,50.05,600,94000
20221130,09:43:10,50.45,160,94000
20221130,09:43:12,50.25,80,94000
20221130,09:43:13,50.55,120,94000
20221130,09:43:14,50.20,360,94000
20221130,09:43:15,50.50,400,94000
20221130,09:43:17,50.75,1760,94000
20221130,09:43:22,50.50,40,94000
20221130,09:43:25,50.45,40,94000
20221130,09:43:28,50.00,240,94000
20221130,09:43:29,49.95,40,94000
20221130,09:43:30,50.00,1720,94000
20221130,09:43:33,49.85,40,94000
20221130,09:43:34,49.40,320,94000
20221130,09:43:35,49.15,240,94000
20221130,09:43:36,49.00,560,94000
20221130,09:43:37,48.85,840,94000
20221130,09:43:38,48.50,840,94000
20221130,09:43:39,48.75,120,94000
20221130,09:43:41,48.60,160,94000
20221130,09:43:42,49.15,200,94000
20221130,09:43:43,48.65,600,94000
20221130,09:43:45,48.60,80,94000
20221130,09:43:46,48.30,280,94000
20221130,09:43:48,48.50,40,94000
20221130,09:43:50,48.30,40,94000
20221130,09:43:52,48.25,40,94000
20221130,09:43:53,48.05,40,94000
20221130,09:43:54,48.00,80,94000
20221130,09:43:55,48.20,480,94000
20221130,09:43:56,48.05,1000,94000
20221130,09:43:59,48.35,40,94000
20221130,09:44:00,48.10,40,94000
20221130,09:44:00,48.85,520,94000
20221130,09:44:04,48.45,40,94000
20221130,09:44:05,48.65,200,94000
20221130,09:44:06,48.60,80,94000
20221130,09:44:09,48.35,40,94000
20221130,09:44:11,48.85,800,94000
20221130,09:44:12,48.60,40,94000
20221130,09:44:14,48.20,920,94000
20221130,09:44:16,48.25,600,94000
20221130,09:44:17,48.25,1800,94000
20221130,09:44:19,48.10,280,94000
20221130,09:44:22,48.35,40,94000
20221130,09:44:23,48.10,40,94000
20221130,09:44:24,48.25,160,94000
20221130,09:44:31,48.50,240,96560
20221130,09:44:33,48.20,160,96560
20221130,09:44:34,48.00,1040,96560
20221130,09:44:36,48.25,400,96560
20221130,09:44:37,48.50,40,96560
20221130,09:44:39,47.60,280,96560
20221130,09:44:40,47.95,120,96560
20221130,09:44:41,48.30,200,96560
20221130,09:44:42,48.15,80,96560
20221130,09:44:44,47.80,40,96560
20221130,09:44:46,47.60,1720,96560
20221130,09:44:52,47.75,200,96560
20221130,09:44:53,47.75,200,96560
20221130,09:44:54,47.95,200,96560
20221130,09:44:55,47.75,160,96560
20221130,09:44:56,47.75,40,96560
20221130,09:44:58,46.85,800,96560
20221130,09:44:59,46.85,40,96560
20221130,09:45:01,47.30,240,96560
20221130,09:45:03,47.35,840,96560
20221130,09:45:05,47.15,160,96560
20221130,09:45:06,47.15,520,96560
20221130,09:45:07,47.25,80,96560
20221130,09:45:09,47.30,1840,96560
20221130,09:45:11,47.50,600,96560
20221130,09:45:12,47.40,40,96560
20221130,09:45:13,47.85,80,96560
20221130,09:45:14,48.45,880,96560
20221130,09:45:15,49.20,1960,96560
20221130,09:45:16,48.50,40,96560
20221130,09:45:17,48.65,40,96560
20221130,09:45:18,47.85,2440,96560
20221130,09:45:20,47.30,1400,96560
20221130,09:45:22,47.55,40,96560
20221130,09:45:23,45.90,680,96560
20221130,09:45:24,43.90,2520,96560
20221130,09:45:25,44.25,520,96560
20221130,09:45:26,44.60,200,96560
20221130,09:45:28,44.35,1160,96560
20221130,09:45:29,45.35,2200,96560
20221130,09:45:30,44.75,480,96560
20221130,09:45:31,44.55,80,96560
20221130,09:45:32,45.05,440,96560
20221130,09:45:35,44.85,200,96560
20221130,09:45:36,44.95,40,96560
20221130,09:45:37,44.65,360,96560
20221130,09:45:38,44.70,200,96560
20221130,09:45:40,44.60,80,96560
20221130,09:45:41,44.60,520,96560
20221130,09:45:42,44.50,80,96560
20221130,09:45:43,44.60,600,96560
20221130,09:45:45,44.95,40,96560
20221130,09:45:46,44.60,320,96560
20221130,09:45:48,44.25,920,96560
20221130,09:45:49,44.55,80,96560
20221130,09:45:51,43.30,80,96560
20221130,09:45:52,43.85,160,96560
20221130,09:45:53,42.55,280,96560
20221130,09:45:54,42.35,600,96560
20221130,09:45:55,42.55,600,96560
20221130,09:45:56,43.20,160,96560
20221130,09:45:57,43.05,160,96560
20221130,09:45:58,43.85,760,96560
20221130,09:46:02,44.80,3600,96560
20221130,09:46:03,44.00,1680,96560
20221130,09:46:04,44.15,320,96560
20221130,09:46:05,44.05,480,96560
20221130,09:46:06,44.05,320,96560
20221130,09:46:09,44.25,120,96560
20221130,09:46:10,43.75,240,96560
20221130,09:46:11,44.05,400,96560
20221130,09:46:14,43.75,400,96560
20221130,09:46:15,43.60,240,96560
20221130,09:46:16,43.95,40,96560
20221130,09:46:17,43.10,80,96560
20221130,09:46:18,43.30,400,96560
20221130,09:46:19,43.10,40,96560
20221130,09:46:20,42.50,880,96560
20221130,09:46:21,42.60,40,96560
20221130,09:46:25,42.60,120,96560
20221130,09:46:28,42.70,120,96560
20221130,09:46:29,43.00,1800,96560
20221130,09:46:30,43.00,200,96560
20221130,09:46:31,43.05,160,96560
20221130,09:46:32,42.65,2320,96560
20221130,09:46:33,43.10,240,96560
20221130,09:46:34,43.90,360,96560
20221130,09:46:35,44.20,120,96560
20221130,09:46:36,44.65,40,96560
20221130,09:46:37,44.00,640,96560
20221130,09:46:40,45.00,400,96560
20221130,09:46:42,45.10,40,96560
20221130,09:46:46,46.95,480,96560
20221130,09:46:47,46.00,240,96560
20221130,09:46:52,45.65,80,96560
20221130,09:46:53,45.10,560,96560
20221130,09:46:54,44.55,1120,96560
20221130,09:46:55,44.55,40,96560
20221130,09:47:01,44.70,40,96560
20221130,09:47:04,44.65,80,96560
20221130,09:47:05,44.45,40,96560
20221130,09:47:06,44.85,200,96560
20221130,09:47:11,44.50,600,96560
20221130,09:47:13,44.70,400,96560
20221130,09:47:14,44.20,240,96560
20221130,09:47:15,44.50,280,96560
20221130,09:47:16,44.75,160,96560
20221130,09:47:17,44.10,80,96560
20221130,09:47:19,44.45,400,96560
20221130,09:47:20,44.90,80,96560
20221130,09:47:22,45.00,480,96560
20221130,09:47:23,45.45,400,96560
20221130,09:47:24,45.05,360,96560
20221130,09:47:27,44.90,80,95360
20221130,09:47:28,44.90,40,95360
20221130,09:47:29,45.00,200,95360
20221130,09:47:32,45.55,1840,95360
20221130,09:47:34,45.15,120,95360
20221130,09:47:36,45.30,40,95360
20221130,09:47:37,44.90,240,95360
20221130,09:47:38,44.50,40,95360
20221130,09:47:42,44.25,80,95360
20221130,09:47:43,44.45,120,95360
20221130,09:47:45,44.45,160,95360
20221130,09:47:47,44.55,40,95360
20221130,09:47:49,45.00,1840,95360
20221130,09:47:51,45.00,40,95360
20221130,09:47:54,44.90,400,95360
20221130,09:47:56,44.90,120,95360
20221130,09:47:57,44.40,1920,95360
20221130,09:47:58,44.50,40,95360
20221130,09:47:59,44.70,1800,95360
20221130,09:48:02,44.90,2160,95360
20221130,09:48:03,44.90,80,95360
20221130,09:48:05,45.00,160,95360
20221130,09:48:06,44.60,80,95360
20221130,09:48:08,44.60,80,95360
20221130,09:48:09,44.45,440,95360
20221130,09:48:09,44.50,80,95360
20221130,09:48:10,44.60,80,95360
20221130,09:48:12,44.20,240,95360
20221130,09:48:13,44.10,40,95360
20221130,09:48:14,44.25,80,95360
20221130,09:48:15,45.00,120,95360
20221130,09:48:16,45.30,200,95360
20221130,09:48:17,45.10,40,95360
20221130,09:48:21,45.25,120,95360
20221130,09:48:22,44.85,240,95360
20221130,09:48:23,44.90,760,95360
20221130,09:48:26,44.35,40,95360
20221130,09:48:28,44.45,160,95360
20221130,09:48:30,44.50,200,95360
20221130,09:48:31,44.60,280,95360
20221130,09:48:33,44.10,720,95360
20221130,09:48:34,44.35,40,95360
20221130,09:48:35,44.00,240,95360
20221130,09:48:36,44.00,40,95360
20221130,09:48:40,44.05,400,95360
20221130,09:48:40,44.00,40,95360
20221130,09:48:42,43.55,80,95360
20221130,09:48:45,43.50,40,95360
20221130,09:48:52,43.50,80,95360
20221130,09:48:52,43.80,40,95360
20221130,09:48:54,43.85,240,95360
20221130,09:48:55,44.00,40,95360
20221130,09:48:59,44.50,280,95360
20221130,09:49:05,44.30,40,95360
20221130,09:49:08,44.85,400,95360
20221130,09:49:11,44.80,200,95360
20221130,09:49:12,45.25,40,95360
20221130,09:49:15,45.00,1000,95360
20221130,09:49:16,45.15,400,95360
20221130,09:49:20,45.05,1000,95360
20221130,09:49:28,45.85,40,95360
20221130,09:49:29,45.10,520,95360
20221130,09:49:33,45.35,40,95360
20221130,09:49:40,45.45,240,95360
20221130,09:49:51,45.65,280,95360
20221130,09:49:52,45.70,280,95360
20221130,09:49:54,45.45,160,95360
20221130,09:50:00,45.35,280,95360
20221130,09:50:02,45.45,320,95360
20221130,09:50:08,45.45,2160,95360
20221130,09:50:09,45.40,600,95360
20221130,09:50:10,45.45,80,95360
20221130,09:50:14,45.40,120,95360
20221130,09:50:15,45.20,120,95360
20221130,09:50:16,45.10,200,95360
20221130,09:50:19,45.30,40,95360
20221130,09:50:22,45.50,160,95360
20221130,09:50:23,45.50,40,95360
20221130,09:50:27,45.15,40,95360
20221130,09:50:28,45.50,40,93080
20221130,09:50:30,45.30,80,93080
20221130,09:50:31,45.55,200,93080
20221130,09:50:33,45.25,40,93080
20221130,09:50:35,45.05,1000,93080
20221130,09:50:37,45.00,520,93080
20221130,09:50:39,45.00,160,93080
20221130,09:50:40,45.30,240,93080
20221130,09:50:41,45.40,200,93080
20221130,09:50:43,45.20,40,93080
20221130,09:50:44,45.10,1800,93080
20221130,09:50:46,44.55,320,93080
20221130,09:50:47,44.50,440,93080
20221130,09:50:48,44.90,40,93080
20221130,09:50:49,45.05,520,93080
20221130,09:50:54,45.35,80,93080
20221130,09:50:55,45.05,40,93080
20221130,09:50:57,44.55,160,93080
20221130,09:50:58,44.65,40,93080
20221130,09:50:59,44.60,120,93080
20221130,09:51:01,44.75,40,93080
20221130,09:51:04,44.50,400,93080
20221130,09:51:06,44.30,40,93080
20221130,09:51:07,44.40,120,93080
20221130,09:51:13,44.40,40,93080
20221130,09:51:16,44.40,280,93080
20221130,09:51:18,44.40,240,93080
20221130,09:51:19,44.20,40,93080
20221130,09:51:20,44.10,200,93080
20221130,09:51:21,44.10,240,93080
20221130,09:51:24,43.80,360,93080
20221130,09:51:25,43.50,200,93080
20221130,09:51:26,43.90,40,93080
20221130,09:51:29,44.25,1880,93080
20221130,09:51:32,43.95,40,93080
20221130,09:51:34,44.50,240,93080
20221130,09:51:35,44.75,240,93080
20221130,09:51:41,44.30,40,93080
20221130,09:51:50,44.70,40,93080
20221130,09:52:09,44.50,40,93080
20221130,09:52:11,45.20,320,93080
20221130,09:52:12,44.95,80,93080
20221130,09:52:16,44.20,640,93080
20221130,09:52:18,44.40,120,93080
20221130,09:52:19,44.20,160,93080
20221130,09:52:22,44.00,1760,93080
20221130,09:52:24,43.50,160,93080
20221130,09:52:25,43.50,120,93080
20221130,09:52:29,43.15,40,93080
20221130,09:52:30,43.00,400,93080
20221130,09:52:35,43.00,200,93080
20221130,09:52:38,43.05,200,93080
20221130,09:52:41,43.40,120,93080
20221130,09:52:42,43.35,120,93080
20221130,09:52:47,43.60,40,93080
20221130,09:52:48,43.90,80,93080
20221130,09:52:49,43.90,80,93080
20221130,09:52:51,43.35,80,93080
20221130,09:52:52,43.75,120,93080
20221130,09:52:53,43.75,40,93080
20221130,09:52:59,43.70,880,93080
20221130,09:53:02,43.50,40,93080
20221130,09:53:07,43.65,240,93080
20221130,09:53:09,43.70,40,93080
20221130,09:53:14,43.35,760,93080
20221130,09:53:17,43.55,120,93080
20221130,09:53:20,43.85,40,93080
20221130,09:53:22,43.50,80,93080
20221130,09:53:25,43.70,80,93080
20221130,09:53:28,43.95,80,99400
20221130,09:53:29,43.90,40,99400
20221130,09:53:31,44.00,40,99400
20221130,09:53:32,44.65,360,99400
20221130,09:53:33,44.35,40,99400
20221130,09:53:34,44.75,440,99400
20221130,09:53:35,45.10,320,99400
20221130,09:53:36,45.10,120,99400
20221130,09:53:37,45.30,80,99400
20221130,09:53:40,45.40,120,99400
20221130,09:53:43,45.50,80,99400
20221130,09:53:47,45.50,80,99400
20221130,09:53:48,45.45,40,99400
20221130,09:53:49,45.50,160,99400
20221130,09:53:50,45.30,40,99400
20221130,09:53:57,45.00,80,99400
20221130,09:53:58,44.30,1280,99400
20221130,09:53:59,43.65,80,99400
20221130,09:54:00,43.85,120,99400
20221130,09:54:01,44.35,320,99400
20221130,09:54:02,44.70,80,99400
20221130,09:54:04,44.00,320,99400
20221130,09:54:05,44.25,80,99400
20221130,09:54:06,44.45,280,99400
20221130,09:54:07,44.35,40,99400
20221130,09:54:11,44.20,80,99400
20221130,09:54:12,43.55,560,99400
20221130,09:54:14,44.05,200,99400
20221130,09:54:20,43.00,120,99400
20221130,09:54:21,43.40,80,99400
20221130,09:54:23,43.00,120,99400
20221130,09:54:24,42.50,440,99400
20221130,09:54:25,43.00,40,99400
20221130,09:54:28,43.40,600,99400
20221130,09:54:30,43.80,520,99400
20221130,09:54:33,44.00,80,99400
20221130,09:54:34,44.00,40,99400
20221130,09:54:35,43.50,240,99400
20221130,09:54:41,42.70,440,99400
20221130,09:54:42,42.75,560,99400
20221130,09:54:44,43.75,360,99400
20221130,09:54:45,43.95,440,99400
20221130,09:54:46,43.75,80,99400
20221130,09:54:47,43.70,160,99400
20221130,09:54:49,44.00,960,99400
20221130,09:54:52,44.00,40,99400
20221130,09:55:00,44.50,40,99400
20221130,09:55:01,44.25,880,99400
20221130,09:55:04,43.90,40,99400
20221130,09:55:05,44.10,80,99400
20221130,09:55:06,44.45,600,99400
20221130,09:55:07,44.15,400,99400
20221130,09:55:10,44.10,40,99400
20221130,09:55:11,44.20,40,99400
20221130,09:55:15,43.65,120,99400
20221130,09:55:18,43.75,1080,99400
20221130,09:55:19,43.25,440,99400
20221130,09:55:20,43.25,640,99400
20221130,09:55:21,42.75,80,99400
20221130,09:55:22,43.50,120,99400
20221130,09:55:23,43.40,520,99400
20221130,09:55:27,43.20,360,99400
20221130,09:55:27,43.15,40,99400
20221130,09:55:31,42.95,960,99400
20221130,09:55:33,42.85,360,99400
20221130,09:55:34,42.60,120,99400
20221130,09:55:39,42.95,40,99400
20221130,09:55:42,42.75,240,99400
20221130,09:55:43,42.50,800,99400
20221130,09:55:44,42.00,1200,99400
20221130,09:55:45,41.80,160,99400
20221130,09:55:46,41.55,280,99400
20221130,09:55:48,41.60,80,99400
20221130,09:55:49,41.65,80,99400
20221130,09:55:50,41.85,320,99400
20221130,09:55:51,42.15,1360,99400
20221130,09:55:53,42.00,40,99400
20221130,09:55:55,42.20,80,99400
20221130,09:55:57,42.50,40,99400
20221130,09:55:58,41.65,480,99400
20221130,09:55:59,42.65,480,99400
20221130,09:56:00,42.55,200,99400
20221130,09:56:01,42.70,40,99400
20221130,09:56:04,42.90,40,99400
20221130,09:56:07,43.05,80,99400
20221130,09:56:08,43.15,320,99400
20221130,09:56:09,43.00,320,99400
20221130,09:56:11,43.25,80,99400
20221130,09:56:13,43.50,400,99400
20221130,09:56:15,43.20,40,99400
20221130,09:56:17,43.10,80,99400
20221130,09:56:19,43.50,80,99400
20221130,09:56:20,43.55,40,99400
20221130,09:56:29,43.50,80,104440
20221130,09:56:30,43.15,120,104440
20221130,09:56:33,43.30,40,104440
20221130,09:56:35,44.25,3200,104440
20221130,09:56:36,44.25,320,104440
20221130,09:56:39,44.00,40,104440
20221130,09:56:40,44.05,40,104440
20221130,09:56:43,44.05,120,104440
20221130,09:56:45,44.45,120,104440
20221130,09:56:47,44.25,80,104440
20221130,09:56:48,44.25,440,104440
20221130,09:56:51,44.40,120,104440
20221130,09:56:52,44.10,400,104440
20221130,09:56:53,44.25,80,104440
20221130,09:57:07,44.20,120,104440
20221130,09:57:09,44.35,40,104440
20221130,09:57:10,44.25,120,104440
20221130,09:57:17,44.25,200,104440
20221130,09:57:20,44.25,80,104440
20221130,09:57:24,44.50,160,104440
20221130,09:57:26,44.05,80,104440
20221130,09:57:31,44.00,40,104440
20221130,09:57:32,44.10,160,104440
20221130,09:57:33,44.50,240,104440
20221130,09:57:34,44.30,400,104440
20221130,09:57:40,44.80,1880,104440
20221130,09:57:45,44.95,40,104440
20221130,09:57:48,45.00,2800,104440
20221130,09:57:49,45.20,120,104440
20221130,09:57:50,45.20,40,104440
20221130,09:57:51,45.00,360,104440
20221130,09:57:55,45.00,80,104440
20221130,09:57:56,45.00,80,104440
20221130,09:58:00,45.35,40,104440
20221130,09:58:03,45.00,120,104440
20221130,09:58:06,45.45,3000,104440
20221130,09:58:08,44.95,800,104440
20221130,09:58:11,44.75,120,104440
20221130,09:58:12,45.00,40,104440
20221130,09:58:13,44.80,120,104440
20221130,09:58:14,45.05,80,104440
20221130,09:58:17,45.00,120,104440
20221130,09:58:18,45.20,80,104440
20221130,09:58:19,45.10,80,104440
20221130,09:58:24,45.15,200,104440
20221130,09:58:25,45.00,40,104440
20221130,09:58:26,44.75,40,104440
20221130,09:58:27,44.90,280,104440
20221130,09:58:28,45.25,40,104440
20221130,09:58:33,45.50,120,104440
20221130,09:58:34,45.00,80,104440
20221130,09:58:38,45.35,40,104440
20221130,09:58:41,45.05,80,104440
20221130,09:58:44,44.55,440,104440
20221130,09:58:46,44.55,40,104440
20221130,09:58:50,44.90,40,104440
20221130,09:58:52,44.95,200,104440
20221130,09:59:01,44.95,440,104440
20221130,09:59:14,45.50,120,104440
20221130,09:59:16,45.45,80,104440
20221130,09:59:18,45.35,40,104440
20221130,09:59:18,45.05,80,104440
20221130,09:59:19,45.05,80,104440
20221130,09:59:20,45.15,80,104440
20221130,09:59:21,44.95,40,104440
20221130,09:59:23,45.40,1000,104440
20221130,09:59:24,44.85,960,104440
20221130,09:59:25,44.80,280,104440
20221130,09:59:26,44.85,320,104440
20221130,09:59:27,44.90,80,104440
20221130,09:59:29,44.75,40,99920
20221130,09:59:32,44.75,240,99920
20221130,09:59:42,44.55,80,99920
20221130,09:59:46,44.70,40,99920
20221130,09:59:49,44.30,40,99920
20221130,09:59:49,44.75,80,99920
20221130,09:59:50,44.95,120,99920
20221130,10:00:04,44.65,40,99920
20221130,10:00:07,44.45,2760,99920
20221130,10:00:08,44.20,80,99920
20221130,10:00:09,44.10,160,99920
20221130,10:00:09,44.00,40,99920
20221130,10:00:11,44.10,1840,99920
20221130,10:00:12,43.90,120,99920
20221130,10:00:13,44.05,120,99920
20221130,10:00:15,44.15,80,99920
20221130,10:00:16,43.90,120,99920
20221130,10:00:17,44.50,800,99920
20221130,10:00:18,44.40,80,99920
20221130,10:00:20,44.20,120,99920
20221130,10:00:23,44.55,200,99920
20221130,10:00:25,44.45,40,99920
20221130,10:00:48,44.45,40,99920
20221130,10:00:50,44.45,360,99920
20221130,10:00:51,44.45,80,99920
20221130,10:00:53,44.20,200,99920
20221130,10:00:57,43.80,240,99920
20221130,10:01:00,43.65,240,99920
20221130,10:01:01,43.50,160,99920
20221130,10:01:05,43.75,280,99920
20221130,10:01:09,44.15,240,99920
20221130,10:01:17,43.05,40,99920
20221130,10:01:18,43.80,480,99920
20221130,10:01:20,44.00,40,99920
20221130,10:01:21,44.45,40,99920
20221130,10:01:23,44.20,1680,99920
20221130,10:01:25,43.90,40,99920
20221130,10:01:26,43.65,280,99920
20221130,10:01:34,43.60,80,99920
20221130,10:01:41,43.00,2720,99920
20221130,10:01:42,43.10,40,99920
20221130,10:01:43,43.30,120,99920
20221130,10:01:48,43.10,40,99920
20221130,10:01:51,43.35,40,99920
20221130,10:01:52,43.35,80,99920
20221130,10:01:59,42.90,160,99920
20221130,10:02:01,43.55,560,99920
20221130,10:02:04,44.45,560,99920
20221130,10:02:05,44.20,80,99920
20221130,10:02:07,44.05,280,99920
20221130,10:02:08,44.20,160,99920
20221130,10:02:10,43.95,400,99920
20221130,10:02:14,44.30,40,99920
20221130,10:02:19,44.30,40,99920
20221130,10:02:21,44.05,520,99920
20221130,10:02:22,44.00,80,99920
20221130,10:02:23,44.35,1840,99920
20221130,10:02:26,44.35,1920,99920
20221130,10:02:27,44.75,2000,99920
20221130,10:02:28,44.20,1720,99920
20221130,10:02:30,44.55,400,100160
20221130,10:02:31,44.45,40,100160
20221130,10:02:32,44.95,1080,100160
20221130,10:02:33,44.80,280,100160
20221130,10:02:36,45.10,240,100160
20221130,10:02:37,45.20,40,100160
20221130,10:02:39,44.75,120,100160
20221130,10:02:41,45.25,440,100160
20221130,10:02:46,46.35,800,100160
20221130,10:02:47,45.95,560,100160
20221130,10:02:49,46.15,480,100160
20221130,10:02:50,46.55,240,100160
20221130,10:02:52,46.15,200,100160
20221130,10:02:53,45.75,40,100160
20221130,10:02:54,46.30,160,100160
20221130,10:02:55,46.30,40,100160
20221130,10:02:57,46.30,120,100160
20221130,10:02:58,46.55,200,100160
20221130,10:02:59,46.45,800,100160
20221130,10:03:01,46.50,40,100160
20221130,10:03:03,46.85,1840,100160
20221130,10:03:04,46.50,1480,100160
20221130,10:03:05,46.35,600,100160
20221130,10:03:06,46.60,160,100160
20221130,10:03:07,46.60,120,100160
20221130,10:03:10,46.60,40,100160
20221130,10:03:12,46.35,40,100160
20221130,10:03:13,46.30,40,100160
20221130,10:03:15,45.80,960,100160
20221130,10:03:16,45.45,120,100160
20221130,10:03:17,45.75,280,100160
20221130,10:03:18,45.65,240,100160
20221130,10:03:20,45.80,120,100160
20221130,10:03:21,46.10,720,100160
20221130,10:03:22,45.80,400,100160
20221130,10:03:25,45.90,360,100160
20221130,10:03:26,46.15,240,100160
20221130,10:03:29,45.70,40,100160
20221130,10:03:30,45.85,120,100160
20221130,10:03:31,45.75,80,100160
20221130,10:03:32,45.90,80,100160
20221130,10:03:34,45.80,120,100160
20221130,10:03:35,46.25,120,100160
20221130,10:03:37,45.70,80,100160
20221130,10:03:40,45.50,40,100160
20221130,10:03:43,45.00,360,100160
20221130,10:03:44,45.20,200,100160
20221130,10:03:48,45.00,40,100160
20221130,10:03:49,44.80,160,100160
20221130,10:03:51,44.60,1800,100160
20221130,10:03:54,44.90,600,100160
20221130,10:04:01,45.00,40,100160
20221130,10:04:06,45.40,120,100160
20221130,10:04:07,45.00,160,100160
20221130,10:04:08,45.10,280,100160
20221130,10:04:18,45.05,160,100160
20221130,10:04:21,45.15,200,100160
20221130,10:04:23,45.20,40,100160
20221130,10:04:28,45.40,120,100160
20221130,10:04:29,45.20,120,100160
20221130,10:04:32,45.35,440,100160
20221130,10:04:33,45.65,40,100160
20221130,10:04:39,45.50,80,100160
20221130,10:04:46,45.40,40,100160
20221130,10:04:47,45.20,80,100160
20221130,10:04:48,45.00,40,100160
20221130,10:04:55,45.15,200,100160
20221130,10:04:56,44.85,40,100160
20221130,10:04:57,44.75,80,100160
20221130,10:05:02,44.60,80,100160
20221130,10:05:04,44.75,40,100160
20221130,10:05:06,44.80,40,100160
20221130,10:05:07,44.95,80,100160
20221130,10:05:08,45.00,360,100160
20221130,10:05:08,45.00,40,100160
20221130,10:05:18,45.50,80,100160
20221130,10:05:20,45.60,400,100160
20221130,10:05:22,45.40,80,100160
20221130,10:05:31,45.75,520,99600
20221130,10:05:35,45.50,40,99600
20221130,10:05:36,45.15,280,99600
20221130,10:05:38,45.15,80,99600
20221130,10:05:44,45.25,360,99600
20221130,10:05:46,45.05,720,99600
20221130,10:05:51,45.10,40,99600
20221130,10:05:52,45.25,80,99600
20221130,10:05:53,45.05,200,99600
20221130,10:05:55,45.00,40,99600
20221130,10:05:58,44.90,80,99600
20221130,10:06:03,45.00,40,99600
20221130,10:06:04,44.90,160,99600
20221130,10:06:05,45.05,160,99600
20221130,10:06:06,45.70,280,99600
20221130,10:06:07,45.95,200,99600
20221130,10:06:10,45.60,200,99600
20221130,10:06:11,45.65,80,99600
20221130,10:06:12,45.40,80,99600
20221130,10:06:13,45.80,2480,99600
20221130,10:06:17,46.30,120,99600
20221130,10:06:25,45.85,40,99600
20221130,10:06:39,46.30,40,99600
20221130,10:06:40,46.55,200,99600
20221130,10:06:41,46.25,880,99600
20221130,10:06:43,46.20,80,99600
20221130,10:06:44,46.25,40,99600
20221130,10:06:46,46.30,40,99600
20221130,10:06:48,46.10,400,99600
20221130,10:06:49,45.85,80,99600
20221130,10:06:51,46.20,80,99600
20221130,10:06:53,46.20,2520,99600
20221130,10:06:58,46.20,80,99600
20221130,10:07:04,46.60,200,99600
20221130,10:07:08,46.45,40,99600
20221130,10:07:14,46.45,360,99600
20221130,10:07:15,46.40,360,99600
20221130,10:07:22,46.25,680,99600
20221130,10:07:25,46.25,160,99600
20221130,10:07:27,46.30,160,99600
20221130,10:07:29,46.00,80,99600
20221130,10:07:31,45.90,240,99600
20221130,10:07:32,45.80,440,99600
20221130,10:07:33,45.80,40,99600
20221130,10:07:44,46.00,80,99600
20221130,10:07:55,45.60,200,99600
20221130,10:07:57,45.60,400,99600
20221130,10:07:59,45.30,800,99600
20221130,10:08:01,45.50,320,99600
20221130,10:08:06,45.50,440,99600
20221130,10:08:16,45.45,40,99600
20221130,10:08:18,45.05,80,99600
20221130,10:08:21,45.00,520,99600
20221130,10:08:25,44.80,800,99600
20221130,10:08:26,44.70,280,99600
20221130,10:08:31,45.00,320,103840
20221130,10:08:34,45.50,160,103840
20221130,10:08:35,45.30,240,103840
20221130,10:08:38,44.70,40,103840
20221130,10:08:44,44.80,40,103840
20221130,10:08:51,44.50,80,103840
20221130,10:08:52,44.65,480,103840
20221130,10:09:01,44.65,80,103840
20221130,10:09:05,45.10,320,103840
20221130,10:09:08,44.15,320,103840
20221130,10:09:09,44.30,40,103840
20221130,10:09:12,44.15,40,103840
20221130,10:09:19,44.05,80,103840
20221130,10:09:20,43.85,200,103840
20221130,10:09:23,44.20,1800,103840
20221130,10:09:24,43.35,160,103840
20221130,10:09:26,43.05,160,103840
20221130,10:09:29,43.75,80,103840
20221130,10:09:30,43.10,80,103840
20221130,10:09:31,43.00,80,103840
20221130,10:09:32,43.50,40,103840
20221130,10:09:33,43.40,160,103840
20221130,10:09:34,43.15,200,103840
20221130,10:09:35,43.00,440,103840
20221130,10:09:40,43.20,80,103840
20221130,10:09:41,43.70,320,103840
20221130,10:09:43,43.50,160,103840
20221130,10:09:47,43.50,800,103840
20221130,10:09:48,43.50,640,103840
20221130,10:09:52,44.05,400,103840
20221130,10:09:53,43.70,1160,103840
20221130,10:09:54,43.90,80,103840
20221130,10:09:56,43.85,40,103840
20221130,10:09:59,43.55,800,103840
20221130,10:10:04,43.95,240,103840
20221130,10:10:05,44.25,360,103840
20221130,10:10:10,43.60,1600,103840
20221130,10:10:15,43.55,280,103840
20221130,10:10:16,43.55,40,103840
20221130,10:10:19,43.50,160,103840
20221130,10:10:21,43.50,400,103840
20221130,10:10:24,43.35,40,103840
20221130,10:10:25,43.40,120,103840
20221130,10:10:29,43.35,1800,103840
20221130,10:10:35,43.85,640,103840
20221130,10:10:38,43.70,400,103840
20221130,10:10:56,43.75,80,103840
20221130,10:10:57,43.40,280,103840
20221130,10:10:59,43.60,80,103840
20221130,10:11:02,43.60,40,103840
20221130,10:11:07,43.45,160,103840
20221130,10:11:08,43.60,40,103840
20221130,10:11:10,43.40,40,103840
20221130,10:11:14,43.10,400,103840
20221130,10:11:15,43.00,1080,103840
20221130,10:11:30,43.50,480,103840
20221130,10:11:31,43.50,1480,110040
20221130,10:11:34,43.70,160,110040
20221130,10:11:37,43.85,1960,110040
20221130,10:11:38,43.75,560,110040
20221130,10:11:46,43.75,480,110040
20221130,10:11:47,43.60,80,110040
20221130,10:11:51,43.75,360,110040
20221130,10:11:53,43.75,760,110040
20221130,10:11:56,43.80,120,110040
20221130,10:11:59,43.50,800,110040
20221130,10:12:00,43.65,240,110040
20221130,10:12:09,43.65,80,110040
20221130,10:12:10,43.65,120,110040
20221130,10:12:11,43.65,280,110040
20221130,10:12:25,43.50,80,110040
20221130,10:12:30,44.00,760,110040
20221130,10:12:31,43.85,840,110040
20221130,10:12:39,44.00,200,110040
20221130,10:12:42,43.80,40,110040
20221130,10:12:46,44.00,40,110040
20221130,10:12:46,43.90,80,110040
20221130,10:12:48,43.75,80,110040
20221130,10:12:50,43.75,40,110040
20221130,10:12:57,43.95,160,110040
20221130,10:12:58,43.95,1640,110040
20221130,10:12:59,44.05,80,110040
20221130,10:13:00,43.95,40,110040
20221130,10:13:03,43.90,440,110040
20221130,10:13:05,43.60,160,110040
20221130,10:13:11,43.60,40,110040
20221130,10:13:11,43.70,40,110040
20221130,10:13:19,43.40,40,110040
20221130,10:13:23,43.95,40,110040
20221130,10:13:25,43.95,160,110040
20221130,10:13:40,43.95,80,110040
20221130,10:13:42,43.85,240,110040
20221130,10:13:44,44.10,40,110040
20221130,10:13:49,44.10,320,110040
20221130,10:13:50,44.00,440,110040
20221130,10:13:51,44.20,40,110040
20221130,10:13:59,43.85,80,110040
20221130,10:14:15,44.05,40,110040
20221130,10:14:19,44.25,40,110040
20221130,10:14:21,44.15,840,110040
20221130,10:14:26,44.25,40,110040
20221130,10:14:32,44.00,40,106880
20221130,10:14:43,44.00,40,106880
20221130,10:14:48,44.20,80,106880
20221130,10:14:50,43.75,40,106880
20221130,10:15:06,43.25,120,106880
20221130,10:15:09,43.00,120,106880
20221130,10:15:11,43.00,40,106880
20221130,10:15:12,42.65,40,106880
20221130,10:15:16,43.00,240,106880
20221130,10:15:17,42.55,200,106880
20221130,10:15:22,42.40,80,106880
20221130,10:15:26,42.55,80,106880
20221130,10:15:36,42.65,200,106880
20221130,10:15:40,42.45,40,106880
20221130,10:15:49,42.20,200,106880
20221130,10:15:51,41.95,2520,106880
20221130,10:15:52,41.80,2600,106880
20221130,10:15:53,41.75,2040,106880
20221130,10:15:55,41.75,120,106880
20221130,10:15:57,41.70,240,106880
20221130,10:15:59,41.70,40,106880
20221130,10:16:01,41.60,520,106880
20221130,10:16:03,41.50,160,106880
20221130,10:16:04,41.50,120,106880
20221130,10:16:05,41.60,1480,106880
20221130,10:16:06,41.40,720,106880
20221130,10:16:08,41.40,720,106880
20221130,10:16:09,41.40,240,106880
20221130,10:16:10,41.35,840,106880
20221130,10:16:10,41.35,240,106880
20221130,10:16:12,41.30,40,106880
20221130,10:16:14,41.30,280,106880
20221130,10:16:15,41.10,40,106880
20221130,10:16:16,41.25,1000,106880
20221130,10:16:17,41.00,840,106880
20221130,10:16:24,40.75,800,106880
20221130,10:16:30,40.70,200,106880
20221130,10:16:31,40.75,160,106880
20221130,10:16:33,40.75,200,106880
20221130,10:16:35,40.80,80,106880
20221130,10:16:36,40.90,320,106880
20221130,10:16:37,40.65,120,106880
20221130,10:16:39,40.80,320,106880
20221130,10:16:42,40.85,80,106880
20221130,10:16:44,40.80,80,106880
20221130,10:16:46,40.80,760,106880
20221130,10:16:47,40.80,80,106880
20221130,10:16:49,40.40,120,106880
20221130,10:16:50,40.65,40,106880
20221130,10:16:52,40.55,40,106880
20221130,10:16:53,40.65,600,106880
20221130,10:16:59,40.60,240,106880
20221130,10:17:01,41.10,1040,106880
20221130,10:17:05,41.00,560,106880
20221130,10:17:17,40.45,40,106880
20221130,10:17:19,40.30,120,106880
20221130,10:17:20,40.25,320,106880
20221130,10:17:21,40.25,120,106880
20221130,10:17:22,40.30,80,106880
20221130,10:17:23,40.25,600,106880
20221130,10:17:24,39.90,2600,106880
20221130,10:17:25,40.00,160,106880
20221130,10:17:28,40.15,280,106880
20221130,10:17:29,39.50,120,106880
20221130,10:17:31,39.35,120,106880
20221130,10:17:32,39.35,720,110760
20221130,10:17:34,39.45,80,110760
20221130,10:17:35,39.60,120,110760
20221130,10:17:38,39.20,40,110760
20221130,10:17:39,39.10,80,110760
20221130,10:17:40,39.10,280,110760
20221130,10:17:41,39.00,240,110760
20221130,10:17:43,38.75,240,110760
20221130,10:17:44,39.00,80,110760
20221130,10:17:45,38.85,160,110760
20221130,10:17:46,38.90,200,110760
20221130,10:17:49,38.00,560,110760
20221130,10:17:50,38.00,120,110760
20221130,10:17:51,37.65,120,110760
20221130,10:17:52,37.65,80,110760
20221130,10:17:53,38.40,320,110760
20221130,10:17:54,38.35,400,110760
20221130,10:17:55,38.60,360,110760
20221130,10:17:57,39.00,1000,110760
20221130,10:18:02,38.95,40,110760
20221130,10:18:03,39.35,200,110760
20221130,10:18:05,39.25,120,110760
20221130,10:18:07,39.40,40,110760
20221130,10:18:09,39.45,80,110760
20221130,10:18:10,39.05,80,110760
20221130,10:18:17,39.60,40,110760
20221130,10:18:18,39.95,1600,110760
20221130,10:18:20,39.50,80,110760
20221130,10:18:22,39.85,320,110760
20221130,10:18:31,39.85,880,110760
20221130,10:18:33,39.40,40,110760
20221130,10:18:39,39.40,120,110760
20221130,10:18:41,39.15,40,110760
20221130,10:18:43,39.40,40,110760
20221130,10:18:44,39.30,40,110760
20221130,10:18:46,39.50,160,110760
20221130,10:18:58,39.30,200,110760
20221130,10:18:59,39.05,160,110760
20221130,10:19:03,38.55,280,110760
20221130,10:19:04,38.85,1800,110760
20221130,10:19:06,39.05,520,110760
20221130,10:19:12,38.95,40,110760
20221130,10:19:15,39.25,120,110760
20221130,10:19:17,39.55,80,110760
20221130,10:19:27,39.75,200,110760
20221130,10:19:34,39.85,40,110760
20221130,10:19:38,39.45,200,110760
20221130,10:19:44,39.20,40,110760
20221130,10:19:50,39.30,40,110760
20221130,10:20:02,39.25,40,110760
20221130,10:20:07,39.30,1600,110760
20221130,10:20:10,39.85,520,110760
20221130,10:20:13,39.35,40,110760
20221130,10:20:24,39.20,40,110760
20221130,10:20:29,39.45,160,110760
20221130,10:20:40,39.70,40,108560
20221130,10:20:55,39.90,40,108560
20221130,10:20:58,40.00,3760,108560
20221130,10:21:05,40.15,40,108560
20221130,10:21:07,39.90,480,108560
20221130,10:21:18,39.95,360,108560
20221130,10:21:19,39.90,120,108560
20221130,10:21:21,39.90,40,108560
20221130,10:21:22,39.85,80,108560
20221130,10:21:23,39.85,40,108560
20221130,10:21:24,39.65,320,108560
20221130,10:21:25,39.55,280,108560
20221130,10:21:26,39.70,240,108560
20221130,10:21:35,39.85,80,108560
20221130,10:21:36,39.70,80,108560
20221130,10:21:45,39.30,40,108560
20221130,10:21:49,39.65,240,108560
20221130,10:21:50,39.50,40,108560
20221130,10:21:53,39.55,160,108560
20221130,10:21:54,39.50,160,108560
20221130,10:21:55,39.55,80,108560
20221130,10:21:59,39.50,80,108560
20221130,10:22:00,39.45,40,108560
20221130,10:22:02,39.50,80,108560
20221130,10:22:03,40.00,80,108560
20221130,10:22:04,39.70,200,108560
20221130,10:22:05,39.95,80,108560
20221130,10:22:08,39.70,40,108560
20221130,10:22:09,39.60,80,108560
20221130,10:22:11,39.70,80,108560
20221130,10:22:13,39.70,40,108560
20221130,10:22:14,39.40,400,108560
20221130,10:22:16,39.45,200,108560
20221130,10:22:17,39.40,40,108560
20221130,10:22:18,39.50,40,108560
20221130,10:22:20,39.35,80,108560
20221130,10:22:25,39.05,360,108560
20221130,10:22:26,38.70,1160,108560
20221130,10:22:27,38.65,1120,108560
20221130,10:22:28,38.70,400,108560
20221130,10:22:30,39.15,360,108560
20221130,10:22:31,39.50,200,108560
20221130,10:22:32,39.80,40,108560
20221130,10:22:34,39.75,40,108560
20221130,10:22:35,39.65,40,108560
20221130,10:22:36,40.05,200,108560
20221130,10:22:37,40.20,80,108560
20221130,10:22:38,39.95,40,108560
20221130,10:22:40,39.90,40,108560
20221130,10:22:42,40.20,40,108560
20221130,10:22:44,40.05,160,108560
20221130,10:22:48,40.05,160,108560
20221130,10:22:49,40.10,80,108560
20221130,10:22:53,39.80,120,108560
20221130,10:22:57,39.60,40,108560
20221130,10:23:15,39.30,40,108560
20221130,10:23:17,39.40,40,108560
20221130,10:23:25,39.95,80,108560
20221130,10:23:26,39.75,960,108560
20221130,10:23:28,40.05,40,108560
20221130,10:23:30,40.00,200,108560
20221130,10:23:33,40.25,40,108560
20221130,10:23:33,40.00,80,107200
20221130,10:23:34,39.90,320,107200
20221130,10:23:37,40.00,320,107200
20221130,10:23:38,39.60,40,107200
20221130,10:23:44,39.90,160,107200
20221130,10:23:59,40.20,120,107200
20221130,10:24:01,40.50,40,107200
20221130,10:24:04,40.05,280,107200
20221130,10:24:06,40.05,40,107200
20221130,10:24:09,39.90,440,107200
20221130,10:24:10,39.80,40,107200
20221130,10:24:11,39.70,80,107200
20221130,10:24:18,40.20,160,107200
20221130,10:24:22,39.95,840,107200
20221130,10:24:23,39.90,40,107200
20221130,10:24:30,39.95,40,107200
20221130,10:24:31,39.75,40,107200
20221130,10:24:33,39.85,40,107200
20221130,10:24:35,39.80,40,107200
20221130,10:25:03,40.15,600,107200
20221130,10:25:12,40.45,160,107200
20221130,10:25:14,40.20,600,107200
20221130,10:25:15,40.15,120,107200
20221130,10:25:18,40.20,520,107200
20221130,10:25:33,40.00,280,107200
20221130,10:25:34,40.00,120,107200
20221130,10:25:39,39.95,160,107200
20221130,10:25:40,39.85,80,107200
20221130,10:25:43,40.35,760,107200
20221130,10:25:47,40.05,40,107200
20221130,10:26:00,39.85,40,107200
20221130,10:26:12,39.70,400,107200
20221130,10:26:14,39.90,560,107200
20221130,10:26:17,39.85,40,107200
20221130,10:26:21,39.55,160,107200
20221130,10:26:24,39.85,240,107200
20221130,10:26:25,39.85,280,107200
20221130,10:26:31,40.40,120,107200
20221130,10:26:32,40.45,200,107200
20221130,10:26:33,40.00,320,107840
20221130,10:26:42,39.90,280,107840
20221130,10:26:46,40.20,200,107840
20221130,10:26:57,40.25,40,107840
20221130,10:27:10,40.35,400,107840
20221130,10:27:13,40.25,200,107840
20221130,10:27:15,40.50,160,107840
20221130,10:27:16,40.35,200,107840
20221130,10:27:17,40.65,80,107840
20221130,10:27:18,40.35,120,107840
20221130,10:27:20,40.25,40,107840
20221130,10:27:21,40.35,80,107840
20221130,10:27:24,39.60,2920,107840
20221130,10:27:28,39.80,40,107840
20221130,10:27:30,39.55,40,107840
20221130,10:27:36,39.25,80,107840
20221130,10:27:38,39.35,160,107840
20221130,10:27:45,39.30,40,107840
20221130,10:27:47,39.90,1120,107840
20221130,10:27:47,39.90,80,107840
20221130,10:27:55,40.00,200,107840
20221130,10:28:02,39.55,40,107840
20221130,10:28:06,39.30,80,107840
20221130,10:28:08,39.55,40,107840
20221130,10:28:09,39.70,40,107840
20221130,10:28:13,39.95,40,107840
20221130,10:28:15,40.00,80,107840
20221130,10:28:17,39.90,120,107840
20221130,10:28:23,39.70,160,107840
20221130,10:28:28,40.10,440,107840
20221130,10:28:29,39.95,200,107840
20221130,10:28:41,39.65,40,107840
20221130,10:28:46,39.50,40,107840
20221130,10:29:02,39.75,80,107840
20221130,10:29:04,39.80,40,107840
20221130,10:29:14,39.70,40,107840
20221130,10:29:16,39.30,80,107840
20221130,10:29:19,39.35,80,107840
20221130,10:29:20,39.25,840,107840
20221130,10:29:21,39.15,160,107840
20221130,10:29:22,39.10,160,107840
20221130,10:29:23,38.65,600,107840
20221130,10:29:24,38.60,80,107840
20221130,10:29:25,39.60,1320,107840
20221130,10:29:26,39.65,680,107840
20221130,10:29:28,39.35,240,107840
20221130,10:29:32,39.40,40,107840
20221130,10:29:34,39.70,80,109440
20221130,10:29:35,39.65,360,109440
20221130,10:29:46,39.05,120,109440
20221130,10:29:48,39.30,40,109440
20221130,10:29:49,39.25,120,109440
20221130,10:29:51,39.35,200,109440
20221130,10:29:52,39.35,80,109440
20221130,10:29:54,39.10,520,109440
20221130,10:29:56,39.20,40,109440
20221130,10:29:57,39.00,80,109440
20221130,10:29:58,38.95,80,109440
20221130,10:30:01,39.40,480,109440
20221130,10:30:02,39.40,40,109440
20221130,10:30:04,39.20,80,109440
20221130,10:30:05,39.00,80,109440
20221130,10:30:13,39.00,40,109440
20221130,10:30:18,39.10,200,109440
20221130,10:30:19,39.10,40,109440
20221130,10:30:21,39.00,80,109440
20221130,10:30:22,39.05,80,109440
20221130,10:30:26,39.10,520,109440
20221130,10:30:29,39.10,160,109440
20221130,10:30:31,39.30,40,109440
20221130,10:30:33,39.20,80,109440
20221130,10:30:35,39.20,160,109440
20221130,10:30:36,38.90,160,109440
20221130,10:30:40,38.80,360,109440
20221130,10:30:41,38.95,80,109440
20221130,10:30:45,38.95,80,109440
20221130,10:30:53,38.90,120,109440
20221130,10:30:55,38.65,1880,109440
20221130,10:30:56,38.75,40,109440
20221130,10:31:00,39.00,80,109440
20221130,10:31:01,39.35,40,109440
20221130,10:31:02,39.55,200,109440
20221130,10:31:05,39.60,40,109440
20221130,10:31:06,39.45,560,109440
20221130,10:31:16,39.35,40,109440
20221130,10:31:17,39.60,160,109440
20221130,10:31:23,39.80,40,109440
20221130,10:31:28,39.60,200,109440
20221130,10:31:30,39.50,40,109440
20221130,10:31:31,39.75,200,109440
20221130,10:31:33,39.50,40,109440
20221130,10:31:35,39.90,280,109440
20221130,10:31:41,39.65,40,109440
20221130,10:31:49,39.50,160,109440
20221130,10:32:00,39.30,200,109440
20221130,10:32:01,39.00,40,109440
20221130,10:32:06,39.20,40,109440
20221130,10:32:14,38.95,80,109440
20221130,10:32:15,38.50,1320,109440
20221130,10:32:16,38.30,40,109440
20221130,10:32:18,37.45,2040,109440
20221130,10:32:19,37.45,160,109440
20221130,10:32:21,37.80,120,109440
20221130,10:32:26,38.80,720,109440
20221130,10:32:30,38.80,280,109440
20221130,10:32:31,39.00,40,109440
20221130,10:32:32,39.15,40,109440
20221130,10:32:33,39.20,40,109440
20221130,10:32:34,39.30,400,112440
20221130,10:32:35,39.25,320,112440
20221130,10:32:36,38.90,480,112440
20221130,10:32:37,38.70,280,112440
20221130,10:32:38,38.65,120,112440
20221130,10:32:41,38.90,1880,112440
20221130,10:32:43,39.15,80,112440
20221130,10:32:54,39.00,1800,112440
20221130,10:32:55,38.90,80,112440
20221130,10:32:57,38.75,240,112440
20221130,10:33:01,38.25,240,112440
20221130,10:33:02,38.25,40,112440
20221130,10:33:08,38.60,40,112440
20221130,10:33:09,38.55,200,112440
20221130,10:33:10,38.50,120,112440
20221130,10:33:11,38.70,40,112440
20221130,10:33:13,38.60,200,112440
20221130,10:33:14,38.80,120,112440
20221130,10:33:15,38.70,120,112440
20221130,10:33:17,38.50,40,112440
20221130,10:33:19,38.60,120,112440
20221130,10:33:22,38.60,1160,112440
20221130,10:33:24,38.65,40,112440
20221130,10:33:25,38.80,240,112440
20221130,10:33:26,38.85,120,112440
20221130,10:33:33,38.80,80,112440
20221130,10:33:37,39.00,240,112440
20221130,10:33:40,38.95,40,112440
20221130,10:33:44,39.40,120,112440
20221130,10:33:45,39.25,40,112440
20221130,10:33:46,39.00,240,112440
20221130,10:33:48,39.10,800,112440
20221130,10:34:00,39.15,400,112440
20221130,10:34:01,38.95,320,112440
20221130,10:34:04,38.85,80,112440
20221130,10:34:09,38.75,80,112440
20221130,10:34:10,39.05,120,112440
20221130,10:34:11,39.10,120,112440
20221130,10:34:13,39.30,40,112440
20221130,10:34:14,38.95,240,112440
20221130,10:34:17,39.55,400,112440
20221130,10:34:18,39.60,520,112440
20221130,10:34:20,39.50,80,112440
20221130,10:34:28,39.60,40,112440
20221130,10:34:31,39.90,1920,112440
20221130,10:34:42,39.20,80,112440
20221130,10:34:46,39.50,240,112440
20221130,10:34:53,39.65,120,112440
20221130,10:34:55,39.40,40,112440
20221130,10:34:57,39.35,40,112440
20221130,10:34:59,39.45,240,112440
20221130,10:35:01,39.45,40,112440
20221130,10:35:14,39.50,40,112440
20221130,10:35:15,39.40,120,112440
20221130,10:35:16,38.95,1520,112440
20221130,10:35:24,38.85,40,112440
20221130,10:35:26,39.15,240,112440
20221130,10:35:29,39.00,120,112440
20221130,10:35:42,39.00,120,113720
20221130,10:35:56,38.45,40,113720
20221130,10:35:57,38.75,80,113720
20221130,10:35:58,38.95,960,113720
20221130,10:35:59,38.45,40,113720
20221130,10:36:00,38.80,160,113720
20221130,10:36:02,38.80,40,113720
20221130,10:36:05,38.40,360,113720
20221130,10:36:07,38.35,680,113720
20221130,10:36:09,37.85,1000,113720
20221130,10:36:11,37.95,640,113720
20221130,10:36:16,37.85,80,113720
20221130,10:36:17,38.25,1040,113720
20221130,10:36:23,38.15,40,113720
20221130,10:36:27,37.60,40,113720
20221130,10:36:28,37.95,80,113720
20221130,10:36:31,37.70,160,113720
20221130,10:36:33,38.20,600,113720
20221130,10:36:41,38.00,40,113720
20221130,10:36:45,37.85,240,113720
20221130,10:36:46,38.00,80,113720
20221130,10:36:50,38.10,360,113720
20221130,10:36:54,38.05,240,113720
20221130,10:37:00,37.85,400,113720
20221130,10:37:06,38.00,120,113720
20221130,10:37:07,38.00,40,113720
20221130,10:37:11,37.85,80,113720
20221130,10:37:16,37.80,120,113720
20221130,10:37:17,38.10,520,113720
20221130,10:37:22,38.05,200,113720
20221130,10:37:27,38.05,40,113720
20221130,10:37:29,38.00,400,113720
20221130,10:37:31,38.00,40,113720
20221130,10:37:34,38.00,40,113720
20221130,10:37:38,38.05,40,113720
20221130,10:37:46,38.05,560,113720
20221130,10:37:58,38.35,1440,113720
20221130,10:38:06,37.95,160,113720
20221130,10:38:07,37.45,200,113720
20221130,10:38:10,37.60,800,113720
20221130,10:38:13,38.00,360,113720
20221130,10:38:21,38.50,40,113720
20221130,10:38:22,38.80,40,113720
20221130,10:38:24,38.85,80,113720
20221130,10:38:26,38.85,80,113720
20221130,10:38:29,38.30,3840,113720
20221130,10:38:29,38.15,80,113720
20221130,10:38:30,38.40,80,113720
20221130,10:38:32,38.20,560,113720
20221130,10:38:33,37.75,40,113720
20221130,10:38:34,37.75,160,113720
20221130,10:38:35,37.75,200,113720
20221130,10:38:36,37.60,120,116920
20221130,10:38:49,38.15,40,116920
20221130,10:38:50,38.00,80,116920
20221130,10:38:54,38.10,40,116920
20221130,10:38:56,38.00,240,116920
20221130,10:39:00,38.10,40,116920
20221130,10:39:01,37.60,80,116920
20221130,10:39:06,37.50,40,116920
20221130,10:39:43,36.95,680,116920
20221130,10:39:47,36.95,40,116920
20221130,10:39:54,36.95,760,116920
20221130,10:40:01,36.75,80,116920
20221130,10:40:03,36.75,160,116920
20221130,10:40:03,37.00,320,116920
20221130,10:40:05,37.40,80,116920
20221130,10:40:06,37.00,240,116920
20221130,10:40:13,37.25,520,116920
20221130,10:40:14,37.10,720,116920
20221130,10:40:15,37.00,320,116920
20221130,10:40:16,37.10,40,116920
20221130,10:40:17,37.25,40,116920
20221130,10:40:19,37.25,1400,116920
20221130,10:40:21,37.25,1400,116920
20221130,10:40:27,37.70,80,116920
20221130,10:40:32,37.50,40,116920
20221130,10:40:38,37.70,80,116920
20221130,10:40:42,37.65,120,116920
20221130,10:41:03,37.80,160,116920
20221130,10:41:25,38.90,120,116920
20221130,10:41:29,38.80,160,116920
20221130,10:41:35,38.90,440,114680
20221130,10:41:46,38.20,600,114680
20221130,10:41:47,37.90,880,114680
20221130,10:41:49,38.25,40,114680
20221130,10:41:50,38.30,40,114680
20221130,10:41:51,38.30,80,114680
20221130,10:41:55,38.30,40,114680
20221130,10:41:59,38.35,160,114680
20221130,10:42:02,38.35,80,114680
20221130,10:42:06,38.00,80,114680
20221130,10:42:16,38.40,200,114680
20221130,10:42:17,38.50,40,114680
20221130,10:42:18,38.70,200,114680
20221130,10:42:19,38.15,1680,114680
20221130,10:42:20,38.10,200,114680
20221130,10:42:23,38.10,40,114680
20221130,10:42:24,38.10,80,114680
20221130,10:42:25,38.00,280,114680
20221130,10:42:27,37.95,440,114680
20221130,10:42:31,38.00,600,114680
20221130,10:42:35,37.95,80,114680
20221130,10:42:38,38.35,40,114680
20221130,10:42:43,38.00,160,114680
20221130,10:42:44,37.80,320,114680
20221130,10:42:45,37.50,640,114680
20221130,10:42:46,37.35,240,114680
20221130,10:42:50,37.50,280,114680
20221130,10:42:51,37.50,280,114680
20221130,10:43:03,37.15,920,114680
20221130,10:43:05,37.00,80,114680
20221130,10:43:06,36.55,440,114680
20221130,10:43:07,36.45,40,114680
20221130,10:43:08,36.20,240,114680
20221130,10:43:11,36.20,40,114680
20221130,10:43:13,37.25,880,114680
20221130,10:43:15,36.85,960,114680
20221130,10:43:16,37.10,880,114680
20221130,10:43:20,37.15,80,114680
20221130,10:43:22,36.75,200,114680
20221130,10:43:23,36.55,40,114680
20221130,10:43:24,36.10,400,114680
20221130,10:43:25,36.00,440,114680
20221130,10:43:26,35.65,1000,114680
20221130,10:43:27,35.35,80,114680
20221130,10:43:30,35.35,40,114680
20221130,10:43:32,36.30,400,114680
20221130,10:43:34,36.60,600,114680
20221130,10:43:35,36.70,40,114680
20221130,10:43:36,36.50,200,114680
20221130,10:43:37,37.35,720,114680
20221130,10:43:38,37.55,280,114680
20221130,10:43:39,36.95,40,114680
20221130,10:43:50,37.00,480,114680
20221130,10:43:53,37.20,120,114680
20221130,10:43:54,37.50,200,114680
20221130,10:44:00,36.60,720,114680
20221130,10:44:01,36.35,280,114680
20221130,10:44:02,35.80,560,114680
20221130,10:44:03,36.20,320,114680
20221130,10:44:07,35.75,120,114680
20221130,10:44:08,35.80,320,114680
20221130,10:44:09,35.75,80,114680
20221130,10:44:11,35.60,120,114680
20221130,10:44:12,35.60,280,114680
20221130,10:44:18,35.60,40,114680
20221130,10:44:19,36.00,80,114680
20221130,10:44:21,35.65,240,114680
20221130,10:44:22,35.60,160,114680
20221130,10:44:27,35.85,80,114680
20221130,10:44:29,36.00,1040,114680
20221130,10:44:31,36.35,520,114680
20221130,10:44:33,36.05,280,114680
20221130,10:44:40,35.15,1760,114360
20221130,10:44:41,34.95,480,114360
20221130,10:44:42,34.80,120,114360
20221130,10:44:43,34.80,1640,114360
20221130,10:44:44,35.15,80,114360
20221130,10:44:46,35.40,40,114360
20221130,10:44:47,35.30,80,114360
20221130,10:44:48,35.35,40,114360
20221130,10:44:51,35.20,40,114360
20221130,10:44:53,35.10,200,114360
20221130,10:44:55,34.45,680,114360
20221130,10:44:56,35.05,1120,114360
20221130,10:44:57,34.95,840,114360
20221130,10:44:59,35.55,480,114360
20221130,10:45:00,35.60,600,114360
20221130,10:45:02,35.55,520,114360
20221130,10:45:14,35.20,160,114360
20221130,10:45:15,34.65,40,114360
20221130,10:45:16,35.35,2400,114360
20221130,10:45:18,35.35,200,114360
20221130,10:45:20,35.25,40,114360
20221130,10:45:22,36.00,2080,114360
20221130,10:45:23,35.40,480,114360
20221130,10:45:24,35.20,200,114360
20221130,10:45:27,35.20,80,114360
20221130,10:45:29,35.05,400,114360
20221130,10:45:30,35.30,800,114360
20221130,10:45:31,35.25,440,114360
20221130,10:45:33,35.15,40,114360
20221130,10:45:34,34.90,240,114360
20221130,10:45:36,34.60,480,114360
20221130,10:45:37,35.10,2520,114360
20221130,10:45:38,35.35,1120,114360
20221130,10:45:40,35.10,360,114360
20221130,10:45:47,34.75,160,114360
20221130,10:45:50,34.65,40,114360
20221130,10:45:51,34.40,160,114360
20221130,10:45:52,34.75,80,114360
20221130,10:45:54,34.00,280,114360
20221130,10:45:56,34.00,2120,114360
20221130,10:46:01,33.55,720,114360
20221130,10:46:02,33.25,360,114360
20221130,10:46:08,33.70,40,114360
20221130,10:46:11,32.30,1720,114360
20221130,10:46:12,32.30,160,114360
20221130,10:46:13,32.25,120,114360
20221130,10:46:14,32.20,120,114360
20221130,10:46:17,32.20,40,114360
20221130,10:46:17,32.30,40,114360
20221130,10:46:18,32.05,480,114360
20221130,10:46:20,31.90,960,114360
20221130,10:46:22,31.65,200,114360
20221130,10:46:23,31.75,800,114360
20221130,10:46:27,31.90,720,114360
20221130,10:46:31,32.50,80,114360
20221130,10:46:36,32.00,240,114360
20221130,10:46:38,31.20,400,114360
20221130,10:46:38,31.20,200,114360
20221130,10:46:39,31.65,40,114360
20221130,10:46:40,31.50,40,114360
20221130,10:46:44,32.10,80,114360
20221130,10:46:45,32.15,80,114360
20221130,10:46:46,32.10,800,114360
20221130,10:46:49,32.40,200,114360
20221130,10:46:50,32.50,720,114360
20221130,10:46:54,32.55,200,114360
20221130,10:46:55,32.25,40,114360
20221130,10:46:56,32.50,320,114360
20221130,10:46:58,32.65,40,114360
20221130,10:47:02,32.05,80,114360
20221130,10:47:07,30.95,720,114360
20221130,10:47:09,30.70,600,114360
20221130,10:47:12,30.60,1440,114360
20221130,10:47:14,30.20,640,114360
20221130,10:47:15,29.40,280,114360
20221130,10:47:18,29.55,80,114360
20221130,10:47:22,29.10,40,114360
20221130,10:47:24,29.10,800,114360
20221130,10:47:28,29.60,40,114360
20221130,10:47:33,29.65,40,114360
20221130,10:47:35,29.65,120,114360
20221130,10:47:37,29.65,520,114360
20221130,10:47:38,30.60,280,115960
20221130,10:47:39,30.30,200,115960
20221130,10:47:40,30.30,40,115960
20221130,10:47:41,30.90,120,115960
20221130,10:47:43,30.60,560,115960
20221130,10:47:46,30.45,360,115960
20221130,10:47:47,30.00,760,115960
20221130,10:47:48,29.95,880,115960
20221130,10:47:49,30.10,320,115960
20221130,10:47:50,29.90,80,115960
20221130,10:47:51,30.15,80,115960
20221130,10:47:53,30.95,1480,115960
20221130,10:47:58,30.30,480,115960
20221130,10:47:59,30.35,480,115960
20221130,10:48:03,30.20,560,115960
20221130,10:48:04,30.80,640,115960
20221130,10:48:05,30.20,160,115960
20221130,10:48:07,29.95,320,115960
20221130,10:48:11,30.45,80,115960
20221130,10:48:13,30.80,40,115960
20221130,10:48:14,30.55,520,115960
20221130,10:48:16,30.75,40,115960
20221130,10:48:18,30.75,40,115960
20221130,10:48:20,30.50,240,115960
20221130,10:48:23,30.90,40,115960
20221130,10:48:28,30.90,40,115960
20221130,10:48:30,30.90,440,115960
20221130,10:48:34,30.95,40,115960
20221130,10:48:35,31.00,720,115960
20221130,10:48:37,30.55,120,115960
20221130,10:48:39,30.80,80,115960
20221130,10:48:40,30.85,160,115960
20221130,10:48:40,30.80,40,115960
20221130,10:48:41,31.05,320,115960
20221130,10:48:43,31.25,80,115960
20221130,10:48:44,31.10,120,115960
20221130,10:48:45,31.15,120,115960
20221130,10:48:49,32.00,120,115960
20221130,10:48:50,31.50,80,115960
20221130,10:48:51,31.75,160,115960
20221130,10:48:52,31.80,160,115960
20221130,10:48:58,31.90,40,115960
20221130,10:49:01,32.10,680,115960
20221130,10:49:10,31.65,80,115960
20221130,10:49:11,32.00,120,115960
20221130,10:49:18,32.50,120,115960
20221130,10:49:22,32.55,80,115960
20221130,10:49:23,32.60,200,115960
20221130,10:49:24,32.70,40,115960
20221130,10:49:30,32.30,40,115960
20221130,10:49:31,32.45,40,115960
20221130,10:49:45,32.95,40,115960
20221130,10:49:49,32.65,320,115960
20221130,10:49:50,32.70,80,115960
20221130,10:49:52,33.80,1000,115960
20221130,10:49:56,33.80,1000,115960
20221130,10:50:00,33.40,200,115960
20221130,10:50:05,33.15,200,115960
20221130,10:50:07,32.85,1440,115960
20221130,10:50:10,33.00,120,115960
20221130,10:50:14,32.70,40,115960
20221130,10:50:15,32.95,40,115960
20221130,10:50:21,32.90,680,115960
20221130,10:50:23,32.90,40,115960
20221130,10:50:27,32.65,400,115960
20221130,10:50:29,32.65,40,115960
20221130,10:50:30,32.50,40,115960
20221130,10:50:32,32.55,120,115960
20221130,10:50:41,32.65,40,113080
20221130,10:50:43,32.60,120,113080
20221130,10:50:51,33.20,80,113080
20221130,10:50:53,33.45,80,113080
20221130,10:50:55,33.15,280,113080
20221130,10:50:59,34.00,1000,113080
20221130,10:51:00,34.40,40,113080
20221130,10:51:01,34.30,40,113080
20221130,10:51:03,34.35,80,113080
20221130,10:51:06,34.30,80,113080
20221130,10:51:13,34.00,40,113080
20221130,10:51:14,34.30,40,113080
20221130,10:51:16,34.00,80,113080
20221130,10:51:21,34.60,840,113080
20221130,10:51:24,34.90,80,113080
20221130,10:51:32,34.95,80,113080
20221130,10:51:36,34.95,160,113080
20221130,10:51:43,34.85,80,113080
20221130,10:51:45,35.00,320,113080
20221130,10:51:46,34.95,80,113080
20221130,10:51:49,34.95,40,113080
20221130,10:51:50,34.95,240,113080
20221130,10:51:59,34.40,160,113080
20221130,10:52:08,34.45,40,113080
20221130,10:52:09,34.50,40,113080
20221130,10:52:24,34.00,240,113080
20221130,10:52:25,33.55,40,113080
20221130,10:52:30,33.55,40,113080
20221130,10:52:31,33.50,40,113080
20221130,10:52:40,33.30,80,113080
20221130,10:52:41,33.30,40,113080
20221130,10:52:43,33.70,40,113080
20221130,10:52:56,33.30,240,113080
20221130,10:53:15,33.70,1520,113080
20221130,10:53:19,33.25,80,113080
20221130,10:53:32,33.40,120,113080
20221130,10:53:34,33.70,40,113080
20221130,10:53:35,33.90,160,113080
20221130,10:53:46,33.60,400,112880
20221130,10:53:55,33.70,80,112880
20221130,10:53:56,33.75,40,112880
20221130,10:53:58,34.20,80,112880
20221130,10:54:01,33.80,40,112880
20221130,10:54:07,34.65,200,112880
20221130,10:54:15,34.60,40,112880
20221130,10:54:20,34.45,40,112880
20221130,10:54:28,34.95,120,112880
20221130,10:54:34,34.90,560,112880
20221130,10:54:47,34.70,40,112880
20221130,10:55:00,35.00,1440,112880
20221130,10:55:02,35.40,80,112880
20221130,10:55:03,34.95,720,112880
20221130,10:55:09,35.00,40,112880
20221130,10:55:12,35.10,40,112880
20221130,10:55:13,35.10,120,112880
20221130,10:55:19,35.20,40,112880
20221130,10:55:23,35.90,520,112880
20221130,10:55:24,36.90,400,112880
20221130,10:55:28,36.40,200,112880
20221130,10:55:44,36.30,600,112880
20221130,10:55:51,36.00,40,112880
20221130,10:55:55,36.00,200,112880
20221130,10:56:05,35.20,40,112880
20221130,10:56:15,35.05,400,112880
20221130,10:56:37,35.00,40,112880
20221130,10:56:39,34.60,200,112880
20221130,10:56:41,35.00,120,113400
20221130,10:56:49,34.65,40,113400
20221130,10:56:53,34.65,80,113400
20221130,10:57:03,34.60,40,113400
20221130,10:57:06,34.40,400,113400
20221130,10:57:22,34.05,80,113400
20221130,10:57:27,34.00,40,113400
20221130,10:57:33,34.20,680,113400
20221130,10:57:42,34.20,160,113400
20221130,10:57:46,34.20,200,113400
20221130,10:57:50,34.20,120,113400
20221130,10:57:51,34.40,40,113400
20221130,10:58:15,34.40,40,113400
20221130,10:58:20,34.50,520,113400
20221130,10:58:26,34.50,80,113400
20221130,10:58:28,34.65,40,113400
20221130,10:58:30,34.60,80,113400
20221130,10:58:31,34.80,200,113400
20221130,10:58:43,34.85,40,113400
20221130,10:58:46,34.85,160,113400
20221130,10:59:00,34.75,80,113400
20221130,10:59:10,34.50,200,113400
20221130,10:59:17,34.25,320,113400
20221130,10:59:17,34.00,1240,113400
20221130,10:59:26,34.30,80,113400
20221130,10:59:28,33.85,80,113400
20221130,10:59:43,34.35,120,111720
20221130,10:59:55,34.50,40,111720
20221130,11:00:05,34.50,240,111720
20221130,11:00:06,34.60,200,111720
20221130,11:00:07,34.05,840,111720
20221130,11:00:08,34.50,640,111720
20221130,11:00:22,34.55,640,111720
20221130,11:00:28,34.40,360,111720
20221130,11:00:29,34.30,480,111720
20221130,11:00:30,34.20,1160,111720
20221130,11:00:36,34.00,960,111720
20221130,11:00:38,34.15,160,111720
20221130,11:00:55,34.00,240,111720
20221130,11:00:57,33.70,40,111720
20221130,11:00:59,34.05,40,111720
20221130,11:01:03,33.60,400,111720
20221130,11:01:07,33.55,40,111720
20221130,11:01:13,33.85,600,111720
20221130,11:01:16,33.95,320,111720
20221130,11:01:33,34.00,200,111720
20221130,11:01:37,34.20,200,111720
20221130,11:01:44,34.10,200,111720
20221130,11:01:46,34.10,200,111720
20221130,11:01:58,34.35,40,111720
20221130,11:02:01,34.45,1680,111720
20221130,11:02:02,34.50,400,111720
20221130,11:02:09,34.20,1000,111720
20221130,11:02:10,34.05,1440,111720
20221130,11:02:11,34.00,560,111720
20221130,11:02:21,34.05,400,111720
20221130,11:02:22,34.15,40,111720
20221130,11:02:23,34.15,440,111720
20221130,11:02:30,34.20,120,111720
20221130,11:02:42,34.65,240,110440
20221130,11:02:43,34.50,840,110440
20221130,11:02:43,34.55,200,110440
20221130,11:02:48,34.60,200,110440
20221130,11:02:55,34.45,560,110440
20221130,11:02:57,34.50,80,110440
20221130,11:02:58,34.50,80,110440
20221130,11:03:05,34.45,240,110440
20221130,11:03:25,34.50,80,110440
20221130,11:03:32,34.40,200,110440
20221130,11:03:33,34.65,40,110440
20221130,11:03:34,34.70,40,110440
20221130,11:03:58,34.70,40,110440
20221130,11:04:05,34.45,40,110440
20221130,11:04:09,34.25,40,110440
20221130,11:04:34,34.25,80,110440
20221130,11:04:38,34.45,320,110440
20221130,11:04:44,34.30,720,110440
20221130,11:04:46,34.20,40,110440
20221130,11:04:47,34.25,200,110440
20221130,11:04:48,34.20,560,110440
20221130,11:04:58,34.25,40,110440
20221130,11:04:59,34.20,80,110440
20221130,11:05:10,34.30,200,110440
20221130,11:05:14,34.40,480,110440
20221130,11:05:17,34.65,1320,110440
20221130,11:05:18,34.65,240,110440
20221130,11:05:22,34.55,520,110440
20221130,11:05:23,34.40,1160,110440
20221130,11:05:24,34.35,40,110440
20221130,11:05:29,34.55,160,110440
20221130,11:05:31,34.75,1760,110440
20221130,11:05:32,35.00,240,110440
20221130,11:05:33,34.85,1160,110440
20221130,11:05:34,34.85,1080,110440
20221130,11:05:35,34.85,120,110440
20221130,11:05:37,34.75,280,110440
20221130,11:05:39,34.75,40,110440
20221130,11:05:43,34.75,40,106160
20221130,11:05:45,34.65,520,106160
20221130,11:05:51,35.00,240,106160
20221130,11:05:52,35.80,2960,106160
20221130,11:05:53,35.50,2200,106160
20221130,11:05:54,35.45,1480,106160
20221130,11:05:55,34.65,2480,106160
20221130,11:05:56,34.85,1480,106160
20221130,11:05:57,34.85,160,106160
20221130,11:05:58,34.90,2760,106160
20221130,11:06:01,34.80,200,106160
20221130,11:06:04,35.30,1480,106160
20221130,11:06:05,35.35,240,106160
20221130,11:06:08,35.50,1120,106160
20221130,11:06:13,35.50,600,106160
20221130,11:06:17,35.65,160,106160
20221130,11:06:20,35.70,40,106160
20221130,11:06:41,35.60,800,106160
20221130,11:06:43,35.55,240,106160
20221130,11:06:52,35.60,160,106160
20221130,11:06:53,35.70,240,106160
20221130,11:06:56,35.60,80,106160
20221130,11:07:19,35.70,40,106160
20221130,11:07:20,35.70,40,106160
20221130,11:07:32,35.00,1800,106160
20221130,11:07:36,34.55,1040,106160
20221130,11:07:40,34.70,1000,106160
20221130,11:07:41,35.00,200,106160
20221130,11:07:44,34.80,40,106160
20221130,11:07:50,34.40,200,106160
20221130,11:07:57,34.50,40,106160
20221130,11:08:09,34.40,160,106160
20221130,11:08:10,34.50,40,106160
20221130,11:08:11,34.50,520,106160
20221130,11:08:14,34.55,80,106160
20221130,11:08:26,34.55,80,106160
20221130,11:08:27,34.55,80,106160
20221130,11:08:29,35.20,2400,106160
20221130,11:08:30,34.50,1520,106160
20221130,11:08:31,34.45,320,106160
20221130,11:08:47,34.50,40,108000
20221130,11:08:55,34.80,40,108000
20221130,11:09:03,34.50,200,108000
20221130,11:09:07,34.50,800,108000
20221130,11:09:11,34.15,40,108000
20221130,11:09:16,34.00,320,108000
20221130,11:09:19,34.30,40,108000
20221130,11:09:23,34.30,40,108000
20221130,11:09:27,34.30,40,108000
20221130,11:09:30,34.55,40,108000
20221130,11:09:42,34.20,80,108000
20221130,11:09:43,34.30,40,108000
20221130,11:09:49,34.30,40,108000
20221130,11:10:08,34.30,400,108000
20221130,11:10:13,34.50,1200,108000
20221130,11:10:19,34.55,40,108000
20221130,11:10:23,34.40,240,108000
20221130,11:10:27,34.40,40,108000
20221130,11:10:50,34.95,160,108000
20221130,11:10:55,35.40,40,108000
20221130,11:10:59,35.90,560,108000
20221130,11:11:04,35.90,80,108000
20221130,11:11:08,35.90,480,108000
20221130,11:11:16,35.85,400,108000
20221130,11:11:23,35.90,40,108000
20221130,11:11:33,35.70,880,108000
20221130,11:11:39,35.75,40,108000
20221130,11:11:47,36.40,1680,107880
20221130,11:11:48,35.65,680,107880
20221130,11:11:51,35.85,80,107880
20221130,11:11:56,35.90,640,107880
20221130,11:12:00,36.20,200,107880
20221130,11:12:03,35.90,200,107880
20221130,11:12:05,36.20,40,107880
20221130,11:12:06,36.20,200,107880
20221130,11:12:07,36.30,280,107880
20221130,11:12:13,35.90,200,107880
20221130,11:12:15,36.35,80,107880
20221130,11:12:36,36.10,40,107880
20221130,11:12:50,36.00,320,107880
20221130,11:12:51,36.00,120,107880
20221130,11:12:56,36.00,560,107880
20221130,11:13:24,35.90,1840,107880
20221130,11:13:35,35.90,120,107880
20221130,11:13:41,36.00,1800,107880
20221130,11:13:48,36.10,40,107880
20221130,11:13:54,36.05,40,107880
20221130,11:14:04,35.70,40,107880
20221130,11:14:12,35.30,120,107880
20221130,11:14:26,35.30,40,107880
20221130,11:14:34,35.30,200,107880
20221130,11:14:38,35.30,200,107880
20221130,11:14:49,35.80,1800,107760
20221130,11:14:51,35.50,40,107760
20221130,11:15:14,35.85,40,107760
20221130,11:15:20,35.65,600,107760
20221130,11:15:22,35.70,200,107760
20221130,11:15:41,35.70,80,107760
20221130,11:15:42,35.70,40,107760
20221130,11:15:46,35.50,160,107760
20221130,11:15:51,35.35,80,107760
20221130,11:15:59,35.75,80,107760
20221130,11:16:02,35.60,360,107760
20221130,11:16:39,35.65,80,107760
20221130,11:16:53,35.65,40,107760
20221130,11:17:37,36.00,200,107760
20221130,11:17:41,36.35,1160,107760
20221130,11:17:53,36.60,80,109280
20221130,11:17:57,36.60,80,109280
20221130,11:18:05,36.50,160,109280
20221130,11:18:09,36.80,1640,109280
20221130,11:18:19,36.05,600,109280
20221130,11:18:22,36.00,200,109280
20221130,11:18:23,36.05,40,109280
20221130,11:18:25,36.05,40,109280
20221130,11:18:28,36.05,40,109280
20221130,11:18:30,36.20,40,109280
20221130,11:18:35,36.35,120,109280
20221130,11:18:40,36.30,80,109280
20221130,11:18:44,36.30,80,109280
20221130,11:18:59,36.40,80,109280
20221130,11:19:01,36.40,40,109280
20221130,11:19:23,36.35,1000,109280
20221130,11:19:25,36.75,1800,109280
20221130,11:19:39,36.45,200,109280
20221130,11:19:44,36.60,1800,109280
20221130,11:19:54,36.50,240,109280
20221130,11:20:12,36.75,80,109280
20221130,11:20:14,36.50,80,109280
20221130,11:20:26,36.80,800,109280
20221130,11:20:37,36.80,400,109280
20221130,11:20:41,36.85,240,109280
20221130,11:20:45,36.95,120,109280
20221130,11:20:52,37.00,160,112280
20221130,11:20:56,36.85,160,112280
20221130,11:21:03,37.00,40,112280
20221130,11:21:15,36.90,40,112280
20221130,11:21:34,36.90,40,112280
20221130,11:21:50,36.80,80,112280
20221130,11:21:57,36.80,40,112280
20221130,11:22:01,36.70,40,112280
20221130,11:22:05,36.60,40,112280
20221130,11:22:20,36.50,200,112280
20221130,11:22:24,36.35,1440,112280
20221130,11:22:33,36.00,880,112280
20221130,11:22:43,36.10,400,112280
20221130,11:23:19,36.15,200,112280
20221130,11:23:27,36.20,200,112280
20221130,11:23:49,36.45,160,111480
20221130,11:23:53,36.65,40,111480
20221130,11:24:03,36.10,120,111480
20221130,11:24:10,36.40,40,111480
20221130,11:24:21,36.35,80,111480
20221130,11:24:23,36.50,520,111480
20221130,11:24:44,36.50,40,111480
20221130,11:24:54,36.60,1200,111480
20221130,11:25:05,36.20,120,111480
20221130,11:25:09,36.50,40,111480
20221130,11:25:30,36.00,40,111480
20221130,11:25:32,36.10,80,111480
20221130,11:25:45,36.00,80,111480
20221130,11:25:49,35.80,40,111480
20221130,11:25:54,35.95,40,111480
20221130,11:25:55,36.00,40,111480
20221130,11:26:16,35.70,120,111480
20221130,11:26:20,35.70,80,111480
20221130,11:26:24,35.45,1080,111480
20221130,11:26:27,35.00,120,111480
20221130,11:26:29,34.95,120,111480
20221130,11:26:31,35.00,120,111480
20221130,11:26:32,35.40,40,111480
20221130,11:26:35,35.35,40,111480
20221130,11:26:40,35.45,40,111480
20221130,11:26:56,34.70,40,111600
20221130,11:27:07,33.70,80,111600
20221130,11:27:07,33.65,80,111600
20221130,11:27:08,33.65,40,111600
20221130,11:27:24,34.40,840,111600
20221130,11:27:25,34.50,40,111600
20221130,11:27:33,34.95,800,111600
20221130,11:28:05,34.70,840,111600
20221130,11:28:17,34.35,40,111600
20221130,11:28:18,34.05,40,111600
20221130,11:28:23,33.80,40,111600
20221130,11:28:28,34.40,160,111600
20221130,11:28:36,34.45,40,111600
20221130,11:28:41,34.95,280,111600
20221130,11:28:43,35.00,400,111600
20221130,11:28:52,35.30,40,111600
20221130,11:28:57,35.50,40,111600
20221130,11:29:04,35.55,200,111600
20221130,11:29:05,35.70,240,111600
20221130,11:29:09,35.30,120,111600
20221130,11:29:15,35.30,200,111600
20221130,11:29:18,35.30,40,111600
20221130,11:29:41,34.90,80,111600
20221130,11:29:55,34.45,440,111800
20221130,11:30:10,34.25,520,111800
20221130,11:30:12,34.00,40,111800
20221130,11:30:13,34.25,240,111800
20221130,11:30:18,34.25,40,111800
20221130,11:31:32,34.25,80,111800
20221130,11:32:05,34.35,80,111800
20221130,11:32:09,34.05,40,111800
20221130,11:32:15,34.00,40,111800
20221130,11:32:17,34.35,40,111800
20221130,11:32:32,34.10,40,111800
20221130,11:32:33,34.30,40,111800
20221130,11:32:56,34.30,120,111360
20221130,11:33:16,34.30,120,111360
20221130,11:33:17,34.25,120,111360
20221130,11:33:21,34.25,40,111360
20221130,11:33:28,34.65,280,111360
20221130,11:33:33,35.00,120,111360
20221130,11:33:37,36.00,1320,111360
20221130,11:33:42,36.65,80,111360
20221130,11:33:50,36.30,200,111360
20221130,11:34:02,36.15,440,111360
20221130,11:34:13,35.70,1240,111360
20221130,11:34:26,36.05,240,111360
20221130,11:34:27,36.05,40,111360
20221130,11:34:39,35.80,40,111360
20221130,11:34:43,35.80,200,111360
20221130,11:35:19,35.90,200,111360
20221130,11:35:28,36.50,160,111360
20221130,11:35:29,36.40,160,111360
20221130,11:35:34,36.30,40,111360
20221130,11:35:42,36.40,40,111360
20221130,11:35:49,36.90,480,111400
20221130,11:35:50,36.95,40,111400
20221130,11:35:56,36.95,40,111400
20221130,11:36:10,36.80,80,111400
20221130,11:36:12,36.85,120,111400
20221130,11:36:29,36.40,40,111400
20221130,11:36:37,36.50,40,111400
20221130,11:36:41,36.40,40,111400
20221130,11:36:44,36.75,200,111400
20221130,11:36:45,36.45,80,111400
20221130,11:36:47,36.55,40,111400
20221130,11:36:56,36.55,400,111400
20221130,11:37:06,36.80,120,111400
20221130,11:37:06,36.70,160,111400
20221130,11:37:25,36.80,40,111400
20221130,11:37:29,36.80,240,111400
20221130,11:37:55,38.05,80,111400
20221130,11:38:04,38.00,80,111400
20221130,11:38:08,37.40,80,111400
20221130,11:38:12,37.40,560,111400
20221130,11:38:19,37.30,40,111400
20221130,11:38:27,37.50,40,111400
20221130,11:38:59,37.95,240,111560
20221130,11:39:06,37.70,40,111560
20221130,11:39:08,37.55,80,111560
20221130,11:39:10,37.55,200,111560
20221130,11:39:12,37.55,520,111560
20221130,11:39:14,37.55,40,111560
20221130,11:39:18,37.75,80,111560
20221130,11:39:49,37.50,40,111560
20221130,11:39:57,37.80,120,111560
20221130,11:40:05,37.90,40,111560
20221130,11:40:07,37.80,240,111560
20221130,11:40:17,37.55,40,111560
20221130,11:40:28,37.80,40,111560
20221130,11:40:46,38.00,160,111560
20221130,11:40:48,37.90,800,111560
20221130,11:40:50,37.75,800,111560
20221130,11:40:55,38.20,40,111560
20221130,11:41:00,38.25,40,111560
20221130,11:41:01,38.35,80,111560
20221130,11:41:02,38.35,40,111560
20221130,11:41:07,38.40,200,111560
20221130,11:41:10,38.35,40,111560
20221130,11:41:30,38.55,40,111560
20221130,11:41:32,39.15,640,111560
20221130,11:41:38,39.30,1520,111560
20221130,11:41:39,39.45,320,111560
20221130,11:41:41,39.30,80,111560
20221130,11:41:42,39.15,40,111560
20221130,11:41:46,39.40,40,111560
20221130,11:41:51,38.95,400,113200
20221130,11:41:55,39.30,400,113200
20221130,11:41:59,39.00,200,113200
20221130,11:42:00,38.85,40,113200
20221130,11:42:01,39.00,80,113200
20221130,11:42:03,39.00,40,113200
20221130,11:42:24,39.50,120,113200
20221130,11:42:28,40.00,1600,113200
20221130,11:42:39,39.90,480,113200
20221130,11:42:45,39.55,640,113200
20221130,11:42:46,39.15,320,113200
20221130,11:42:55,39.65,1800,113200
20221130,11:42:58,39.20,40,113200
20221130,11:43:03,39.20,40,113200
20221130,11:43:06,39.10,80,113200
20221130,11:43:10,39.00,80,113200
20221130,11:43:16,38.40,40,113200
20221130,11:43:18,38.75,320,113200
20221130,11:43:23,38.40,40,113200
20221130,11:43:30,38.75,800,113200
20221130,11:43:32,38.75,200,113200
20221130,11:43:35,38.95,40,113200
20221130,11:43:44,38.95,200,113200
20221130,11:43:46,38.95,40,113200
20221130,11:43:48,39.00,1800,113200
20221130,11:43:55,39.10,800,113200
20221130,11:44:00,39.00,40,113200
20221130,11:44:12,38.55,720,113200
20221130,11:44:15,38.70,40,113200
20221130,11:44:16,38.90,40,113200
20221130,11:44:18,38.50,40,113200
20221130,11:44:23,38.00,320,113200
20221130,11:44:31,37.40,960,113200
20221130,11:44:35,37.75,1800,113200
20221130,11:44:39,37.75,40,113200
20221130,11:44:41,37.65,40,113200
20221130,11:44:43,38.00,80,113200
20221130,11:45:04,38.65,1480,115160
20221130,11:45:21,38.20,1800,115160
20221130,11:45:26,38.50,680,115160
20221130,11:45:29,38.65,520,115160
20221130,11:45:48,38.90,40,115160
20221130,11:45:52,39.00,200,115160
20221130,11:45:56,38.85,40,115160
20221130,11:45:58,38.90,1840,115160
20221130,11:46:36,39.30,1720,115160
20221130,11:46:37,39.25,280,115160
20221130,11:46:49,39.35,120,115160
20221130,11:46:51,39.40,40,115160
20221130,11:46:59,39.25,800,115160
20221130,11:47:05,39.20,80,115160
20221130,11:47:09,39.20,800,115160
20221130,11:47:26,39.20,440,115160
20221130,11:47:51,39.15,40,120560
20221130,11:48:08,39.20,40,120560
20221130,11:48:16,39.00,40,120560
20221130,11:48:21,38.90,360,120560
20221130,11:48:29,38.90,280,120560
20221130,11:48:36,38.85,40,120560
20221130,11:48:44,38.70,160,120560
20221130,11:48:48,39.15,680,120560
20221130,11:48:52,39.45,200,120560
20221130,11:49:00,39.25,120,120560
20221130,11:49:17,39.25,1200,120560
20221130,11:49:24,39.50,440,120560
20221130,11:49:25,39.40,120,120560
20221130,11:49:27,39.45,120,120560
20221130,11:49:31,39.45,360,120560
20221130,11:49:46,39.80,40,120560
20221130,11:49:48,40.05,960,120560
20221130,11:49:58,40.25,120,120560
20221130,11:50:01,40.55,80,120560
20221130,11:50:05,40.10,800,120560
20221130,11:50:06,40.45,1800,120560
20221130,11:50:09,40.20,120,120560
20221130,11:50:19,40.20,1880,120560
20221130,11:50:41,40.05,40,120560
20221130,11:50:43,40.25,40,120560
20221130,11:50:45,39.80,160,120560
20221130,11:50:46,40.00,40,120560
20221130,11:50:49,39.95,200,120560
20221130,11:50:50,40.25,40,120560
20221130,11:50:51,40.00,120,121080
20221130,11:50:58,40.20,1160,121080
20221130,11:51:06,40.10,40,121080
20221130,11:51:20,40.10,40,121080
20221130,11:51:21,40.00,1680,121080
20221130,11:51:24,40.00,800,121080
20221130,11:51:28,39.70,200,121080
20221130,11:51:34,39.55,200,121080
20221130,11:51:39,39.90,40,121080
20221130,11:51:45,39.90,480,121080
20221130,11:51:48,39.90,40,121080
20221130,11:51:57,39.75,40,121080
20221130,11:51:58,40.00,600,121080
20221130,11:52:03,39.75,1400,121080
20221130,11:52:04,39.75,280,121080
20221130,11:52:17,40.00,120,121080
20221130,11:52:19,39.85,400,121080
20221130,11:52:36,39.70,120,121080
20221130,11:52:42,40.10,1920,121080
20221130,11:52:58,40.15,280,121080
20221130,11:53:01,40.15,320,121080
20221130,11:53:26,39.75,240,121080
20221130,11:53:40,39.55,360,121080
20221130,11:53:49,39.15,640,121080
20221130,11:53:52,39.20,760,122440
20221130,11:54:06,39.00,40,122440
20221130,11:54:07,38.85,960,122440
20221130,11:54:22,38.90,40,122440
20221130,11:54:33,38.60,40,122440
20221130,11:54:37,38.60,40,122440
20221130,11:54:41,38.40,80,122440
20221130,11:54:42,38.20,520,122440
20221130,11:54:43,38.10,640,122440
20221130,11:54:45,37.65,80,122440
20221130,11:54:47,37.55,120,122440
20221130,11:54:48,37.55,160,122440
20221130,11:54:50,38.20,40,122440
20221130,11:55:15,37.00,40,122440
20221130,11:55:16,35.90,800,122440
20221130,11:55:20,36.85,920,122440
20221130,11:55:22,36.45,80,122440
20221130,11:55:27,36.20,200,122440
20221130,11:55:30,37.10,880,122440
20221130,11:55:31,36.80,200,122440
20221130,11:55:35,36.95,200,122440
20221130,11:55:36,36.80,680,122440
20221130,11:55:41,36.70,240,122440
20221130,11:55:49,36.40,1800,122440
20221130,11:55:57,36.30,1680,122440
20221130,11:56:05,35.85,1160,122440
20221130,11:56:17,35.55,40,122440
20221130,11:56:21,35.60,280,122440
20221130,11:56:22,36.15,1520,122440
20221130,11:56:23,36.55,40,122440
20221130,11:56:28,37.15,120,122440
20221130,11:56:31,37.15,1000,122440
20221130,11:56:32,37.55,760,122440
20221130,11:56:33,37.20,520,122440
20221130,11:56:34,36.95,200,122440
20221130,11:56:38,36.95,1800,122440
20221130,11:56:40,37.50,1120,122440
20221130,11:56:42,36.65,1560,122440
20221130,11:56:43,37.15,1320,122440
20221130,11:57:01,36.55,2640,119880
20221130,11:57:02,37.05,520,119880
20221130,11:57:08,36.55,280,119880
20221130,11:57:11,36.75,120,119880
20221130,11:57:21,36.95,40,119880
20221130,11:57:31,37.00,1800,119880
20221130,11:57:36,36.95,40,119880
20221130,11:57:45,36.90,1080,119880
20221130,11:57:46,37.40,680,119880
20221130,11:57:47,37.55,80,119880
20221130,11:57:51,37.60,40,119880
20221130,11:57:54,38.35,1600,119880
20221130,11:57:55,38.40,120,119880
20221130,11:57:59,38.55,40,119880
20221130,11:58:00,38.45,40,119880
20221130,11:58:01,38.50,240,119880
20221130,11:58:03,38.80,40,119880
20221130,11:58:14,38.20,600,119880
20221130,11:58:15,37.95,280,119880
20221130,11:58:27,37.80,400,119880
20221130,11:58:32,37.20,520,119880
20221130,11:59:01,37.90,1000,119880
20221130,11:59:03,38.10,40,119880
20221130,11:59:16,37.60,40,119880
20221130,11:59:18,37.80,40,119880
20221130,11:59:22,38.00,80,119880
20221130,11:59:31,37.90,200,119880
20221130,11:59:52,37.90,200,123440
20221130,11:59:59,37.45,3680,123440
20221130,12:00:10,37.15,1880,123440
20221130,12:00:17,37.35,40,123440
20221130,12:00:18,37.55,40,123440
20221130,12:00:29,37.55,1800,123440
20221130,12:00:35,37.70,40,123440
20221130,12:00:53,37.70,1280,123440
20221130,12:00:54,37.90,1800,123440
20221130,12:01:00,37.70,120,123440
20221130,12:01:20,36.90,40,123440
20221130,12:01:31,36.50,800,123440
20221130,12:01:36,36.80,80,123440
20221130,12:01:44,36.80,120,123440
20221130,12:01:49,36.80,1840,123440
20221130,12:02:24,37.00,40,123440
20221130,12:02:25,36.90,360,123440
20221130,12:02:44,37.25,120,123440
20221130,12:02:46,37.40,40,123440
20221130,12:03:05,37.25,240,120360
20221130,12:03:14,37.10,240,120360
20221130,12:03:16,37.20,120,120360
20221130,12:03:23,37.45,360,120360
20221130,12:03:29,37.20,40,120360
20221130,12:03:40,37.20,1800,120360
20221130,12:03:51,37.20,1800,120360
20221130,12:03:54,37.80,2120,120360
20221130,12:03:59,37.80,80,120360
20221130,12:04:02,37.85,40,120360
20221130,12:04:07,37.95,40,120360
20221130,12:04:09,37.40,80,120360
20221130,12:04:11,37.60,40,120360
20221130,12:04:22,37.45,40,120360
20221130,12:05:04,37.45,400,120360
20221130,12:05:08,37.80,40,120360
20221130,12:05:17,38.00,1040,120360
20221130,12:05:17,38.00,80,120360
20221130,12:05:19,37.80,80,120360
20221130,12:05:28,37.95,40,120360
20221130,12:05:43,37.75,40,120360
20221130,12:05:44,37.75,80,120360
20221130,12:05:49,37.80,360,120360
20221130,12:05:53,38.30,4000,116240
20221130,12:05:56,38.30,1800,116240
20221130,12:05:59,38.30,40,116240
20221130,12:06:01,37.95,680,116240
20221130,12:06:02,37.55,280,116240
20221130,12:06:03,37.45,400,116240
20221130,12:06:04,37.45,160,116240
20221130,12:06:05,37.30,40,116240
20221130,12:06:15,37.80,440,116240
20221130,12:06:16,37.90,520,116240
20221130,12:06:25,37.75,80,116240
20221130,12:06:44,37.60,40,116240
20221130,12:06:49,37.20,80,116240
20221130,12:06:53,37.40,40,116240
20221130,12:07:25,37.40,40,116240
20221130,12:07:44,37.50,1800,116240
20221130,12:08:31,36.85,640,116240
20221130,12:08:34,36.90,40,116240
20221130,12:08:40,37.15,80,116240
20221130,12:09:23,36.30,1840,119040
20221130,12:09:30,36.40,160,119040
20221130,12:09:47,36.60,40,119040
20221130,12:09:58,36.40,1800,119040
20221130,12:10:44,36.40,920,119040
20221130,12:10:48,36.40,40,119040
20221130,12:10:58,36.45,40,119040
20221130,12:11:01,36.50,1800,119040
20221130,12:11:07,36.50,40,119040
20221130,12:11:11,36.50,40,119040
20221130,12:11:28,36.95,40,119040
20221130,12:11:32,37.00,40,119040
20221130,12:11:35,37.10,40,119040
20221130,12:11:48,37.70,120,119040
20221130,12:11:52,37.75,40,119040
20221130,12:11:55,37.70,80,120760
20221130,12:11:56,37.60,800,120760
20221130,12:12:07,37.60,40,120760
20221130,12:12:08,37.60,360,120760
20221130,12:12:09,37.55,40,120760
20221130,12:12:10,37.50,200,120760
20221130,12:12:20,37.50,40,120760
20221130,12:12:30,37.50,520,120760
20221130,12:12:33,37.50,1280,120760
20221130,12:12:39,37.25,200,120760
20221130,12:13:13,37.00,280,120760
20221130,12:13:26,36.90,360,120760
20221130,12:13:37,36.35,120,120760
20221130,12:13:41,36.50,40,120760
20221130,12:13:46,36.55,40,120760
20221130,12:13:51,36.70,360,120760
20221130,12:14:02,36.70,40,120760
20221130,12:14:03,36.70,120,120760
20221130,12:14:06,36.70,360,120760
20221130,12:14:07,36.70,40,120760
20221130,12:14:08,36.60,2560,120760
20221130,12:14:12,36.30,560,120760
20221130,12:14:42,36.30,200,120760
20221130,12:14:47,36.50,240,120760
20221130,12:14:56,36.40,440,120760
20221130,12:14:58,36.40,240,123640
20221130,12:14:59,36.40,1120,123640
20221130,12:15:10,35.70,120,123640
20221130,12:15:11,35.70,160,123640
20221130,12:15:14,36.25,1880,123640
20221130,12:15:16,36.10,1800,123640
20221130,12:15:27,35.95,1800,123640
20221130,12:15:31,36.65,3040,123640
20221130,12:16:03,36.20,520,123640
20221130,12:16:07,36.00,80,123640
20221130,12:16:11,35.85,240,123640
20221130,12:16:16,36.50,800,123640
20221130,12:16:24,36.50,40,123640
20221130,12:16:35,36.35,400,123640
20221130,12:16:36,36.10,1440,123640
20221130,12:16:44,36.40,160,123640
20221130,12:16:47,36.85,40,123640
20221130,12:16:47,36.70,40,123640
20221130,12:16:52,36.90,680,123640
20221130,12:16:53,36.70,720,123640
20221130,12:16:57,36.20,1120,123640
20221130,12:16:59,36.00,400,123640
20221130,12:17:04,35.45,80,123640
20221130,12:17:10,35.55,40,123640
20221130,12:17:10,36.15,400,123640
20221130,12:17:14,36.05,440,123640
20221130,12:17:15,36.15,40,123640
20221130,12:17:17,36.20,40,123640
20221130,12:17:27,36.15,40,123640
20221130,12:17:28,36.55,320,123640
20221130,12:17:54,36.75,880,123640
20221130,12:17:55,36.55,160,119520
20221130,12:18:10,36.25,40,119520
20221130,12:18:25,36.20,120,119520
20221130,12:18:27,36.35,240,119520
20221130,12:18:28,36.90,400,119520
20221130,12:18:29,36.65,400,119520
20221130,12:18:31,36.30,120,119520
20221130,12:18:33,37.00,1840,119520
20221130,12:18:36,37.05,600,119520
20221130,12:18:37,37.05,120,119520
20221130,12:18:44,37.00,1840,119520
20221130,12:18:45,37.10,120,119520
20221130,12:18:46,37.00,280,119520
20221130,12:18:47,37.20,120,119520
20221130,12:18:48,37.15,240,119520
20221130,12:18:49,37.20,240,119520
20221130,12:18:53,37.20,360,119520
20221130,12:18:55,37.15,360,119520
20221130,12:18:58,37.20,960,119520
20221130,12:18:59,37.20,40,119520
20221130,12:19:06,36.90,120,119520
20221130,12:19:21,36.90,40,119520
20221130,12:19:23,36.85,1800,119520
20221130,12:19:26,37.10,240,119520
20221130,12:19:34,37.20,120,119520
20221130,12:19:36,37.00,120,119520
20221130,12:19:50,37.20,120,119520
20221130,12:19:54,37.10,40,119520
20221130,12:19:59,37.20,80,119520
20221130,12:20:20,37.45,40,119520
20221130,12:20:21,37.40,240,119520
20221130,12:20:29,38.50,1320,119520
20221130,12:20:30,37.15,1160,119520
20221130,12:20:32,36.90,1040,119520
20221130,12:20:36,36.50,120,119520
20221130,12:20:39,36.80,1560,119520
20221130,12:20:46,37.80,2920,119520
20221130,12:21:08,37.70,40,121800
20221130,12:21:10,37.90,520,121800
20221130,12:21:13,37.85,40,121800
20221130,12:21:17,38.00,400,121800
20221130,12:21:29,38.40,40,121800
20221130,12:21:55,38.55,40,121800
20221130,12:22:01,38.40,760,121800
20221130,12:22:04,38.25,160,121800
20221130,12:22:21,37.60,2440,121800
20221130,12:22:24,37.50,40,121800
20221130,12:22:28,38.25,2000,121800
20221130,12:22:29,37.55,880,121800
20221130,12:23:09,37.75,40,121800
20221130,12:23:56,37.55,80,121800
20221130,12:24:12,38.30,640,124320
20221130,12:24:12,38.25,720,124320
20221130,12:24:15,37.70,40,124320
20221130,12:24:16,37.75,720,124320
20221130,12:24:18,38.30,120,124320
20221130,12:24:19,37.65,800,124320
20221130,12:24:20,37.60,120,124320
20221130,12:24:24,37.55,280,124320
20221130,12:24:27,38.10,560,124320
20221130,12:24:29,38.15,440,124320
20221130,12:24:30,37.45,80,124320
20221130,12:24:32,37.85,840,124320
20221130,12:24:34,37.90,80,124320
20221130,12:24:39,37.35,520,124320
20221130,12:24:58,37.95,520,124320
20221130,12:24:59,38.30,1600,124320
20221130,12:25:00,37.75,480,124320
20221130,12:25:03,38.25,200,124320
20221130,12:25:20,37.55,600,124320
20221130,12:25:43,37.70,40,124320
20221130,12:25:47,37.70,80,124320
20221130,12:25:49,37.90,800,124320
20221130,12:25:51,37.70,40,124320
20221130,12:25:54,38.30,2280,124320
20221130,12:25:55,38.05,160,124320
20221130,12:25:57,38.40,520,124320
20221130,12:26:02,37.65,40,124320
20221130,12:26:04,37.55,480,124320
20221130,12:26:09,37.50,40,124320
20221130,12:26:11,37.35,880,124320
20221130,12:26:37,37.85,40,124320
20221130,12:26:41,38.00,1040,124320
20221130,12:26:42,38.00,120,124320
20221130,12:26:47,37.85,840,124320
20221130,12:26:49,37.95,80,124320
20221130,12:27:00,37.60,520,123160
20221130,12:27:01,37.50,520,123160
20221130,12:27:07,37.15,40,123160
20221130,12:27:13,37.40,200,123160
20221130,12:27:15,37.25,40,123160
20221130,12:27:35,37.80,40,123160
20221130,12:27:53,38.00,160,123160
20221130,12:27:58,38.00,40,123160
20221130,12:28:00,37.95,520,123160
20221130,12:28:01,37.65,600,123160
20221130,12:28:14,37.60,1680,123160
20221130,12:28:15,37.65,40,123160
20221130,12:28:20,37.50,40,123160
20221130,12:28:44,37.50,40,123160
20221130,12:28:55,38.05,760,123160
20221130,12:28:56,38.20,200,123160
20221130,12:28:57,38.10,560,123160
20221130,12:29:00,38.00,40,123160
20221130,12:29:02,37.45,320,123160
20221130,12:29:03,37.80,40,123160
20221130,12:29:09,37.50,600,123160
20221130,12:29:14,37.55,40,123160
20221130,12:29:45,37.95,40,123160
20221130,12:30:04,37.95,40,123960
20221130,12:30:11,37.95,40,123960
20221130,12:30:38,38.15,40,123960
20221130,12:30:55,38.15,40,123960
20221130,12:31:35,38.15,40,123960
20221130,12:31:36,37.90,120,123960
20221130,12:32:35,38.00,160,123960
20221130,12:32:50,37.90,40,123960
20221130,12:33:11,37.85,80,123960
20221130,12:33:25,38.10,400,123920
20221130,12:34:10,37.95,40,123920
20221130,12:34:37,38.00,40,123920
20221130,12:34:40,38.00,40,123920
20221130,12:34:46,38.00,400,123920
20221130,12:34:56,37.95,40,123920
20221130,12:35:06,37.70,80,123920
20221130,12:36:16,37.30,800,123600
20221130,12:36:30,37.70,40,123600
20221130,12:36:40,37.95,200,123600
20221130,12:36:57,37.85,40,123600
20221130,12:37:45,37.60,40,123600
20221130,12:38:18,37.30,360,123600
20221130,12:38:31,37.35,400,123600
20221130,12:38:47,37.30,600,123600
20221130,12:38:50,37.50,80,123600
20221130,12:39:11,37.65,40,123800
20221130,12:39:27,37.65,80,123800
20221130,12:39:53,37.80,600,123800
20221130,12:40:07,37.80,80,123800
20221130,12:40:22,37.85,80,123800
20221130,12:40:37,37.60,560,123800
20221130,12:41:13,37.60,40,123800
20221130,12:41:17,37.35,600,123800
20221130,12:41:36,37.25,520,123800
20221130,12:41:40,36.75,240,123800
20221130,12:41:45,36.80,160,123800
20221130,12:42:24,36.40,80,122920
20221130,12:42:46,36.70,160,122920
20221130,12:42:50,36.75,40,122920
20221130,12:42:53,36.85,560,122920
20221130,12:43:02,36.90,600,122920
20221130,12:43:06,36.90,200,122920
20221130,12:43:19,37.20,480,122920
20221130,12:43:37,37.20,80,122920
20221130,12:43:38,37.35,80,122920
20221130,12:43:47,37.55,320,122920
20221130,12:43:50,37.60,40,122920
20221130,12:43:54,37.80,120,122920
20221130,12:44:00,37.70,400,122920
20221130,12:44:02,37.70,40,122920
20221130,12:44:30,37.85,1800,122920
20221130,12:44:37,37.85,1840,122920
20221130,12:44:46,37.75,40,122920
20221130,12:44:54,37.75,40,122920
20221130,12:44:58,37.75,80,122920
20221130,12:45:02,37.50,120,123280
20221130,12:45:06,37.60,40,123280
20221130,12:45:10,37.55,40,123280
20221130,12:45:43,37.45,80,123280
20221130,12:45:57,37.65,200,123280
20221130,12:46:00,37.40,80,123280
20221130,12:46:08,37.15,160,123280
20221130,12:46:12,37.00,160,123280
20221130,12:46:36,37.15,200,123280
20221130,12:46:40,37.10,40,123280
20221130,12:47:30,36.95,600,123280
20221130,12:48:38,37.05,120,123800
20221130,12:49:05,36.90,200,123800
20221130,12:49:08,36.70,200,123800
20221130,12:49:16,36.55,1360,123800
20221130,12:49:24,36.90,40,123800
20221130,12:49:46,36.80,40,123800
20221130,12:50:01,36.70,40,123800
20221130,12:50:04,36.50,80,123800
20221130,12:50:09,36.75,120,123800
20221130,12:50:17,36.05,40,123800
20221130,12:50:21,36.05,560,123800
20221130,12:50:30,36.15,400,123800
20221130,12:50:42,36.15,40,123800
20221130,12:51:57,36.45,40,123800
20221130,12:52:01,36.30,40,123800
20221130,12:52:12,35.55,480,123800
20221130,12:52:16,35.40,200,123800
20221130,12:52:21,35.25,120,123800
20221130,12:52:49,35.40,40,123800
20221130,12:53:11,36.00,560,123800
20221130,12:53:22,35.30,600,123800
20221130,12:53:33,35.50,200,123800
20221130,12:53:43,35.30,1040,123800
20221130,12:53:47,35.00,200,123800
20221130,12:53:53,34.95,40,123800
20221130,12:53:56,35.75,120,123800
20221130,12:54:08,35.75,80,124400
20221130,12:54:12,35.75,80,124400
20221130,12:54:15,35.90,280,124400
20221130,12:54:21,35.75,40,124400
20221130,12:54:23,35.75,40,124400
20221130,12:54:28,35.75,80,124400
20221130,12:54:30,35.55,40,124400
20221130,12:54:31,35.80,200,124400
20221130,12:54:38,35.95,200,124400
20221130,12:54:39,36.10,400,124400
20221130,12:54:51,36.50,360,124400
20221130,12:54:52,36.15,600,124400
20221130,12:54:55,36.15,40,124400
20221130,12:55:02,35.80,280,124400
20221130,12:55:03,36.00,40,124400
20221130,12:55:48,36.15,40,124400
20221130,12:55:56,36.20,40,124400
20221130,12:56:00,36.45,40,124400
20221130,12:56:03,36.15,40,124400
20221130,12:57:01,36.35,40,124400
20221130,12:57:05,36.40,40,124080
20221130,12:57:09,36.45,40,124080
20221130,12:57:12,36.40,40,124080
20221130,12:57:24,36.35,40,124080
20221130,12:57:27,36.55,720,124080
20221130,12:57:48,37.00,640,124080
20221130,12:58:06,37.00,80,124080
20221130,12:58:07,37.00,40,124080
20221130,12:58:13,37.05,160,124080
20221130,12:58:22,37.00,40,124080
20221130,12:58:40,37.45,40,124080
20221130,12:58:44,37.90,840,124080
20221130,12:58:48,38.00,120,124080
20221130,12:58:49,38.35,560,124080
20221130,12:58:50,38.45,520,124080
20221130,12:58:57,38.30,40,124080
20221130,12:58:59,37.85,80,124080
20221130,12:59:01,38.00,80,124080
20221130,12:59:04,38.05,200,124080
20221130,12:59:14,37.50,200,124080
20221130,12:59:16,37.50,40,124080
20221130,12:59:19,37.50,40,124080
20221130,12:59:24,37.20,40,124080
20221130,13:00:36,37.20,160,123200
20221130,13:00:44,37.30,400,123200
20221130,13:00:50,37.30,40,123200
20221130,13:01:09,37.40,200,123200
20221130,13:01:17,37.20,40,123200
20221130,13:01:51,37.25,40,123200
20221130,13:01:53,37.25,160,123200
20221130,13:02:07,36.35,2520,123200
20221130,13:02:08,36.00,520,123200
20221130,13:02:13,36.30,560,123200
20221130,13:02:16,36.30,40,123200
20221130,13:02:18,36.90,840,123200
20221130,13:02:26,36.50,240,123200
20221130,13:02:36,36.50,680,123200
20221130,13:02:44,36.50,560,123200
20221130,13:03:13,36.45,40,123200
20221130,13:03:14,37.00,200,123640
20221130,13:03:40,37.35,40,123640
20221130,13:03:53,37.80,40,123640
20221130,13:03:56,37.80,40,123640
20221130,13:04:30,37.90,80,123640
20221130,13:04:40,38.00,560,123640
20221130,13:04:58,38.40,40,123640
20221130,13:05:01,38.05,40,123640
20221130,13:05:05,38.35,40,123640
20221130,13:05:07,38.50,40,123640
20221130,13:05:13,38.30,800,123640
20221130,13:05:15,38.70,1800,123640
20221130,13:05:32,38.25,400,123640
20221130,13:05:42,38.20,120,123640
20221130,13:05:52,37.95,40,123640
20221130,13:06:10,38.15,40,124120
20221130,13:06:24,37.60,40,124120
20221130,13:06:45,37.80,200,124120
20221130,13:07:08,37.90,120,124120
20221130,13:07:29,38.20,80,124120
20221130,13:07:46,38.55,520,124120
20221130,13:07:52,38.50,1800,124120
20221130,13:08:22,38.85,1840,124120
20221130,13:08:27,39.20,320,124120
20221130,13:08:36,39.85,360,124120
20221130,13:08:41,39.75,120,124120
20221130,13:08:45,39.40,160,124120
20221130,13:08:50,39.35,160,124120
20221130,13:08:54,39.30,600,124120
20221130,13:08:59,39.55,80,124120
20221130,13:09:04,39.10,240,124120
20221130,13:09:09,39.15,1000,124720
20221130,13:09:18,38.90,1000,124720
20221130,13:09:19,38.75,40,124720
20221130,13:09:20,38.80,40,124720
20221130,13:09:22,38.85,40,124720
20221130,13:09:27,38.20,1400,124720
20221130,13:09:33,38.55,40,124720
20221130,13:09:34,39.00,1720,124720
20221130,13:09:35,39.45,240,124720
20221130,13:09:36,39.35,80,124720
20221130,13:09:38,38.80,40,124720
20221130,13:09:46,39.10,1600,124720
20221130,13:09:47,38.60,480,124720
20221130,13:09:49,38.80,40,124720
20221130,13:09:57,39.00,1800,124720
20221130,13:10:00,39.05,160,124720
20221130,13:10:01,39.10,40,124720
20221130,13:10:04,38.35,1120,124720
20221130,13:10:05,39.05,920,124720
20221130,13:10:09,38.30,160,124720
20221130,13:10:23,38.00,80,124720
20221130,13:10:28,37.85,600,124720
20221130,13:10:29,38.45,120,124720
20221130,13:10:31,38.15,80,124720
20221130,13:11:03,38.55,120,124720
20221130,13:11:06,38.00,80,124720
20221130,13:11:07,38.25,40,124720
20221130,13:11:17,38.40,40,124720
20221130,13:11:19,38.95,520,124720
20221130,13:11:20,38.65,80,124720
20221130,13:11:23,39.05,320,124720
20221130,13:11:25,38.50,160,124720
20221130,13:11:29,38.35,200,124720
20221130,13:11:31,38.20,520,124720
20221130,13:11:38,38.85,680,124720
20221130,13:11:39,38.25,680,124720
20221130,13:11:40,38.60,40,124720
20221130,13:11:41,38.90,520,124720
20221130,13:11:44,39.00,2240,124720
20221130,13:11:53,38.70,920,124720
20221130,13:11:54,38.80,40,124720
20221130,13:11:56,38.20,1440,124720
20221130,13:11:57,38.45,40,124720
20221130,13:12:17,38.90,520,125840
20221130,13:12:24,38.90,40,125840
20221130,13:12:28,39.00,120,125840
20221130,13:12:54,38.85,1800,125840
20221130,13:13:05,38.75,40,125840
20221130,13:13:06,38.75,40,125840
20221130,13:13:09,38.60,400,125840
20221130,13:13:11,39.10,360,125840
20221130,13:13:12,38.95,520,125840
20221130,13:13:15,39.25,440,125840
20221130,13:13:28,38.80,40,125840
20221130,13:13:29,39.10,40,125840
20221130,13:13:42,39.70,160,125840
20221130,13:13:59,39.00,600,125840
20221130,13:14:14,38.90,200,125840
20221130,13:14:19,38.75,880,125840
20221130,13:14:23,38.75,40,125840
20221130,13:14:29,38.75,40,125840
20221130,13:14:34,38.70,600,125840
20221130,13:14:35,38.75,160,125840
20221130,13:14:38,38.75,160,125840
20221130,13:14:45,39.05,120,125840
20221130,13:14:46,39.15,480,125840
20221130,13:14:50,39.75,480,125840
20221130,13:14:54,39.90,2040,125840
20221130,13:14:59,40.05,840,125840
20221130,13:15:02,39.50,80,125840
20221130,13:15:03,39.60,400,125840
20221130,13:15:04,39.10,720,125840
20221130,13:15:07,38.50,520,125040
20221130,13:15:10,38.15,2160,125040
20221130,13:15:23,37.90,80,125040
20221130,13:15:31,38.50,400,125040
20221130,13:15:33,38.65,360,125040
20221130,13:15:42,38.85,80,125040
20221130,13:15:45,38.80,2720,125040
20221130,13:15:49,38.35,320,125040
20221130,13:15:50,38.20,520,125040
20221130,13:15:54,38.20,40,125040
20221130,13:15:54,38.60,560,125040
20221130,13:16:01,38.50,320,125040
20221130,13:16:06,38.50,280,125040
20221130,13:16:25,38.75,80,125040
20221130,13:16:26,38.75,360,125040
20221130,13:16:58,39.15,40,125040
20221130,13:17:06,38.80,40,125040
20221130,13:17:13,38.50,80,125040
20221130,13:17:21,38.75,40,125040
20221130,13:18:13,38.40,40,124640
20221130,13:18:27,38.10,1800,124640
20221130,13:18:58,37.75,80,124640
20221130,13:19:08,37.65,360,124640
20221130,13:19:26,37.20,800,124640
20221130,13:19:26,37.35,40,124640
20221130,13:19:28,38.25,40,124640
20221130,13:19:30,37.65,520,124640
20221130,13:19:32,37.90,40,124640
20221130,13:19:37,37.25,40,124640
20221130,13:19:42,37.10,680,124640
20221130,13:19:44,37.25,400,124640
20221130,13:19:45,37.25,40,124640
20221130,13:20:03,37.25,80,124640
20221130,13:20:05,37.25,440,124640
20221130,13:20:11,36.95,40,124640
20221130,13:20:13,37.00,160,124640
20221130,13:20:15,37.00,440,124640
20221130,13:20:17,37.05,40,124640
20221130,13:20:30,37.10,200,124640
20221130,13:20:35,37.20,40,124640
20221130,13:20:36,37.25,40,124640
20221130,13:20:40,37.20,120,124640
20221130,13:20:53,38.00,1560,124640
20221130,13:20:54,38.25,40,124640
20221130,13:20:58,38.25,40,124640
20221130,13:21:00,38.00,40,124640
20221130,13:21:02,38.30,1560,124640
20221130,13:21:08,38.05,40,124560
20221130,13:21:09,38.50,960,124560
20221130,13:21:14,38.90,560,124560
20221130,13:21:20,38.10,800,124560
20221130,13:21:21,38.00,80,124560
20221130,13:21:30,38.30,200,124560
20221130,13:21:38,38.30,120,124560
20221130,13:21:50,38.35,40,124560
20221130,13:21:55,38.00,80,124560
20221130,13:21:58,38.85,480,124560
20221130,13:22:00,38.60,40,124560
20221130,13:22:02,38.90,960,124560
20221130,13:22:04,38.70,600,124560
20221130,13:22:05,38.25,200,124560
20221130,13:22:06,38.20,320,124560
20221130,13:22:07,38.20,200,124560
20221130,13:22:08,37.75,40,124560
20221130,13:22:09,38.50,1200,124560
20221130,13:22:10,38.00,200,124560
20221130,13:22:13,37.95,40,124560
20221130,13:22:14,37.80,40,124560
20221130,13:22:46,37.85,40,124560
20221130,13:22:56,38.15,40,124560
20221130,13:23:15,38.15,40,124560
20221130,13:23:16,39.00,1960,124560
20221130,13:23:17,38.55,520,124560
20221130,13:23:20,38.45,120,124560
20221130,13:23:24,38.55,40,124560
20221130,13:23:41,39.05,160,124560
20221130,13:23:55,39.25,160,124560
20221130,13:24:04,39.50,40,124560
20221130,13:24:08,39.25,40,126080
20221130,13:24:21,39.35,80,126080
20221130,13:24:32,39.50,40,126080
20221130,13:24:36,39.60,200,126080
20221130,13:24:47,39.25,40,126080
20221130,13:24:51,39.40,40,126080
20221130,13:24:56,39.15,2800,126080
20221130,13:24:57,39.20,40,126080
20221130,13:25:04,38.95,40,126080
20221130,13:25:10,38.90,40,126080
20221130,13:25:26,38.90,40,126080
20221130,13:25:27,38.85,40,126080
20221130,13:25:28,39.25,40,126080
20221130,13:25:36,39.15,40,126080
20221130,13:25:39,39.50,200,126080
20221130,13:25:47,39.90,40,126080
20221130,13:25:58,39.50,40,126080
20221130,13:26:00,39.70,360,126080
20221130,13:26:03,39.05,760,126080
20221130,13:26:04,39.10,80,126080
20221130,13:26:05,39.00,200,126080
20221130,13:26:08,38.55,40,126080
20221130,13:26:10,38.80,440,126080
20221130,13:26:11,39.05,400,126080
20221130,13:26:17,38.45,40,126080
20221130,13:26:19,38.40,40,126080
20221130,13:26:29,39.05,120,126080
20221130,13:26:32,39.45,40,126080
20221130,13:26:34,39.45,200,126080
20221130,13:26:36,39.50,80,126080
20221130,13:26:43,39.40,40,126080
20221130,13:26:49,38.70,40,126080
20221130,13:26:56,39.00,2880,126080
20221130,13:26:57,38.95,400,126080
20221130,13:27:00,39.00,40,126080
20221130,13:27:02,39.10,480,126080
20221130,13:27:04,38.95,720,126080
20221130,13:27:06,38.75,40,126080
20221130,13:27:16,39.35,640,123600
20221130,13:27:18,38.75,1000,123600
20221130,13:27:19,38.50,240,123600
20221130,13:27:19,38.40,40,123600
20221130,13:27:20,38.50,80,123600
20221130,13:27:24,38.25,40,123600
20221130,13:27:31,37.65,960,123600
20221130,13:27:32,37.55,40,123600
20221130,13:27:39,38.60,800,123600
20221130,13:27:40,38.20,920,123600
20221130,13:27:51,38.10,120,123600
20221130,13:27:55,37.75,40,123600
20221130,13:28:03,37.65,40,123600
20221130,13:28:06,37.20,80,123600
20221130,13:28:07,37.20,440,123600
20221130,13:28:09,37.05,480,123600
20221130,13:28:10,37.35,40,123600
20221130,13:28:12,37.05,1200,123600
20221130,13:28:14,36.50,1400,123600
20221130,13:28:17,36.55,40,123600
20221130,13:28:20,36.95,80,123600
20221130,13:28:21,36.75,120,123600
20221130,13:28:23,37.45,40,123600
20221130,13:28:24,36.90,40,123600
20221130,13:28:25,36.85,120,123600
20221130,13:28:30,37.65,400,123600
20221130,13:28:33,37.40,40,123600
20221130,13:28:34,38.05,1400,123600
20221130,13:28:35,37.65,760,123600
20221130,13:28:36,37.45,480,123600
20221130,13:28:37,37.75,40,123600
20221130,13:28:50,38.05,40,123600
20221130,13:28:58,38.45,160,123600
20221130,13:29:15,38.15,160,123600
20221130,13:29:16,38.10,40,123600
20221130,13:29:20,37.95,440,123600
20221130,13:29:43,37.50,40,123600
20221130,13:29:52,38.00,160,123600
20221130,13:29:54,38.10,40,123600
20221130,13:30:06,37.55,400,123600
20221130,13:30:07,37.50,80,123600
20221130,13:30:14,37.20,520,123200
20221130,13:30:15,37.15,80,123200
20221130,13:30:21,36.90,40,123200
20221130,13:30:24,36.90,120,123200
20221130,13:30:28,37.10,40,123200
20221130,13:30:29,37.50,520,123200
20221130,13:30:50,37.25,40,123200
20221130,13:30:58,37.05,40,123200
20221130,13:31:02,36.75,120,123200
20221130,13:31:03,36.45,80,123200
20221130,13:31:06,36.50,80,123200
20221130,13:31:13,36.55,80,123200
20221130,13:31:18,36.40,680,123200
20221130,13:31:20,36.30,40,123200
20221130,13:31:24,36.85,40,123200
20221130,13:31:27,36.35,80,123200
20221130,13:31:30,36.60,40,123200
20221130,13:31:33,36.65,40,123200
20221130,13:31:40,36.80,40,123200
20221130,13:31:45,36.75,80,123200
20221130,13:31:53,37.15,440,123200
20221130,13:31:55,36.80,400,123200
20221130,13:32:06,36.95,160,123200
20221130,13:32:07,37.00,40,123200
20221130,13:32:10,37.55,520,123200
20221130,13:32:11,37.35,280,123200
20221130,13:32:12,36.90,240,123200
20221130,13:32:33,37.90,520,123200
20221130,13:32:37,37.30,120,123200
20221130,13:32:38,37.20,840,123200
20221130,13:32:44,37.00,40,123200
20221130,13:32:49,37.00,200,123200
20221130,13:33:07,36.20,480,123200
20221130,13:33:42,36.50,40,122480
20221130,13:33:44,36.80,40,122480
20221130,13:33:56,37.00,240,122480
20221130,13:34:08,37.15,160,122480
20221130,13:34:09,37.20,280,122480
20221130,13:34:15,36.85,40,122480
20221130,13:34:17,36.80,200,122480
20221130,13:34:21,36.50,40,122480
20221130,13:34:33,36.55,40,122480
20221130,13:34:48,36.95,80,122480
20221130,13:34:53,36.70,1360,122480
20221130,13:35:04,36.85,40,122480
20221130,13:35:14,37.15,80,122480
20221130,13:35:18,36.75,40,122480
20221130,13:35:20,36.70,40,122480
20221130,13:35:24,36.75,40,122480
20221130,13:35:25,36.75,40,122480
20221130,13:35:36,37.50,160,122480
20221130,13:35:38,37.45,40,122480
20221130,13:35:42,37.35,40,122480
20221130,13:35:54,37.90,600,122480
20221130,13:35:58,37.00,920,122480
20221130,13:35:59,37.35,360,122480
20221130,13:36:00,37.05,520,122480
20221130,13:36:01,36.90,560,122480
20221130,13:36:03,37.30,200,122480
20221130,13:36:04,37.40,40,122480
20221130,13:36:05,37.05,40,122480
20221130,13:36:07,37.25,40,122480
20221130,13:36:10,36.55,520,120880
20221130,13:36:12,37.20,1000,120880
20221130,13:36:13,36.50,200,120880
20221130,13:36:14,37.20,200,120880
20221130,13:36:15,36.60,360,120880
20221130,13:36:20,36.40,40,120880
20221130,13:36:24,37.10,840,120880
20221130,13:36:25,36.40,120,120880
20221130,13:36:32,36.50,80,120880
20221130,13:36:33,36.40,400,120880
20221130,13:36:34,36.55,440,120880
20221130,13:36:35,36.95,520,120880
20221130,13:36:37,37.00,80,120880
20221130,13:36:40,36.90,280,120880
20221130,13:36:41,37.05,320,120880
20221130,13:36:50,36.55,120,120880
20221130,13:36:57,36.75,80,120880
20221130,13:37:00,36.35,520,120880
20221130,13:37:15,36.20,600,120880
20221130,13:37:16,36.60,120,120880
20221130,13:37:21,36.45,40,120880
20221130,13:37:29,36.70,80,120880
20221130,13:37:31,36.15,1240,120880
20221130,13:37:44,36.80,520,120880
20221130,13:37:52,36.30,80,120880
20221130,13:37:54,36.25,80,120880
20221130,13:38:00,36.50,40,120880
20221130,13:38:01,36.00,800,120880
20221130,13:38:05,35.85,160,120880
20221130,13:38:09,35.90,200,120880
20221130,13:38:14,35.80,40,120880
20221130,13:38:26,35.50,80,120880
20221130,13:38:27,35.70,40,120880
20221130,13:38:31,35.65,40,120880
20221130,13:38:39,35.60,160,120880
20221130,13:38:44,35.90,440,120880
20221130,13:38:50,35.90,40,120880
20221130,13:39:01,35.40,3200,120880
20221130,13:39:04,35.95,80,120880
20221130,13:39:06,35.60,80,120880
20221130,13:39:18,35.65,40,119560
20221130,13:39:21,35.10,640,119560
20221130,13:39:29,35.25,40,119560
20221130,13:39:33,35.25,200,119560
20221130,13:39:37,35.60,40,119560
20221130,13:39:44,35.90,520,119560
20221130,13:39:46,35.60,280,119560
20221130,13:40:03,35.40,40,119560
20221130,13:40:15,35.50,40,119560
20221130,13:40:26,35.40,40,119560
20221130,13:41:02,35.90,80,119560
20221130,13:41:24,36.30,320,119560
20221130,13:41:32,35.80,240,119560
20221130,13:41:50,36.00,40,119560
20221130,13:41:54,36.00,160,119560
20221130,13:41:57,36.20,1680,119560
20221130,13:42:05,36.20,200,119560
20221130,13:42:20,36.25,40,118920
20221130,13:42:23,36.15,40,118920
20221130,13:42:40,36.15,1800,118920
20221130,13:42:44,36.75,40,118920
20221130,13:43:09,36.50,40,118920
20221130,13:43:17,36.80,200,118920
20221130,13:43:28,37.00,1000,118920
20221130,13:43:39,36.75,80,118920
20221130,13:43:42,36.65,80,118920
20221130,13:43:59,36.80,80,118920
20221130,13:44:02,37.00,3000,118920
20221130,13:44:09,36.90,40,118920
20221130,13:44:13,36.55,40,118920
20221130,13:44:34,36.90,880,118920
20221130,13:44:35,37.30,120,118920
20221130,13:44:56,37.70,80,118920
20221130,13:45:06,36.80,2000,118920
20221130,13:45:18,37.50,400,120200
20221130,13:45:20,37.70,80,120200
20221130,13:45:25,38.20,80,120200
20221130,13:46:02,37.75,40,120200
20221130,13:46:14,38.00,80,120200
20221130,13:46:17,38.25,200,120200
20221130,13:46:18,38.30,80,120200
20221130,13:46:23,38.30,40,120200
20221130,13:46:35,38.70,720,120200
20221130,13:46:47,38.00,80,120200
20221130,13:47:03,38.15,40,120200
20221130,13:47:07,37.35,400,120200
20221130,13:47:11,37.15,80,120200
20221130,13:47:32,37.85,40,120200
20221130,13:47:49,37.30,40,120200
20221130,13:47:58,37.00,80,120200
20221130,13:48:50,36.80,200,120960
20221130,13:48:56,37.30,40,120960
20221130,13:49:22,37.40,40,120960
20221130,13:49:38,37.45,80,120960
20221130,13:50:27,37.45,200,120960
20221130,13:50:37,37.35,40,120960
20221130,13:51:10,37.35,840,120960
20221130,13:51:42,37.15,280,121760
20221130,13:51:58,36.85,280,121760
20221130,13:52:02,36.50,160,121760
20221130,13:52:14,36.60,80,121760
20221130,13:52:22,36.60,360,121760
20221130,13:52:57,36.60,40,121760
20221130,13:53:00,36.70,40,121760
20221130,13:53:07,36.75,160,121760
20221130,13:53:17,36.70,160,121760
20221130,13:53:31,36.70,160,121760
20221130,13:53:35,37.75,1360,121760
20221130,13:53:39,37.45,4520,121760
20221130,13:53:51,37.70,2200,121760
20221130,13:53:58,37.20,520,121760
20221130,13:54:02,37.20,5000,121760
20221130,13:54:06,36.70,1960,121760
20221130,13:54:10,37.60,3040,121760
20221130,13:54:13,37.35,3480,121720
20221130,13:54:17,37.60,2440,121720
20221130,13:54:19,36.65,880,121720
20221130,13:54:20,36.65,360,121720
20221130,13:54:22,36.60,280,121720
20221130,13:54:28,37.15,360,121720
20221130,13:54:29,37.35,200,121720
20221130,13:54:29,36.55,1000,121720
20221130,13:54:32,36.85,1120,121720
20221130,13:54:33,36.80,200,121720
20221130,13:54:36,36.95,80,121720
20221130,13:54:39,37.30,360,121720
20221130,13:54:40,37.40,360,121720
20221130,13:54:47,37.50,360,121720
20221130,13:54:49,37.90,1080,121720
20221130,13:54:51,37.20,2120,121720
20221130,13:54:52,37.80,1000,121720
20221130,13:54:53,37.20,880,121720
20221130,13:54:54,37.50,600,121720
20221130,13:55:02,37.20,960,121720
20221130,13:55:20,37.10,40,121720
20221130,13:55:51,38.00,560,121720
20221130,13:55:53,37.35,480,121720
20221130,13:55:54,37.40,40,121720
20221130,13:55:55,37.55,80,121720
20221130,13:56:34,37.20,880,121720
20221130,13:56:43,37.60,920,121720
20221130,13:56:47,37.50,80,121720
20221130,13:57:47,37.50,80,124160
20221130,13:57:50,37.65,320,124160
20221130,13:58:03,37.50,80,124160
20221130,13:58:17,37.25,440,124160
20221130,13:58:24,36.55,1800,124160
20221130,13:58:28,36.40,520,124160
20221130,13:58:31,36.40,240,124160
20221130,13:58:38,37.15,1200,124160
20221130,13:58:42,37.00,2040,124160
20221130,13:59:10,36.50,520,124160
20221130,13:59:25,37.05,960,124160
20221130,13:59:30,36.70,200,124160
20221130,13:59:32,36.70,160,124160
20221130,13:59:38,36.70,80,124160
20221130,13:59:45,36.70,80,124160
20221130,13:59:46,36.70,40,124160
20221130,13:59:48,36.70,40,124160
20221130,13:59:51,36.70,120,124160
20221130,13:59:54,36.85,40,124160
20221130,13:59:58,36.85,40,124160
20221130,14:00:02,36.90,40,124160
20221130,14:00:08,36.85,40,124160
20221130,14:00:09,36.85,760,124160
20221130,14:00:12,36.90,40,124160
20221130,14:00:16,37.40,400,120560
20221130,14:00:17,37.40,80,120560
20221130,14:00:20,37.35,760,120560
20221130,14:00:21,37.35,1040,120560
20221130,14:00:32,38.00,920,120560
20221130,14:00:34,38.50,240,120560
20221130,14:00:35,38.30,240,120560
20221130,14:00:36,38.45,3600,120560
20221130,14:00:37,38.35,80,120560
20221130,14:00:40,38.30,160,120560
20221130,14:00:41,37.95,80,120560
20221130,14:00:43,37.70,400,120560
20221130,14:00:44,38.00,1160,120560
20221130,14:00:49,38.00,80,120560
20221130,14:00:50,38.00,560,120560
20221130,14:00:51,37.80,80,120560
20221130,14:00:52,38.00,120,120560
20221130,14:00:54,37.95,40,120560
20221130,14:00:57,37.75,280,120560
20221130,14:01:03,37.80,240,120560
20221130,14:01:05,37.40,480,120560
20221130,14:01:06,37.35,40,120560
20221130,14:01:07,37.50,80,120560
20221130,14:01:08,37.80,160,120560
20221130,14:01:10,37.65,80,120560
20221130,14:01:11,37.65,160,120560
20221130,14:01:12,37.65,80,120560
20221130,14:01:15,38.10,80,120560
20221130,14:01:16,37.60,240,120560
20221130,14:01:17,37.50,160,120560
20221130,14:01:26,37.75,40,120560
20221130,14:01:29,37.50,160,120560
20221130,14:01:34,37.50,120,120560
20221130,14:01:36,37.20,520,120560
20221130,14:01:38,37.40,40,120560
20221130,14:01:39,37.40,560,120560
20221130,14:01:40,37.40,80,120560
20221130,14:01:44,37.50,80,120560
20221130,14:01:49,37.85,40,120560
20221130,14:01:51,37.85,40,120560
20221130,14:01:55,37.10,320,120560
20221130,14:01:56,37.25,80,120560
20221130,14:02:07,37.35,40,120560
20221130,14:02:08,37.45,40,120560
20221130,14:02:15,37.00,3680,120560
20221130,14:02:17,37.00,40,120560
20221130,14:02:18,37.20,920,120560
20221130,14:02:43,37.65,40,120560
20221130,14:02:47,37.70,40,120560
20221130,14:02:48,37.75,80,120560
20221130,14:03:07,37.80,40,120560
20221130,14:03:29,38.25,3080,128440
20221130,14:03:33,37.95,720,128440
20221130,14:03:37,38.20,40,128440
20221130,14:03:44,37.90,800,128440
20221130,14:03:54,37.45,1000,128440
20221130,14:03:58,37.70,40,128440
20221130,14:04:08,37.65,1680,128440
20221130,14:04:12,36.90,400,128440
20221130,14:04:28,37.70,1800,128440
20221130,14:04:34,37.90,520,128440
20221130,14:04:36,37.80,40,128440
20221130,14:04:38,38.05,240,128440
20221130,14:04:45,37.70,80,128440
20221130,14:04:46,37.60,560,128440
20221130,14:04:50,37.85,40,128440
20221130,14:04:51,37.65,1960,128440
20221130,14:04:55,37.90,520,128440
20221130,14:04:58,38.20,40,128440
20221130,14:05:02,38.35,280,128440
20221130,14:05:10,38.05,120,128440
20221130,14:05:12,37.35,760,128440
20221130,14:05:15,37.35,160,128440
20221130,14:05:16,37.75,40,128440
20221130,14:05:20,38.10,640,128440
20221130,14:05:35,37.65,40,128440
20221130,14:05:46,37.70,40,128440
20221130,14:05:48,37.65,40,128440
20221130,14:05:56,37.85,40,128440
20221130,14:06:02,38.00,120,128440
20221130,14:06:13,37.85,80,128440
20221130,14:06:21,38.00,520,128440
20221130,14:06:25,37.80,40,125880
20221130,14:06:45,37.65,120,125880
20221130,14:07:05,37.80,40,125880
20221130,14:07:12,37.80,40,125880
20221130,14:07:38,38.20,3000,125880
20221130,14:07:42,38.10,560,125880
20221130,14:07:56,38.20,520,125880
20221130,14:08:00,38.20,40,125880
20221130,14:08:24,38.20,1240,125880
20221130,14:08:32,38.30,1080,125880
20221130,14:08:37,38.45,800,125880
20221130,14:08:48,38.15,120,125880
20221130,14:08:53,37.50,1760,125880
20221130,14:08:57,37.20,1080,125880
20221130,14:09:17,37.20,120,124200
20221130,14:09:19,36.50,280,124200
20221130,14:09:20,36.95,600,124200
20221130,14:09:21,37.40,440,124200
20221130,14:09:25,37.35,40,124200
20221130,14:09:30,36.90,40,124200
20221130,14:09:39,36.20,80,124200
20221130,14:09:47,36.00,120,124200
20221130,14:09:53,36.30,200,124200
20221130,14:10:09,35.55,280,124200
20221130,14:10:12,35.35,160,124200
20221130,14:10:13,35.00,800,124200
20221130,14:10:15,34.55,80,124200
20221130,14:10:16,35.00,200,124200
20221130,14:10:18,35.00,160,124200
20221130,14:10:18,35.20,120,124200
20221130,14:10:20,34.40,40,124200
20221130,14:10:22,34.75,360,124200
20221130,14:10:23,34.30,40,124200
20221130,14:10:24,34.35,680,124200
20221130,14:10:25,34.50,40,124200
20221130,14:10:26,35.20,600,124200
20221130,14:10:27,35.20,800,124200
20221130,14:10:28,34.50,1120,124200
20221130,14:10:29,34.75,40,124200
20221130,14:10:30,34.75,40,124200
20221130,14:10:31,34.90,520,124200
20221130,14:10:32,35.75,240,124200
20221130,14:10:33,35.15,1440,124200
20221130,14:10:34,35.55,960,124200
20221130,14:10:36,35.85,1240,124200
20221130,14:10:39,35.25,2000,124200
20221130,14:10:40,35.10,320,124200
20221130,14:10:41,36.00,520,124200
20221130,14:10:42,36.00,440,124200
20221130,14:10:44,35.95,40,124200
20221130,14:10:46,36.00,2120,124200
20221130,14:10:49,35.35,1440,124200
20221130,14:10:53,36.05,360,124200
20221130,14:10:54,35.35,1320,124200
20221130,14:10:55,35.35,120,124200
20221130,14:11:03,35.45,200,124200
20221130,14:11:10,35.90,520,124200
20221130,14:11:15,36.00,40,124200
20221130,14:11:20,35.90,240,124200
20221130,14:11:22,35.55,360,124200
20221130,14:11:25,35.70,440,124200
20221130,14:11:36,36.05,200,124200
20221130,14:11:38,36.15,40,124200
20221130,14:11:49,36.30,40,124200
20221130,14:11:53,36.50,1800,124200
20221130,14:12:02,37.30,40,124200
20221130,14:12:08,36.30,200,124200
20221130,14:12:18,37.80,1920,123280
20221130,14:12:19,37.20,400,123280
20221130,14:12:20,37.30,160,123280
20221130,14:12:21,37.25,880,123280
20221130,14:12:23,37.40,640,123280
20221130,14:12:29,37.40,440,123280
20221130,14:12:29,37.55,480,123280
20221130,14:12:30,37.80,1000,123280
20221130,14:12:32,37.80,240,123280
20221130,14:12:34,37.30,160,123280
20221130,14:12:36,37.10,760,123280
20221130,14:12:37,37.45,600,123280
20221130,14:12:38,37.35,400,123280
20221130,14:12:40,36.90,80,123280
20221130,14:12:41,36.95,40,123280
20221130,14:12:43,37.00,80,123280
20221130,14:12:51,36.55,40,123280
20221130,14:12:52,36.90,560,123280
20221130,14:12:53,36.65,120,123280
20221130,14:12:55,36.65,40,123280
20221130,14:12:56,36.35,480,123280
20221130,14:12:58,36.90,400,123280
20221130,14:12:59,36.50,640,123280
20221130,14:13:02,37.70,80,123280
20221130,14:13:04,37.50,40,123280
20221130,14:13:08,36.65,40,123280
20221130,14:13:21,36.90,400,123280
20221130,14:13:22,37.15,200,123280
20221130,14:13:24,36.95,40,123280
20221130,14:13:31,37.05,320,123280
20221130,14:13:32,37.15,600,123280
20221130,14:13:33,37.20,40,123280
20221130,14:13:36,37.50,160,123280
20221130,14:13:42,37.65,40,123280
20221130,14:13:44,37.10,480,123280
20221130,14:13:51,37.85,1160,123280
20221130,14:13:52,37.85,200,123280
20221130,14:14:08,37.20,200,123280
20221130,14:14:28,37.85,200,123280
20221130,14:14:30,37.50,40,123280
20221130,14:14:40,37.00,3000,123280
20221130,14:14:41,37.45,760,123280
20221130,14:14:42,36.80,200,123280
20221130,14:14:45,36.85,640,123280
20221130,14:14:48,37.80,80,123280
20221130,14:14:49,37.35,640,123280
20221130,14:14:57,37.05,2000,123280
20221130,14:14:58,37.65,40,123280
20221130,14:14:59,37.80,80,123280
20221130,14:15:00,37.85,360,123280
20221130,14:15:01,38.20,120,123280
20221130,14:15:06,37.55,80,123280
20221130,14:15:10,38.00,280,123280
20221130,14:15:11,38.20,200,123280
20221130,14:15:12,38.05,40,123280
20221130,14:15:18,38.00,80,117240
20221130,14:15:24,37.60,120,117240
20221130,14:15:27,37.85,40,117240
20221130,14:15:34,37.90,520,117240
20221130,14:15:37,38.25,240,117240
20221130,14:15:41,38.30,40,117240
20221130,14:15:46,37.90,240,117240
20221130,14:15:47,38.15,40,117240
20221130,14:15:53,37.65,40,117240
20221130,14:16:04,37.70,40,117240
20221130,14:16:07,37.25,480,117240
20221130,14:16:16,37.00,1760,117240
20221130,14:16:17,37.10,400,117240
20221130,14:16:28,37.60,840,117240
20221130,14:16:47,37.45,120,117240
20221130,14:16:48,37.50,40,117240
20221130,14:16:57,37.00,1000,117240
20221130,14:17:06,37.40,40,117240
20221130,14:17:47,36.95,800,117240
20221130,14:17:58,37.30,40,117240
20221130,14:18:03,37.00,40,117240
20221130,14:18:17,36.95,40,117240
20221130,14:18:47,37.20,400,118920
20221130,14:18:55,37.80,2200,118920
20221130,14:18:59,37.25,240,118920
20221130,14:19:03,37.30,40,118920
20221130,14:19:07,37.35,1440,118920
20221130,14:19:11,37.60,40,118920
20221130,14:19:27,38.00,240,118920
20221130,14:19:34,38.20,1160,118920
20221130,14:19:35,38.50,320,118920
20221130,14:19:38,38.60,80,118920
20221130,14:19:39,38.60,40,118920
20221130,14:19:41,38.35,80,118920
20221130,14:19:43,38.45,40,118920
20221130,14:19:44,38.20,640,118920
20221130,14:19:48,37.95,160,118920
20221130,14:19:49,37.55,520,118920
20221130,14:19:53,37.50,40,118920
20221130,14:19:58,37.90,560,118920
20221130,14:19:59,37.40,240,118920
20221130,14:20:00,37.65,40,118920
20221130,14:20:04,37.25,360,118920
20221130,14:20:05,37.45,40,118920
20221130,14:20:08,36.85,1720,118920
20221130,14:20:09,37.30,560,118920
20221130,14:20:16,37.20,240,118920
20221130,14:20:23,37.15,160,118920
20221130,14:20:24,36.70,240,118920
20221130,14:20:27,36.50,160,118920
20221130,14:20:35,36.80,80,118920
20221130,14:20:42,36.50,760,118920
20221130,14:20:52,36.90,40,118920
20221130,14:21:11,36.50,120,118920
20221130,14:21:59,36.50,200,120880
20221130,14:22:05,36.50,80,120880
20221130,14:22:06,36.00,200,120880
20221130,14:22:07,36.00,40,120880
20221130,14:22:10,36.05,280,120880
20221130,14:22:11,35.80,320,120880
20221130,14:22:12,35.00,1960,120880
20221130,14:22:13,35.20,600,120880
20221130,14:22:15,35.20,40,120880
20221130,14:22:16,35.10,120,120880
20221130,14:22:19,35.35,240,120880
20221130,14:22:21,35.50,280,120880
20221130,14:22:22,35.60,40,120880
20221130,14:22:24,35.90,520,120880
20221130,14:22:28,35.75,80,120880
20221130,14:22:50,36.90,520,120880
20221130,14:22:57,37.00,80,120880
20221130,14:22:59,36.90,280,120880
20221130,14:23:07,36.55,80,120880
20221130,14:23:15,36.50,40,120880
20221130,14:23:19,36.40,200,120880
20221130,14:23:23,36.20,200,120880
20221130,14:23:32,36.20,80,120880
20221130,14:23:33,36.30,40,120880
20221130,14:23:35,36.20,200,120880
20221130,14:23:56,37.10,80,120880
20221130,14:24:02,36.85,40,120880
20221130,14:24:13,37.00,40,120880
20221130,14:24:21,37.00,240,123480
20221130,14:24:29,37.25,40,123480
20221130,14:24:37,37.30,2680,123480
20221130,14:24:40,37.40,1320,123480
20221130,14:24:48,37.30,80,123480
20221130,14:24:56,37.10,720,123480
20221130,14:25:00,37.60,80,123480
20221130,14:25:09,37.30,240,123480
20221130,14:25:17,37.55,400,123480
20221130,14:25:23,37.55,120,123480
20221130,14:25:28,37.60,40,123480
20221130,14:25:39,37.20,400,123480
20221130,14:25:48,37.05,4000,123480
20221130,14:26:03,37.20,200,123480
20221130,14:26:06,37.20,80,123480
20221130,14:26:07,37.40,120,123480
20221130,14:26:08,37.40,160,123480
20221130,14:26:11,36.95,80,123480
20221130,14:26:24,37.60,1800,123480
20221130,14:26:28,37.90,720,123480
20221130,14:26:34,38.25,1080,123480
20221130,14:26:39,38.20,520,123480
20221130,14:26:45,38.00,200,123480
20221130,14:26:50,38.50,1640,123480
20221130,14:26:56,38.10,280,123480
20221130,14:27:10,38.50,40,123480
20221130,14:27:20,38.00,120,123480
20221130,14:27:29,38.10,40,122440
20221130,14:27:34,38.30,1320,122440
20221130,14:27:43,38.20,520,122440
20221130,14:27:47,38.45,120,122440
20221130,14:27:56,38.60,160,122440
20221130,14:28:01,38.60,240,122440
20221130,14:28:10,38.90,200,122440
20221130,14:28:19,38.80,120,122440
20221130,14:28:28,38.95,1800,122440
20221130,14:28:36,39.05,680,122440
20221130,14:28:40,39.10,2160,122440
20221130,14:28:44,38.80,120,122440
20221130,14:28:49,38.60,40,122440
20221130,14:28:53,38.70,360,122440
20221130,14:28:58,38.60,320,122440
20221130,14:29:02,38.75,120,122440
20221130,14:29:07,39.20,880,122440
20221130,14:29:15,39.30,160,122440
20221130,14:29:20,39.25,560,122440
20221130,14:29:24,39.35,40,122440
20221130,14:29:37,39.90,440,122440
20221130,14:29:42,39.75,1200,122440
20221130,14:29:50,40.20,1800,122440
20221130,14:29:55,40.20,840,122440
20221130,14:29:59,40.20,40,122440
20221130,14:30:03,40.20,80,122440
20221130,14:30:08,40.40,1720,122440
20221130,14:30:13,40.40,360,122440
20221130,14:30:26,40.40,40,123680
20221130,14:30:31,41.00,320,123680
20221130,14:30:36,41.00,920,123680
20221130,14:30:49,41.10,40,123680
20221130,14:30:53,40.85,480,123680
20221130,14:30:57,41.40,80,123680
20221130,14:31:02,42.05,440,123680
20221130,14:31:07,42.50,880,123680
20221130,14:31:11,42.25,200,123680
20221130,14:31:16,42.40,280,123680
20221130,14:31:22,42.45,200,123680
20221130,14:31:23,42.45,40,123680
20221130,14:31:24,42.30,80,123680
20221130,14:31:25,42.30,400,123680
20221130,14:31:26,42.25,200,123680
20221130,14:31:28,42.30,120,123680
20221130,14:31:38,42.30,200,123680
20221130,14:31:39,42.30,40,123680
20221130,14:31:42,42.10,480,123680
20221130,14:31:43,42.05,520,123680
20221130,14:31:44,42.30,40,123680
20221130,14:31:48,42.20,120,123680
20221130,14:31:50,42.20,120,123680
20221130,14:31:52,42.00,120,123680
20221130,14:31:53,42.00,480,123680
20221130,14:31:56,41.90,280,123680
20221130,14:31:57,41.80,560,123680
20221130,14:31:58,41.85,80,123680
20221130,14:31:59,42.00,1960,123680
20221130,14:32:03,42.05,200,123680
20221130,14:32:04,42.30,1400,123680
20221130,14:32:05,42.00,480,123680
20221130,14:32:07,42.45,1200,123680
20221130,14:32:08,42.20,80,123680
20221130,14:32:10,42.30,240,123680
20221130,14:32:11,42.55,1800,123680
20221130,14:32:13,42.50,280,123680
20221130,14:32:16,42.55,240,123680
20221130,14:32:19,42.50,600,123680
20221130,14:32:21,42.70,1080,123680
20221130,14:32:23,42.75,480,123680
20221130,14:32:28,43.00,560,123680
20221130,14:32:30,43.15,40,123680
20221130,14:32:33,43.10,80,123680
20221130,14:32:35,43.30,40,123680
20221130,14:32:36,43.25,200,123680
20221130,14:32:38,43.35,120,123680
20221130,14:32:39,43.00,520,123680
20221130,14:32:40,43.40,80,123680
20221130,14:32:42,43.50,40,123680
20221130,14:32:43,43.60,160,123680
20221130,14:32:46,43.85,280,123680
20221130,14:32:48,43.65,200,123680
20221130,14:32:51,43.85,400,123680
20221130,14:32:52,44.00,200,123680
20221130,14:32:54,44.10,1840,123680
20221130,14:32:56,44.20,40,123680
20221130,14:33:01,44.60,80,123680
20221130,14:33:02,44.25,80,123680
20221130,14:33:03,44.25,40,123680
20221130,14:33:06,44.00,1880,123680
20221130,14:33:06,44.00,520,123680
20221130,14:33:07,43.50,1040,123680
20221130,14:33:09,43.55,80,123680
20221130,14:33:11,43.70,1440,123680
20221130,14:33:13,43.65,80,123680
20221130,14:33:15,43.45,40,123680
20221130,14:33:22,42.10,120,125720
20221130,14:33:26,42.00,1800,125720
20221130,14:33:27,42.50,960,125720
20221130,14:33:30,43.00,2120,125720
20221130,14:33:31,43.10,40,125720
20221130,14:33:33,42.50,400,125720
20221130,14:33:34,42.30,80,125720
20221130,14:33:35,41.95,1440,125720
20221130,14:33:37,42.20,1880,125720
20221130,14:33:40,42.00,40,125720
20221130,14:33:41,42.25,400,125720
20221130,14:33:47,41.85,400,125720
20221130,14:33:49,41.80,520,125720
20221130,14:33:55,41.20,520,125720
20221130,14:33:56,40.25,1400,125720
20221130,14:33:57,40.20,560,125720
20221130,14:34:01,40.50,40,125720
20221130,14:34:03,41.25,3360,125720
20221130,14:34:06,41.75,200,125720
20221130,14:34:11,41.75,40,125720
20221130,14:34:12,41.65,40,125720
20221130,14:34:21,41.50,400,125720
20221130,14:34:24,41.10,40,125720
20221130,14:34:25,40.95,520,125720
20221130,14:34:26,41.00,40,125720
20221130,14:34:31,40.70,1320,125720
20221130,14:34:34,40.60,40,125720
20221130,14:34:35,40.50,800,125720
20221130,14:34:39,40.25,480,125720
20221130,14:34:46,41.05,80,125720
20221130,14:34:54,41.10,360,125720
20221130,14:34:57,41.25,400,125720
20221130,14:35:00,41.25,480,125720
20221130,14:35:01,40.95,120,125720
20221130,14:35:02,40.85,80,125720
20221130,14:35:03,40.95,680,125720
20221130,14:35:04,40.90,560,125720
20221130,14:35:07,40.80,280,125720
20221130,14:35:08,40.90,80,125720
20221130,14:35:09,40.85,120,125720
20221130,14:35:11,40.90,40,125720
20221130,14:35:16,41.25,280,125720
20221130,14:35:17,41.20,120,125720
20221130,14:35:20,41.25,40,125720
20221130,14:35:23,41.50,1360,125720
20221130,14:35:25,41.50,120,125720
20221130,14:35:39,41.50,40,125720
20221130,14:35:40,41.30,40,125720
20221130,14:35:42,41.25,280,125720
20221130,14:35:45,41.25,440,125720
20221130,14:35:47,41.15,80,125720
20221130,14:35:51,40.55,680,125720
20221130,14:35:52,40.55,160,125720
20221130,14:35:52,40.60,40,125720
20221130,14:35:53,40.60,40,125720
20221130,14:35:58,40.75,80,125720
20221130,14:36:00,40.80,40,125720
20221130,14:36:01,40.75,80,125720
20221130,14:36:03,40.60,440,125720
20221130,14:36:05,40.65,40,125720
20221130,14:36:07,40.60,40,125720
20221130,14:36:08,40.65,120,125720
20221130,14:36:10,40.80,40,125720
20221130,14:36:14,40.60,320,125720
20221130,14:36:18,40.55,440,125720
20221130,14:36:25,40.55,40,130800
20221130,14:36:26,40.55,200,130800
20221130,14:36:31,40.40,40,130800
20221130,14:36:32,40.45,40,130800
20221130,14:36:39,40.70,40,130800
20221130,14:36:44,40.65,120,130800
20221130,14:36:51,40.75,80,130800
20221130,14:36:54,41.00,1120,130800
20221130,14:37:07,41.30,80,130800
20221130,14:37:09,41.40,80,130800
20221130,14:37:12,41.40,280,130800
20221130,14:37:14,41.60,480,130800
20221130,14:37:18,41.85,800,130800
20221130,14:37:29,41.85,440,130800
20221130,14:37:33,41.80,160,130800
20221130,14:37:42,42.00,480,130800
20221130,14:37:46,42.10,120,130800
20221130,14:37:51,42.20,80,130800
20221130,14:37:55,41.65,720,130800
20221130,14:38:00,41.30,1160,130800
20221130,14:38:04,41.10,640,130800
20221130,14:38:09,40.85,40,130800
20221130,14:38:13,40.75,1160,130800
20221130,14:38:18,40.55,120,130800
20221130,14:38:19,40.75,40,130800
20221130,14:38:21,40.35,1960,130800
20221130,14:38:23,40.35,480,130800
20221130,14:38:25,39.90,2440,130800
20221130,14:38:27,40.20,600,130800
20221130,14:38:31,40.00,240,130800
20221130,14:38:32,40.05,40,130800
20221130,14:38:36,40.20,280,130800
20221130,14:38:41,40.15,240,130800
20221130,14:38:42,40.15,120,130800
20221130,14:38:45,40.45,40,130800
20221130,14:38:47,40.50,80,130800
20221130,14:39:05,41.05,40,130800
20221130,14:39:14,41.55,240,130800
20221130,14:39:20,41.55,40,130800
20221130,14:39:24,41.20,40,137080
20221130,14:39:25,41.20,40,137080
20221130,14:39:27,41.10,120,137080
20221130,14:39:28,41.35,200,137080
20221130,14:39:37,41.35,200,137080
20221130,14:39:41,41.25,440,137080
20221130,14:39:45,41.25,80,137080
20221130,14:39:46,41.30,120,137080
20221130,14:39:48,41.35,960,137080
20221130,14:39:49,41.35,160,137080
20221130,14:39:53,41.35,40,137080
20221130,14:39:58,41.35,720,137080
20221130,14:40:06,41.35,40,137080
20221130,14:40:08,40.95,480,137080
20221130,14:40:13,41.00,560,137080
20221130,14:40:18,40.85,40,137080
20221130,14:40:27,40.85,520,137080
20221130,14:40:45,40.85,400,137080
20221130,14:40:49,40.80,200,137080
20221130,14:40:58,40.65,480,137080
20221130,14:41:02,40.65,520,137080
20221130,14:41:07,40.55,40,137080
20221130,14:41:11,40.55,80,137080
20221130,14:41:16,40.55,40,137080
20221130,14:41:20,40.40,160,137080
20221130,14:41:33,40.80,560,137080
20221130,14:41:37,40.70,120,137080
20221130,14:41:42,40.85,120,137080
20221130,14:41:47,40.90,520,137080
20221130,14:41:55,41.00,800,137080
20221130,14:42:00,40.80,840,137080
20221130,14:42:13,41.05,840,137080
20221130,14:42:18,41.20,200,137080
20221130,14:42:28,41.20,160,138760
20221130,14:42:33,40.85,1160,138760
20221130,14:42:41,40.85,400,138760
20221130,14:42:46,40.90,720,138760
20221130,14:42:50,40.75,200,138760
20221130,14:42:54,39.45,2920,138760
20221130,14:42:59,39.60,120,138760
20221130,14:43:09,39.80,200,138760
20221130,14:43:13,39.80,40,138760
20221130,14:43:18,40.00,800,138760
20221130,14:43:23,40.15,800,138760
20221130,14:43:32,40.70,2600,138760
20221130,14:43:46,40.80,400,138760
20221130,14:43:58,40.40,1800,138760
20221130,14:44:21,40.40,40,138760
20221130,14:44:25,39.60,3840,138760
20221130,14:44:30,39.70,600,138760
20221130,14:44:40,38.95,80,138760
20221130,14:44:49,39.20,40,138760
20221130,14:44:53,38.75,80,138760
20221130,14:44:58,38.90,440,138760
20221130,14:45:03,39.70,1240,138760
20221130,14:45:12,39.90,760,138760
20221130,14:45:16,39.65,80,138760
20221130,14:45:25,40.25,360,136160
20221130,14:45:30,40.70,320,136160
20221130,14:45:43,40.75,40,136160
20221130,14:45:47,40.80,1440,136160
20221130,14:45:56,40.40,80,136160
20221130,14:46:00,40.05,160,136160
20221130,14:46:04,40.80,2400,136160
20221130,14:46:12,40.80,240,136160
20221130,14:46:16,40.95,40,136160
20221130,14:46:20,40.75,40,136160
20221130,14:46:23,40.45,1200,136160
20221130,14:46:24,40.35,80,136160
20221130,14:46:27,40.35,480,136160
20221130,14:46:56,40.35,40,136160
20221130,14:47:05,40.50,160,136160
20221130,14:47:13,40.55,400,136160
20221130,14:47:15,40.35,800,136160
20221130,14:47:24,40.60,560,136160
20221130,14:47:28,40.60,40,136160
20221130,14:47:32,40.70,80,136160
20221130,14:47:37,40.35,480,136160
20221130,14:47:45,40.35,400,136160
20221130,14:47:53,40.30,80,136160
20221130,14:47:58,40.10,720,136160
20221130,14:48:07,40.00,640,136160
20221130,14:48:12,39.20,1840,136160
20221130,14:48:25,39.20,400,136240
20221130,14:48:29,39.55,200,136240
20221130,14:48:37,39.40,680,136240
20221130,14:48:42,39.50,40,136240
20221130,14:48:46,39.25,240,136240
20221130,14:48:55,39.70,2200,136240
20221130,14:49:00,39.75,40,136240
20221130,14:49:13,39.85,240,136240
20221130,14:49:22,39.35,40,136240
20221130,14:49:47,39.00,800,136240
20221130,14:49:55,38.95,1800,136240
20221130,14:50:04,38.60,560,136240
20221130,14:50:08,39.10,320,136240
20221130,14:50:12,38.95,1800,136240
20221130,14:50:16,39.30,280,136240
20221130,14:50:25,40.00,1200,136240
20221130,14:50:29,40.30,160,136240
20221130,14:50:34,40.30,40,136240
20221130,14:50:39,40.15,240,136240
20221130,14:50:47,40.50,160,136240
20221130,14:50:51,40.70,640,136240
20221130,14:51:00,40.85,880,136240
20221130,14:51:08,40.65,200,136240
20221130,14:51:12,40.80,120,136240
20221130,14:51:19,40.80,80,136240
20221130,14:51:23,41.00,840,136240
20221130,14:51:30,40.70,40,138560
20221130,14:52:08,40.55,40,138560
20221130,14:52:20,40.60,240,138560
20221130,14:52:24,40.50,200,138560
20221130,14:52:32,40.70,40,138560
20221130,14:52:35,40.50,40,138560
20221130,14:52:52,40.50,1320,138560
20221130,14:52:56,40.70,40,138560
20221130,14:53:04,40.95,480,138560
20221130,14:53:13,40.70,40,138560
20221130,14:53:21,40.50,40,138560
20221130,14:53:24,40.80,400,138560
20221130,14:53:28,41.00,2000,138560
20221130,14:53:33,41.35,40,138560
20221130,14:53:37,41.35,40,138560
20221130,14:53:41,41.05,880,138560
20221130,14:54:05,41.10,440,138560
20221130,14:54:13,41.15,40,138560
20221130,14:54:21,41.15,680,138560
20221130,14:54:24,41.15,400,138560
20221130,14:54:36,40.70,680,137960
20221130,14:54:41,40.55,120,137960
20221130,14:54:46,40.50,120,137960
20221130,14:54:50,40.30,760,137960
20221130,14:54:55,40.95,280,137960
20221130,14:55:04,41.40,120,137960
20221130,14:55:12,40.90,80,137960
20221130,14:55:25,40.60,40,137960
20221130,14:55:30,40.65,40,137960
20221130,14:55:39,40.35,40,137960
20221130,14:55:43,39.70,440,137960
20221130,14:55:48,38.00,3040,137960
20221130,14:55:53,38.10,600,137960
20221130,14:55:57,38.20,200,137960
20221130,14:56:02,37.80,1480,137960
20221130,14:56:07,38.10,160,137960
20221130,14:56:11,38.30,160,137960
20221130,14:56:19,38.15,160,137960
20221130,14:56:25,38.00,560,137960
20221130,14:56:28,37.85,40,137960
20221130,14:56:30,38.15,40,137960
20221130,14:56:34,37.60,40,137960
20221130,14:56:36,37.30,80,137960
20221130,14:56:37,37.00,120,137960
20221130,14:56:38,37.10,40,137960
20221130,14:56:42,36.50,640,137960
20221130,14:56:46,36.05,80,137960
20221130,14:56:49,35.80,40,137960
20221130,14:56:51,36.05,40,137960
20221130,14:56:56,36.60,1040,137960
20221130,14:56:57,36.60,40,137960
20221130,14:57:00,36.90,720,137960
20221130,14:57:01,36.90,200,137960
20221130,14:57:02,36.75,440,137960
20221130,14:57:09,36.55,40,137960
20221130,14:57:13,36.65,40,137960
20221130,14:57:16,36.60,40,137960
20221130,14:57:18,36.20,520,137960
20221130,14:57:27,36.15,40,135400
20221130,14:57:28,36.05,400,135400
20221130,14:57:33,36.15,40,135400
20221130,14:57:38,36.30,200,135400
20221130,14:57:42,36.15,40,135400
20221130,14:57:43,36.00,120,135400
20221130,14:57:44,35.80,40,135400
20221130,14:57:54,36.05,200,135400
20221130,14:58:21,36.35,40,135400
20221130,14:58:30,36.45,200,135400
20221130,14:58:46,37.00,120,135400
20221130,14:58:56,38.00,240,135400
20221130,14:59:05,38.20,1080,135400
20221130,14:59:09,38.65,160,135400
20221130,14:59:14,37.90,280,135400
20221130,14:59:18,37.90,520,135400
20221130,14:59:20,37.95,160,135400
20221130,14:59:47,37.95,40,135400
20221130,14:59:48,37.90,40,135400
20221130,14:59:51,37.90,40,135400
20221130,14:59:54,37.70,40,135400
20221130,14:59:58,37.80,40,135400
20221130,14:59:59,36.70,400,135400
20221130,15:00:01,37.40,680,135400
20221130,15:00:02,37.95,600,135400
20221130,15:00:03,37.75,40,135400
20221130,15:00:04,38.20,120,135400
20221130,15:00:05,37.20,1400,135400
20221130,15:00:07,37.80,200,135400
20221130,15:00:08,38.35,120,135400
20221130,15:00:22,39.50,640,135400
20221130,15:00:27,40.00,40,135320
20221130,15:00:29,40.20,40,135320
20221130,15:00:37,40.80,200,135320
20221130,15:00:39,40.90,680,135320
20221130,15:00:40,40.90,40,135320
20221130,15:00:43,41.50,40,135320
20221130,15:00:44,41.75,120,135320
20221130,15:00:45,41.25,80,135320
20221130,15:00:46,41.15,40,135320
20221130,15:00:52,40.75,160,135320
20221130,15:00:53,40.90,80,135320
20221130,15:00:55,40.75,680,135320
20221130,15:00:56,40.85,520,135320
20221130,15:00:58,41.40,240,135320
20221130,15:00:59,41.85,320,135320
20221130,15:01:00,41.00,400,135320
20221130,15:01:01,40.65,80,135320
20221130,15:01:02,40.90,320,135320
20221130,15:01:03,40.70,640,135320
20221130,15:01:04,40.25,1000,135320
20221130,15:01:05,40.45,1960,135320
20221130,15:01:06,40.90,720,135320
20221130,15:01:07,41.10,120,135320
20221130,15:01:09,41.20,120,135320
20221130,15:01:11,41.10,440,135320
20221130,15:01:17,41.60,400,135320
20221130,15:01:18,42.00,880,135320
20221130,15:01:19,42.30,240,135320
20221130,15:01:20,41.90,240,135320
20221130,15:01:21,41.50,280,135320
20221130,15:01:22,41.20,40,135320
20221130,15:01:26,41.50,80,135320
20221130,15:01:27,41.40,40,135320
20221130,15:01:29,41.15,560,135320
20221130,15:01:30,41.40,520,135320
20221130,15:01:33,41.15,80,135320
20221130,15:01:37,41.80,560,135320
20221130,15:01:38,41.90,40,135320
20221130,15:01:42,42.00,40,135320
20221130,15:01:43,42.50,40,135320
20221130,15:01:44,43.00,40,135320
20221130,15:01:46,42.25,360,135320
20221130,15:01:47,42.20,520,135320
20221130,15:01:51,42.50,480,135320
20221130,15:01:56,43.45,400,135320
20221130,15:01:57,43.90,680,135320
20221130,15:02:00,44.00,120,135320
20221130,15:02:01,43.10,80,135320
20221130,15:02:04,42.75,80,135320
20221130,15:02:05,43.00,80,135320
20221130,15:02:08,43.15,320,135320
20221130,15:02:09,42.90,80,135320
20221130,15:02:11,43.30,160,135320
20221130,15:02:14,43.10,40,135320
20221130,15:02:16,43.35,1760,135320
20221130,15:02:18,43.15,80,135320
20221130,15:02:20,43.10,40,135320
20221130,15:02:24,43.15,40,135320
20221130,15:02:26,43.40,560,135320
20221130,15:02:29,42.85,40,135320
20221130,15:02:31,43.05,400,135320
20221130,15:02:31,43.10,160,135320
20221130,15:02:36,44.00,680,135320
20221130,15:02:37,44.00,200,135320
20221130,15:02:38,43.45,240,135320
20221130,15:02:39,43.60,160,135320
20221130,15:02:40,43.35,40,135320
20221130,15:02:41,43.65,720,135320
20221130,15:02:42,43.55,80,135320
20221130,15:02:43,43.95,120,135320
20221130,15:02:44,43.90,80,135320
20221130,15:02:45,43.80,600,135320
20221130,15:02:46,43.50,40,135320
20221130,15:02:47,43.65,1000,135320
20221130,15:02:48,43.95,40,135320
20221130,15:02:49,44.00,280,135320
20221130,15:02:50,43.95,40,135320
20221130,15:02:51,44.00,160,135320
20221130,15:02:53,43.85,1120,135320
20221130,15:02:54,44.35,400,135320
20221130,15:02:55,45.00,720,135320
20221130,15:02:56,44.75,40,135320
20221130,15:02:57,44.50,120,135320
20221130,15:02:58,44.70,80,135320
20221130,15:02:59,44.40,440,135320
20221130,15:03:00,44.35,40,135320
20221130,15:03:01,44.80,120,135320
20221130,15:03:03,44.85,40,135320
20221130,15:03:05,44.90,1480,135320
20221130,15:03:06,44.90,40,135320
20221130,15:03:07,45.00,240,135320
20221130,15:03:08,45.00,80,135320
20221130,15:03:09,44.90,80,135320
20221130,15:03:10,45.10,160,135320
20221130,15:03:12,45.15,560,135320
20221130,15:03:14,45.80,320,135320
20221130,15:03:15,45.70,80,135320
20221130,15:03:17,45.05,640,135320
20221130,15:03:18,46.50,920,135320
20221130,15:03:19,45.80,40,135320
20221130,15:03:20,45.60,1080,135320
20221130,15:03:21,45.40,160,135320
20221130,15:03:23,45.30,160,135320
20221130,15:03:27,46.10,800,132080
20221130,15:03:30,45.40,600,132080
20221130,15:03:31,45.90,440,132080
20221130,15:03:33,45.60,120,132080
20221130,15:03:34,45.75,80,132080
20221130,15:03:35,46.75,80,132080
20221130,15:03:36,46.00,440,132080
20221130,15:03:38,45.90,360,132080
20221130,15:03:43,45.75,240,132080
20221130,15:03:44,45.70,80,132080
20221130,15:03:45,45.90,560,132080
20221130,15:03:49,45.90,80,132080
20221130,15:03:50,45.90,80,132080
20221130,15:03:51,45.65,40,132080
20221130,15:03:52,45.90,800,132080
20221130,15:03:53,47.20,720,132080
20221130,15:03:56,46.20,560,132080
20221130,15:03:57,47.00,200,132080
20221130,15:03:58,46.50,200,132080
20221130,15:04:01,45.80,480,132080
20221130,15:04:03,45.80,280,132080
20221130,15:04:07,46.55,120,132080
20221130,15:04:13,46.95,960,132080
20221130,15:04:14,47.00,640,132080
20221130,15:04:15,46.85,400,132080
20221130,15:04:16,46.50,40,132080
20221130,15:04:17,46.65,40,132080
20221130,15:04:20,46.85,40,132080
20221130,15:04:22,46.80,40,132080
20221130,15:04:23,46.95,1000,132080
20221130,15:04:27,47.15,480,132080
20221130,15:04:28,47.15,120,132080
20221130,15:04:30,47.25,400,132080
20221130,15:04:31,47.35,280,132080
20221130,15:04:32,48.25,1200,132080
20221130,15:04:33,48.15,760,132080
20221130,15:04:34,48.10,80,132080
20221130,15:04:36,48.35,1800,132080
20221130,15:04:39,48.65,200,132080
20221130,15:04:40,48.50,480,132080
20221130,15:04:41,48.70,120,132080
20221130,15:04:42,49.00,520,132080
20221130,15:04:43,48.90,400,132080
20221130,15:04:44,48.90,80,132080
20221130,15:04:45,49.10,560,132080
20221130,15:04:46,49.60,320,132080
20221130,15:04:47,49.50,40,132080
20221130,15:04:48,49.25,800,132080
20221130,15:04:49,49.65,880,132080
20221130,15:04:50,49.15,40,132080
20221130,15:04:51,49.85,1000,132080
20221130,15:04:52,48.95,320,132080
20221130,15:04:53,49.50,40,132080
20221130,15:04:59,49.10,280,132080
20221130,15:05:00,49.10,280,132080
20221130,15:05:01,49.10,160,132080
20221130,15:05:05,49.40,600,132080
20221130,15:05:07,49.35,120,132080
20221130,15:05:08,49.95,1760,132080
20221130,15:05:11,50.00,1120,132080
20221130,15:05:12,49.50,160,132080
20221130,15:05:13,50.00,200,132080
20221130,15:05:14,50.25,480,132080
20221130,15:05:15,50.15,400,132080
20221130,15:05:17,50.15,600,132080
20221130,15:05:18,50.15,40,132080
20221130,15:05:22,50.40,240,132080
20221130,15:05:24,50.40,840,132080
20221130,15:05:26,50.20,120,132080
20221130,15:05:27,50.40,480,132080
20221130,15:05:28,50.50,160,132080
20221130,15:05:30,50.25,1760,132080
20221130,15:05:31,50.30,1560,132080
20221130,15:05:32,50.45,200,132080
20221130,15:05:35,50.45,40,132080
20221130,15:05:37,50.50,80,132080
20221130,15:05:38,50.00,600,132080
20221130,15:05:39,50.20,80,132080
20221130,15:05:40,49.20,2200,132080
20221130,15:05:42,48.65,1440,132080
20221130,15:05:43,48.25,80,132080
20221130,15:05:45,48.30,2560,132080
20221130,15:05:46,48.55,480,132080
20221130,15:05:47,48.70,1760,132080
20221130,15:05:48,49.00,80,132080
20221130,15:05:49,49.75,600,132080
20221130,15:05:50,48.95,1000,132080
20221130,15:05:51,48.65,640,132080
20221130,15:05:53,48.95,480,132080
20221130,15:05:54,48.50,480,132080
20221130,15:05:55,49.00,720,132080
20221130,15:05:56,48.75,360,132080
20221130,15:05:57,49.05,1640,132080
20221130,15:05:59,48.90,1000,132080
20221130,15:06:00,49.10,120,132080
20221130,15:06:01,49.50,40,132080
20221130,15:06:02,49.50,80,132080
20221130,15:06:03,49.30,280,132080
20221130,15:06:04,49.25,120,132080
20221130,15:06:05,48.80,840,132080
20221130,15:06:07,49.50,400,132080
20221130,15:06:08,49.45,520,132080
20221130,15:06:09,49.10,80,132080
20221130,15:06:11,49.00,160,132080
20221130,15:06:12,48.90,200,132080
20221130,15:06:13,49.00,360,132080
20221130,15:06:14,49.20,120,132080
20221130,15:06:15,49.15,80,132080
20221130,15:06:16,48.90,40,132080
20221130,15:06:17,49.10,120,132080
20221130,15:06:18,49.15,320,132080
20221130,15:06:19,48.50,1080,132080
20221130,15:06:21,48.90,80,132080
20221130,15:06:22,49.50,600,132080
20221130,15:06:23,49.25,160,132080
20221130,15:06:24,49.05,280,132080
20221130,15:06:26,49.20,40,132080
20221130,15:06:27,48.90,80,135200
20221130,15:06:29,49.30,400,135200
20221130,15:06:31,49.00,40,135200
20221130,15:06:33,48.95,120,135200
20221130,15:06:35,49.30,40,135200
20221130,15:06:39,49.00,80,135200
20221130,15:06:40,50.55,2000,135200
20221130,15:06:41,50.20,120,135200
20221130,15:06:43,50.25,520,135200
20221130,15:06:44,50.05,40,135200
20221130,15:06:46,50.20,40,135200
20221130,15:06:48,50.00,200,135200
20221130,15:06:49,50.55,960,135200
20221130,15:06:51,51.05,800,135200
20221130,15:06:53,50.65,1600,135200
20221130,15:06:54,50.70,80,135200
20221130,15:06:56,50.95,120,135200
20221130,15:06:57,51.25,80,135200
20221130,15:06:58,51.05,200,135200
20221130,15:06:59,50.70,40,135200
20221130,15:07:00,50.90,40,135200
20221130,15:07:02,49.55,680,135200
20221130,15:07:07,49.80,400,135200
20221130,15:07:08,51.20,640,135200
20221130,15:07:12,50.60,80,135200
20221130,15:07:14,50.40,440,135200
20221130,15:07:15,50.30,2000,135200
20221130,15:07:16,50.20,40,135200
20221130,15:07:17,50.30,40,135200
20221130,15:07:19,50.20,160,135200
20221130,15:07:20,50.10,160,135200
20221130,15:07:20,49.80,120,135200
20221130,15:07:24,49.95,160,135200
20221130,15:07:26,50.00,160,135200
20221130,15:07:26,50.15,40,135200
20221130,15:07:27,51.30,1400,135200
20221130,15:07:28,50.95,160,135200
20221130,15:07:31,50.60,80,135200
20221130,15:07:35,50.75,1200,135200
20221130,15:07:37,50.05,240,135200
20221130,15:07:38,50.40,480,135200
20221130,15:07:41,50.25,320,135200
20221130,15:07:42,49.95,320,135200
20221130,15:07:43,50.40,320,135200
20221130,15:07:45,50.30,400,135200
20221130,15:07:52,50.80,400,135200
20221130,15:07:53,50.45,40,135200
20221130,15:07:54,51.00,1200,135200
20221130,15:07:55,51.10,40,135200
20221130,15:07:57,50.65,80,135200
20221130,15:08:00,50.35,160,135200
20221130,15:08:01,50.30,40,135200
20221130,15:08:02,50.20,240,135200
20221130,15:08:03,50.25,280,135200
20221130,15:08:05,50.60,80,135200
20221130,15:08:06,51.40,160,135200
20221130,15:08:08,51.30,40,135200
20221130,15:08:09,50.45,80,135200
20221130,15:08:11,50.65,120,135200
20221130,15:08:12,51.25,40,135200
20221130,15:08:13,50.65,80,135200
20221130,15:08:15,50.00,80,135200
20221130,15:08:16,50.00,160,135200
20221130,15:08:17,50.25,80,135200
20221130,15:08:19,49.10,160,135200
20221130,15:08:20,48.70,240,135200
20221130,15:08:21,48.45,520,135200
20221130,15:08:23,48.45,200,135200
20221130,15:08:24,48.25,40,135200
20221130,15:08:26,49.40,1120,135200
20221130,15:08:27,50.00,320,135200
20221130,15:08:28,49.90,40,135200
20221130,15:08:29,49.25,120,135200
20221130,15:08:31,50.45,720,135200
20221130,15:08:32,50.90,320,135200
20221130,15:08:33,50.85,40,135200
20221130,15:08:37,50.75,200,135200
20221130,15:08:38,50.00,1000,135200
20221130,15:08:40,50.75,160,135200
20221130,15:08:45,50.75,280,135200
20221130,15:08:47,51.00,80,135200
20221130,15:08:49,51.00,80,135200
20221130,15:08:51,50.75,280,135200
20221130,15:08:52,50.95,80,135200
20221130,15:08:53,50.95,160,135200
20221130,15:08:54,50.95,40,135200
20221130,15:08:56,50.45,40,135200
20221130,15:08:57,50.65,80,135200
20221130,15:08:58,50.95,200,135200
20221130,15:08:59,50.00,520,135200
20221130,15:09:00,50.25,200,135200
20221130,15:09:03,51.00,640,135200
20221130,15:09:04,51.25,320,135200
20221130,15:09:06,51.65,40,135200
20221130,15:09:08,51.05,480,135200
20221130,15:09:10,50.45,480,135200
20221130,15:09:11,50.90,720,135200
20221130,15:09:12,51.00,200,135200
20221130,15:09:14,50.95,40,135200
20221130,15:09:17,50.90,40,135200
20221130,15:09:21,50.90,40,135200
20221130,15:09:24,51.75,720,135200
20221130,15:09:26,50.55,560,135200
20221130,15:09:31,50.85,520,132160
20221130,15:09:32,50.60,120,132160
20221130,15:09:34,50.90,800,132160
20221130,15:09:36,51.00,480,132160
20221130,15:09:37,51.25,280,132160
20221130,15:09:38,50.95,40,132160
20221130,15:09:39,51.35,40,132160
20221130,15:09:45,50.90,200,132160
20221130,15:09:49,50.55,560,132160
20221130,15:09:52,50.55,80,132160
20221130,15:09:56,50.55,200,132160
20221130,15:10:02,50.55,1080,132160
20221130,15:10:03,50.00,2040,132160
20221130,15:10:05,50.45,560,132160
20221130,15:10:06,50.45,40,132160
20221130,15:10:07,50.80,1080,132160
20221130,15:10:07,50.45,680,132160
20221130,15:10:09,50.80,720,132160
20221130,15:10:12,50.55,560,132160
20221130,15:10:13,50.65,200,132160
20221130,15:10:13,51.45,400,132160
20221130,15:10:16,50.90,1800,132160
20221130,15:10:16,50.90,680,132160
20221130,15:10:17,50.45,240,132160
20221130,15:10:18,50.10,640,132160
20221130,15:10:20,50.60,40,132160
20221130,15:10:22,51.30,80,132160
20221130,15:10:26,51.50,1120,132160
20221130,15:10:27,51.50,840,132160
20221130,15:10:29,51.85,40,132160
20221130,15:10:31,51.90,40,132160
20221130,15:10:34,51.90,40,132160
20221130,15:10:36,51.85,40,132160
20221130,15:10:37,51.55,40,132160
20221130,15:10:41,51.70,2080,132160
20221130,15:10:42,51.85,40,132160
20221130,15:10:44,51.90,1200,132160
20221130,15:10:45,51.85,40,132160
20221130,15:10:46,51.55,40,132160
20221130,15:10:47,51.75,320,132160
20221130,15:10:51,51.80,40,132160
20221130,15:10:53,51.85,240,132160
20221130,15:10:57,51.85,40,132160
20221130,15:10:58,51.40,520,132160
20221130,15:11:00,51.75,1800,132160
20221130,15:11:01,51.95,880,132160
20221130,15:11:01,51.90,40,132160
20221130,15:11:02,52.00,880,132160
20221130,15:11:03,51.90,880,132160
20221130,15:11:06,51.80,1720,132160
20221130,15:11:08,52.35,40,132160
20221130,15:11:09,52.55,40,132160
20221130,15:11:11,52.25,80,132160
20221130,15:11:13,51.90,1720,132160
20221130,15:11:14,52.20,640,132160
20221130,15:11:15,52.45,40,132160
20221130,15:11:16,52.00,320,132160
20221130,15:11:17,52.00,80,132160
20221130,15:11:18,51.45,2040,132160
20221130,15:11:19,52.60,1480,132160
20221130,15:11:20,53.00,2720,132160
20221130,15:11:21,53.00,560,132160
20221130,15:11:25,53.55,120,132160
20221130,15:11:28,54.00,480,132160
20221130,15:11:29,53.65,80,132160
20221130,15:11:33,53.90,40,132160
20221130,15:11:35,54.40,840,132160
20221130,15:11:36,54.70,40,132160
20221130,15:11:38,54.45,40,132160
20221130,15:11:39,54.85,520,132160
20221130,15:11:40,54.50,80,132160
20221130,15:11:41,54.45,40,132160
20221130,15:11:42,54.50,440,132160
20221130,15:11:44,54.45,80,132160
20221130,15:11:45,54.50,120,132160
20221130,15:11:47,54.10,1360,132160
20221130,15:11:48,54.40,80,132160
20221130,15:11:49,54.15,40,132160
20221130,15:11:50,54.00,40,132160
20221130,15:11:51,54.20,40,132160
20221130,15:11:54,54.85,40,132160
20221130,15:11:55,54.70,160,132160
20221130,15:11:56,55.40,1520,132160
20221130,15:11:58,55.20,160,132160
20221130,15:12:00,55.45,80,132160
20221130,15:12:01,55.05,320,132160
20221130,15:12:02,55.15,120,132160
20221130,15:12:03,55.40,520,132160
20221130,15:12:04,55.15,520,132160
20221130,15:12:07,55.35,200,132160
20221130,15:12:08,54.70,1280,132160
20221130,15:12:09,54.05,120,132160
20221130,15:12:10,53.90,1240,132160
20221130,15:12:11,53.65,40,132160
20221130,15:12:12,53.55,40,132160
20221130,15:12:17,53.75,440,132160
20221130,15:12:18,54.10,1080,132160
20221130,15:12:21,54.55,40,132160
20221130,15:12:22,54.20,1800,132160
20221130,15:12:24,54.80,120,132160
20221130,15:12:25,54.55,760,132160
20221130,15:12:26,54.60,1040,132160
20221130,15:12:30,54.40,160,132160
20221130,15:12:32,54.15,360,134080
20221130,15:12:34,54.60,440,134080
20221130,15:12:35,54.35,80,134080
20221130,15:12:36,54.80,320,134080
20221130,15:12:37,54.55,600,134080
20221130,15:12:39,54.55,80,134080
20221130,15:12:41,54.45,40,134080
20221130,15:12:41,55.00,480,134080
20221130,15:12:42,54.80,1120,134080
20221130,15:12:43,55.00,1320,134080
20221130,15:12:47,55.05,240,134080
20221130,15:12:48,55.15,360,134080
20221130,15:12:49,55.30,120,134080
20221130,15:12:50,54.95,520,134080
20221130,15:12:55,55.50,400,134080
20221130,15:12:56,56.30,2000,134080
20221130,15:12:57,57.00,960,134080
20221130,15:12:58,55.85,3040,134080
20221130,15:12:59,56.15,240,134080
20221130,15:13:00,56.55,40,134080
20221130,15:13:01,56.35,600,134080
20221130,15:13:02,56.40,40,134080
20221130,15:13:03,57.00,1360,134080
20221130,15:13:04,56.95,40,134080
20221130,15:13:05,56.85,880,134080
20221130,15:13:06,57.15,80,134080
20221130,15:13:07,57.55,1600,134080
20221130,15:13:11,58.25,1160,134080
20221130,15:13:13,58.45,40,134080
20221130,15:13:14,58.65,2480,134080
20221130,15:13:15,58.65,920,134080
20221130,15:13:16,59.55,1000,134080
20221130,15:13:17,60.30,2280,134080
20221130,15:13:18,59.95,1960,134080
20221130,15:13:19,59.70,4320,134080
20221130,15:13:20,59.85,2280,134080
20221130,15:13:21,59.95,520,134080
20221130,15:13:23,60.35,1400,134080
20221130,15:13:24,59.85,120,134080
20221130,15:13:25,60.45,280,134080
20221130,15:13:26,59.60,1840,134080
20221130,15:13:27,59.80,200,134080
20221130,15:13:29,60.05,160,134080
20221130,15:13:30,59.90,680,134080
20221130,15:13:31,59.75,720,134080
20221130,15:13:32,60.25,280,134080
20221130,15:13:34,59.60,40,134080
20221130,15:13:36,59.80,320,134080
20221130,15:13:37,60.40,40,134080
20221130,15:13:38,60.60,1400,134080
20221130,15:13:39,60.45,2720,134080
20221130,15:13:40,60.65,3320,134080
20221130,15:13:40,60.00,160,134080
20221130,15:13:41,60.45,1080,134080
20221130,15:13:43,60.45,40,134080
20221130,15:13:44,60.60,520,134080
20221130,15:13:45,60.75,400,134080
20221130,15:13:46,60.90,240,134080
20221130,15:13:49,61.05,320,134080
20221130,15:13:51,60.75,280,134080
20221130,15:13:52,61.35,280,134080
20221130,15:13:53,61.30,280,134080
20221130,15:13:55,61.00,160,134080
20221130,15:13:56,62.00,1320,134080
20221130,15:13:58,62.30,40,134080
20221130,15:13:59,62.85,960,134080
20221130,15:13:59,62.75,280,134080
20221130,15:14:01,63.00,1560,134080
20221130,15:14:02,63.00,120,134080
20221130,15:14:03,62.95,400,134080
20221130,15:14:04,63.10,560,134080
20221130,15:14:05,62.75,40,134080
20221130,15:14:06,63.25,1240,134080
20221130,15:14:08,63.10,40,134080
20221130,15:14:09,62.80,760,134080
20221130,15:14:10,63.35,40,134080
20221130,15:14:11,63.50,200,134080
20221130,15:14:12,63.80,280,134080
20221130,15:14:14,63.75,600,134080
20221130,15:14:15,64.00,320,134080
20221130,15:14:16,64.20,320,134080
20221130,15:14:17,64.50,200,134080
20221130,15:14:18,64.50,40,134080
20221130,15:14:20,64.70,240,134080
20221130,15:14:21,65.00,2320,134080
20221130,15:14:22,65.00,1760,134080
20221130,15:14:23,65.60,480,134080
20221130,15:14:25,65.60,40,134080
20221130,15:14:26,65.65,360,134080
20221130,15:14:26,65.85,280,134080
20221130,15:14:27,65.85,760,134080
20221130,15:14:29,66.00,80,134080
20221130,15:14:30,66.00,360,134080
20221130,15:14:31,65.60,120,134080
20221130,15:14:33,66.10,40,134080
20221130,15:14:34,66.10,200,134080
20221130,15:14:34,66.25,40,134080
20221130,15:14:35,66.40,1600,134080
20221130,15:14:36,66.40,440,134080
20221130,15:14:38,66.40,120,134080
20221130,15:14:41,66.60,840,134080
20221130,15:14:42,66.35,520,134080
20221130,15:14:43,66.95,1440,134080
20221130,15:14:44,66.95,240,134080
20221130,15:14:44,67.30,1640,134080
20221130,15:14:46,67.80,1280,134080
20221130,15:14:47,67.90,280,134080
20221130,15:14:48,68.00,800,134080
20221130,15:14:49,68.00,600,134080
20221130,15:14:50,68.40,2160,134080
20221130,15:14:52,68.70,40,134080
20221130,15:14:53,68.70,1280,134080
20221130,15:14:54,69.25,1240,134080
20221130,15:14:55,69.55,400,134080
20221130,15:14:56,69.60,440,134080
20221130,15:14:56,69.60,200,134080
20221130,15:14:58,69.80,200,134080
20221130,15:14:58,70.00,1120,134080
20221130,15:15:00,70.55,920,134080
20221130,15:15:01,71.05,720,134080
20221130,15:15:02,71.80,200,134080
20221130,15:15:03,71.80,40,134080
20221130,15:15:04,71.55,760,134080
20221130,15:15:05,72.00,280,134080
20221130,15:15:06,72.00,80,134080
20221130,15:15:07,72.40,720,134080
20221130,15:15:08,72.40,560,134080
20221130,15:15:10,72.40,520,134080
20221130,15:15:11,72.55,40,134080
20221130,15:15:12,73.00,1960,134080
20221130,15:15:13,73.00,2720,134080
20221130,15:15:14,73.75,720,134080
20221130,15:15:16,73.75,120,134080
20221130,15:15:17,73.80,520,134080
20221130,15:15:18,74.00,200,134080
20221130,15:15:19,74.15,1240,134080
20221130,15:15:21,73.70,1520,134080
20221130,15:15:23,73.95,240,134080
20221130,15:15:25,73.80,1080,134080
20221130,15:15:26,73.35,440,134080
20221130,15:15:27,72.95,4840,134080
20221130,15:15:28,72.85,2720,134080
20221130,15:15:29,73.20,2240,122320
20221130,15:15:30,72.45,1640,122320
20221130,15:15:31,73.35,760,122320
20221130,15:15:32,73.45,1360,122320
20221130,15:15:33,73.35,680,122320
20221130,15:15:34,73.35,240,122320
20221130,15:15:35,73.40,1840,122320
20221130,15:15:36,73.80,1160,122320
20221130,15:15:37,73.40,520,122320
20221130,15:15:38,73.85,320,122320
20221130,15:15:40,73.95,400,122320
20221130,15:15:41,73.85,840,122320
20221130,15:15:42,74.70,3120,122320
20221130,15:15:43,74.70,800,122320
20221130,15:15:44,74.10,920,122320
20221130,15:15:45,74.55,440,122320
20221130,15:15:46,74.65,1000,122320
20221130,15:15:47,74.75,2520,122320
20221130,15:15:50,74.90,1600,122320
20221130,15:15:51,75.00,2400,122320
20221130,15:15:52,75.15,2440,122320
20221130,15:15:53,74.75,680,122320
20221130,15:15:55,74.75,2000,122320
20221130,15:15:56,74.80,720,122320
20221130,15:15:57,75.20,400,122320
20221130,15:15:58,75.40,920,122320
20221130,15:15:59,75.05,560,122320
20221130,15:16:00,74.70,2400,122320
20221130,15:16:01,73.95,1680,122320
20221130,15:16:02,73.60,5080,122320
20221130,15:16:03,73.55,1720,122320
20221130,15:16:04,73.50,400,122320
20221130,15:16:05,73.05,760,122320
20221130,15:16:06,73.05,1080,122320
20221130,15:16:07,70.10,3760,122320
20221130,15:16:08,69.40,2800,122320
20221130,15:16:09,69.30,1400,122320
20221130,15:16:10,68.40,1960,122320
20221130,15:16:11,67.95,2040,122320
20221130,15:16:12,67.50,1760,122320
20221130,15:16:13,67.55,120,122320
20221130,15:16:14,67.65,80,122320
20221130,15:16:15,67.30,40,122320
20221130,15:16:16,67.75,3840,122320
20221130,15:16:17,67.45,40,122320
20221130,15:16:18,67.75,360,122320
20221130,15:16:19,67.55,240,122320
20221130,15:16:21,67.55,560,122320
20221130,15:16:22,66.70,2160,122320
20221130,15:16:23,66.85,40,122320
20221130,15:16:24,66.45,280,122320
20221130,15:16:25,66.75,1000,122320
20221130,15:16:26,66.70,440,122320
20221130,15:16:27,67.55,2040,122320
20221130,15:16:28,67.70,320,122320
20221130,15:16:30,67.95,960,122320
20221130,15:16:31,68.00,280,122320
20221130,15:16:32,68.25,2960,122320
20221130,15:16:33,68.45,640,122320
20221130,15:16:34,68.50,1680,122320
20221130,15:16:35,68.30,240,122320
20221130,15:16:38,68.55,80,122320
20221130,15:16:41,68.45,40,122320
20221130,15:16:42,68.60,2080,122320
20221130,15:16:43,68.60,80,122320
20221130,15:16:44,68.95,360,122320
20221130,15:16:45,69.20,680,122320
20221130,15:16:47,69.90,1920,122320
20221130,15:16:48,70.05,840,122320
20221130,15:16:49,69.55,600,122320
20221130,15:16:50,70.60,120,122320
20221130,15:16:51,70.30,2800,122320
20221130,15:16:52,70.30,200,122320
20221130,15:16:53,70.30,1360,122320
20221130,15:16:54,70.85,1640,122320
20221130,15:16:55,70.85,680,122320
20221130,15:16:56,70.75,160,122320
20221130,15:16:57,70.95,40,122320
20221130,15:16:58,71.70,160,122320
20221130,15:16:59,71.15,1040,122320
20221130,15:17:00,72.15,3480,122320
20221130,15:17:01,71.65,320,122320
20221130,15:17:02,71.90,80,122320
20221130,15:17:03,71.20,40,122320
20221130,15:17:04,71.15,160,122320
20221130,15:17:06,71.30,40,122320
20221130,15:17:08,71.15,120,122320
20221130,15:17:09,71.40,440,122320
20221130,15:17:10,71.90,920,122320
20221130,15:17:12,71.60,120,122320
20221130,15:17:13,72.40,280,122320
20221130,15:17:14,72.30,760,122320
20221130,15:17:15,72.60,1560,122320
20221130,15:17:17,72.95,1000,122320
20221130,15:17:18,73.60,800,122320
20221130,15:17:19,73.10,440,122320
20221130,15:17:20,72.85,280,122320
20221130,15:17:23,73.05,160,122320
20221130,15:17:24,73.05,2040,122320
20221130,15:17:25,73.45,1640,122320
20221130,15:17:26,73.40,1040,122320
20221130,15:17:27,73.00,440,122320
20221130,15:17:28,73.00,600,122320
20221130,15:17:30,73.30,800,122320
20221130,15:17:31,72.70,880,122320
20221130,15:17:32,72.85,2320,122320
20221130,15:17:33,73.45,800,122320
20221130,15:17:34,72.80,520,122320
20221130,15:17:35,73.00,200,122320
20221130,15:17:36,73.35,80,122320
20221130,15:17:37,73.35,120,122320
20221130,15:17:38,73.35,120,122320
20221130,15:17:38,73.15,1000,122320
20221130,15:17:41,73.35,80,122320
20221130,15:17:42,73.80,640,122320
20221130,15:17:43,73.90,360,122320
20221130,15:17:44,74.00,1120,122320
20221130,15:17:46,73.90,2840,122320
20221130,15:17:47,73.10,1120,122320
20221130,15:17:48,72.90,720,122320
20221130,15:17:49,72.45,2200,122320
20221130,15:17:50,72.70,1120,122320
20221130,15:17:52,73.25,40,122320
20221130,15:17:52,72.65,40,122320
20221130,15:17:53,72.90,320,122320
20221130,15:17:54,72.90,120,122320
20221130,15:17:57,73.65,80,122320
20221130,15:17:57,73.65,200,122320
20221130,15:17:58,73.75,80,122320
20221130,15:18:01,73.00,1600,122320
20221130,15:18:02,73.15,160,122320
20221130,15:18:03,72.90,1000,122320
20221130,15:18:04,73.20,120,122320
20221130,15:18:05,73.00,2560,122320
20221130,15:18:06,73.25,1040,122320
20221130,15:18:08,73.65,360,122320
20221130,15:18:09,73.25,960,122320
20221130,15:18:10,73.55,840,122320
20221130,15:18:11,73.55,280,122320
20221130,15:18:12,73.65,40,122320
20221130,15:18:13,73.30,1800,122320
20221130,15:18:15,73.55,480,122320
20221130,15:18:16,73.15,2000,122320
20221130,15:18:17,73.15,80,122320
20221130,15:18:19,73.00,360,122320
20221130,15:18:20,73.00,80,122320
20221130,15:18:22,72.95,240,122320
20221130,15:18:24,73.00,160,122320
20221130,15:18:24,73.00,1120,122320
20221130,15:18:25,72.75,960,122320
20221130,15:18:26,73.05,400,122320
20221130,15:18:27,73.15,560,122320
20221130,15:18:28,73.10,720,122320
20221130,15:18:29,72.55,800,143800
20221130,15:18:31,72.20,2640,143800
20221130,15:18:32,72.05,760,143800
20221130,15:18:34,72.20,1200,143800
20221130,15:18:34,71.70,480,143800
20221130,15:18:36,71.15,2360,143800
20221130,15:18:36,71.15,280,143800
20221130,15:18:37,71.15,40,143800
20221130,15:18:38,71.05,80,143800
20221130,15:18:40,71.00,1320,143800
20221130,15:18:40,71.10,40,143800
20221130,15:18:41,71.10,40,143800
20221130,15:18:42,70.50,1040,143800
20221130,15:18:43,70.35,760,143800
20221130,15:18:44,70.35,400,143800
20221130,15:18:46,70.05,2200,143800
20221130,15:18:47,70.45,160,143800
20221130,15:18:49,70.75,720,143800
20221130,15:18:50,70.25,160,143800
20221130,15:18:51,70.20,280,143800
20221130,15:18:52,70.40,80,143800
20221130,15:18:53,70.35,80,143800
20221130,15:18:56,70.75,240,143800
20221130,15:18:57,70.65,280,143800
20221130,15:18:58,70.85,120,143800
20221130,15:18:59,71.00,760,143800
20221130,15:19:00,71.40,2280,143800
20221130,15:19:01,71.70,40,143800
20221130,15:19:02,71.05,360,143800
20221130,15:19:04,70.65,680,143800
20221130,15:19:07,72.00,1720,143800
20221130,15:19:08,72.45,1400,143800
20221130,15:19:09,73.35,1200,143800
20221130,15:19:10,73.50,2240,143800
20221130,15:19:11,73.40,240,143800
20221130,15:19:12,73.10,960,143800
20221130,15:19:13,73.15,920,143800
20221130,15:19:14,73.35,1520,143800
20221130,15:19:15,73.95,1320,143800
20221130,15:19:16,73.95,40,143800
20221130,15:19:18,74.00,200,143800
20221130,15:19:20,73.85,1440,143800
20221130,15:19:22,73.15,880,143800
20221130,15:19:25,73.45,40,143800
20221130,15:19:26,73.00,120,143800
20221130,15:19:27,73.00,160,143800
20221130,15:19:27,73.00,120,143800
20221130,15:19:31,73.00,1800,143800
20221130,15:19:33,73.00,440,143800
20221130,15:19:34,73.00,200,143800
20221130,15:19:34,73.25,40,143800
20221130,15:19:35,73.05,80,143800
20221130,15:19:36,73.20,200,143800
20221130,15:19:38,72.30,880,143800
20221130,15:19:39,72.85,600,143800
20221130,15:19:39,72.20,240,143800
20221130,15:19:40,72.10,640,143800
20221130,15:19:41,72.50,240,143800
20221130,15:19:42,72.45,1240,143800
20221130,15:19:44,71.65,240,143800
20221130,15:19:45,72.35,240,143800
20221130,15:19:46,72.45,120,143800
20221130,15:19:47,72.00,40,143800
20221130,15:19:48,72.00,400,143800
20221130,15:19:51,71.95,320,143800
20221130,15:19:52,72.50,40,143800
20221130,15:19:53,72.10,400,143800
20221130,15:19:57,72.10,80,143800
20221130,15:19:57,71.95,120,143800
20221130,15:19:58,72.50,720,143800
20221130,15:19:59,72.50,1440,143800
20221130,15:20:01,72.25,80,143800
20221130,15:20:02,73.30,3680,143800
20221130,15:20:03,73.00,6240,143800
20221130,15:20:04,73.00,80,143800
20221130,15:20:05,73.25,200,143800
20221130,15:20:07,73.05,80,143800
20221130,15:20:08,73.70,80,143800
20221130,15:20:08,73.55,120,143800
20221130,15:20:09,74.00,800,143800
20221130,15:20:12,73.60,720,143800
20221130,15:20:13,74.20,80,143800
20221130,15:20:14,74.00,240,143800
20221130,15:20:15,74.00,560,143800
20221130,15:20:16,74.85,80,143800
20221130,15:20:18,74.25,920,143800
20221130,15:20:19,74.20,40,143800
20221130,15:20:20,74.65,160,143800
20221130,15:20:21,74.25,40,143800
20221130,15:20:23,74.95,120,143800
20221130,15:20:24,75.55,1320,143800
20221130,15:20:25,75.00,40,143800
20221130,15:20:26,75.45,120,143800
20221130,15:20:28,75.55,400,143800
20221130,15:20:29,74.55,80,143800
20221130,15:20:31,75.50,40,143800
20221130,15:20:32,74.60,320,143800
20221130,15:20:33,75.70,40,143800
20221130,15:20:38,76.05,80,143800
20221130,15:20:39,76.20,2560,143800
20221130,15:20:41,76.75,40,143800
20221130,15:20:42,76.80,280,143800
20221130,15:20:43,76.80,320,143800
20221130,15:20:44,77.00,560,143800
20221130,15:20:45,78.00,1920,143800
20221130,15:20:46,75.40,1320,143800
20221130,15:20:47,75.95,520,143800
20221130,15:20:47,76.20,40,143800
20221130,15:20:48,78.65,1120,143800
20221130,15:20:49,79.05,120,143800
20221130,15:20:53,79.05,3200,143800
20221130,15:20:54,77.60,160,143800
20221130,15:20:56,75.80,480,143800
20221130,15:20:57,77.00,1200,143800
20221130,15:20:58,77.00,400,143800
20221130,15:20:59,77.30,200,143800
20221130,15:21:00,76.30,40,143800
20221130,15:21:01,76.00,2400,143800
20221130,15:21:06,77.05,240,143800
20221130,15:21:08,77.55,440,143800
20221130,15:21:09,78.65,560,143800
20221130,15:21:09,77.75,200,143800
20221130,15:21:10,77.35,1200,143800
20221130,15:21:11,77.00,2520,143800
20221130,15:21:12,78.45,320,143800
20221130,15:21:14,77.60,40,143800
20221130,15:21:15,78.90,640,143800
20221130,15:21:15,78.00,40,143800
20221130,15:21:16,79.00,120,143800
20221130,15:21:17,78.55,200,143800
20221130,15:21:18,79.90,80,143800
20221130,15:21:19,79.90,160,143800
20221130,15:21:21,78.85,1880,143800
20221130,15:21:22,79.25,80,143800
20221130,15:21:23,80.00,1320,143800
20221130,15:21:25,80.75,480,143800
20221130,15:21:27,80.45,480,143800
20221130,15:21:28,79.20,3320,143800
20221130,15:21:29,79.20,400,143800
20221130,15:21:30,79.95,40,141840
20221130,15:21:31,79.90,360,141840
20221130,15:21:32,79.80,120,141840
20221130,15:21:33,80.00,240,141840
20221130,15:21:34,80.00,40,141840
20221130,15:21:35,78.60,1920,141840
20221130,15:21:36,79.80,1080,141840
20221130,15:21:37,80.50,2000,141840
20221130,15:21:38,79.65,2480,141840
20221130,15:21:39,80.80,1200,141840
20221130,15:21:40,79.65,1160,141840
20221130,15:21:42,80.60,960,141840
20221130,15:21:43,81.00,760,141840
20221130,15:21:48,80.35,120,141840
20221130,15:21:50,80.50,200,141840
20221130,15:21:51,80.95,1560,141840
20221130,15:21:55,80.10,480,141840
20221130,15:21:57,80.00,1240,141840
20221130,15:21:58,80.25,2280,141840
20221130,15:21:59,80.00,1080,141840
20221130,15:22:00,78.70,1280,141840
20221130,15:22:01,78.40,1040,141840
20221130,15:22:02,79.35,240,141840
20221130,15:22:03,78.55,120,141840
20221130,15:22:04,78.55,40,141840
20221130,15:22:05,78.60,320,141840
20221130,15:22:06,78.50,640,141840
20221130,15:22:07,77.50,800,141840
20221130,15:22:08,78.00,1120,141840
20221130,15:22:09,78.05,720,141840
20221130,15:22:10,78.60,800,141840
20221130,15:22:10,78.05,80,141840
20221130,15:22:12,78.55,1080,141840
20221130,15:22:13,78.05,40,141840
20221130,15:22:14,78.15,80,141840
20221130,15:22:15,78.20,200,141840
20221130,15:22:17,79.00,1000,141840
20221130,15:22:18,78.25,480,141840
20221130,15:22:19,78.20,360,141840
20221130,15:22:19,78.20,120,141840
20221130,15:22:20,78.15,240,141840
20221130,15:22:22,78.00,800,141840
20221130,15:22:24,78.00,240,141840
20221130,15:22:25,78.00,720,141840
20221130,15:22:27,77.75,400,141840
20221130,15:22:28,77.95,320,141840
20221130,15:22:30,78.00,120,141840
20221130,15:22:31,77.35,600,141840
20221130,15:22:32,77.50,440,141840
20221130,15:22:33,77.50,760,141840
20221130,15:22:34,78.05,40,141840
20221130,15:22:35,77.50,40,141840
20221130,15:22:36,78.05,80,141840
20221130,15:22:37,77.60,120,141840
20221130,15:22:38,77.50,880,141840
20221130,15:22:41,76.85,120,141840
20221130,15:22:43,76.35,520,141840
20221130,15:22:44,77.70,1200,141840
20221130,15:22:46,77.75,320,141840
20221130,15:22:47,77.10,440,141840
20221130,15:22:48,77.80,40,141840
20221130,15:22:49,77.70,120,141840
20221130,15:22:59,78.20,640,141840
20221130,15:23:00,77.10,640,141840
20221130,15:23:02,78.20,240,141840
20221130,15:23:03,77.80,160,141840
20221130,15:23:05,78.85,80,141840
20221130,15:23:08,78.25,280,141840
20221130,15:23:12,78.35,120,141840
20221130,15:23:14,78.10,800,141840
20221130,15:23:15,78.05,40,141840
20221130,15:23:18,77.55,120,141840
20221130,15:23:19,77.95,120,141840
20221130,15:23:21,77.05,40,141840
20221130,15:23:22,76.10,1040,141840
20221130,15:23:23,75.95,720,141840
20221130,15:23:25,76.05,160,141840
20221130,15:23:26,76.20,80,141840
20221130,15:23:27,76.10,160,141840
20221130,15:23:27,76.05,360,141840
20221130,15:23:28,75.45,280,141840
20221130,15:23:29,75.35,120,141840
20221130,15:23:32,75.05,1600,141840
20221130,15:23:33,76.05,560,141840
20221130,15:23:34,76.00,360,141840
20221130,15:23:35,75.00,600,141840
20221130,15:23:37,75.15,640,141840
20221130,15:23:39,74.90,440,141840
20221130,15:23:40,73.85,560,141840
20221130,15:23:41,74.10,120,141840
20221130,15:23:42,74.85,280,141840
20221130,15:23:47,74.05,440,141840
20221130,15:23:47,73.55,240,141840
20221130,15:23:48,73.95,40,141840
20221130,15:23:49,73.55,400,141840
20221130,15:23:53,74.15,40,141840
20221130,15:23:58,73.50,400,141840
20221130,15:24:01,73.05,1160,141840
20221130,15:24:02,73.50,120,141840
20221130,15:24:04,73.65,240,141840
20221130,15:24:05,73.65,40,141840
20221130,15:24:06,73.55,40,141840
20221130,15:24:10,74.00,400,141840
20221130,15:24:11,74.00,1160,141840
20221130,15:24:12,74.00,1840,141840
20221130,15:24:13,74.15,400,141840
20221130,15:24:14,73.50,680,141840
20221130,15:24:16,74.15,40,141840
20221130,15:24:17,74.20,800,141840
20221130,15:24:19,73.75,40,141840
20221130,15:24:21,73.90,320,141840
20221130,15:24:22,73.70,40,141840
20221130,15:24:27,73.95,240,141840
20221130,15:24:29,74.30,40,141840
20221130,15:24:30,74.55,80,141840
20221130,15:24:32,74.60,120,136280
20221130,15:24:33,74.45,400,136280
20221130,15:24:34,74.15,320,136280
20221130,15:24:35,74.25,240,136280
20221130,15:24:38,74.95,40,136280
20221130,15:24:39,74.30,280,136280
20221130,15:24:40,74.25,640,136280
20221130,15:24:43,74.65,400,136280
20221130,15:24:46,74.80,200,136280
20221130,15:24:47,74.15,40,136280
20221130,15:24:48,74.80,560,136280
20221130,15:24:49,74.85,200,136280
20221130,15:24:52,74.55,120,136280
20221130,15:24:53,74.95,40,136280
20221130,15:24:55,75.40,40,136280
20221130,15:24:57,74.80,120,136280
20221130,15:24:58,75.00,200,136280
20221130,15:25:00,75.55,40,136280
20221130,15:25:01,74.65,160,136280
20221130,15:25:10,75.30,120,136280
20221130,15:25:11,75.30,40,136280
20221130,15:25:14,75.10,160,136280
20221130,15:25:15,75.15,400,136280
20221130,15:25:17,75.20,360,136280
20221130,15:25:21,75.05,240,136280
20221130,15:25:22,75.20,280,136280
20221130,15:25:23,75.00,120,136280
20221130,15:25:24,74.35,360,136280
20221130,15:25:26,73.25,1480,136280
20221130,15:25:28,73.40,40,136280
20221130,15:25:29,73.40,160,136280
20221130,15:25:33,73.50,640,136280
20221130,15:25:35,74.25,120,136280
20221130,15:25:36,72.95,1200,136280
20221130,15:25:38,73.95,1320,136280
20221130,15:25:39,73.65,120,136280
20221130,15:25:40,73.95,80,136280
20221130,15:25:41,73.95,40,136280
20221130,15:25:44,73.55,40,136280
20221130,15:25:45,73.85,40,136280
20221130,15:25:47,73.85,240,136280
20221130,15:25:48,74.00,440,136280
20221130,15:25:50,73.95,200,136280
20221130,15:25:51,74.25,800,136280
20221130,15:25:52,74.25,1440,136280
20221130,15:25:53,74.45,80,136280
20221130,15:25:55,74.40,40,136280
20221130,15:25:56,74.95,1920,136280
20221130,15:25:57,74.40,680,136280
20221130,15:25:58,74.40,480,136280
20221130,15:25:59,74.60,240,136280
20221130,15:26:01,74.15,800,136280
20221130,15:26:02,74.15,240,136280
20221130,15:26:04,74.90,200,136280
20221130,15:26:05,74.15,1480,136280
20221130,15:26:09,74.25,40,136280
20221130,15:26:10,74.05,1520,136280
20221130,15:26:11,74.05,120,136280
20221130,15:26:14,73.85,1240,136280
20221130,15:26:16,73.95,200,136280
20221130,15:26:17,73.95,80,136280
20221130,15:26:19,73.90,200,136280
20221130,15:26:20,73.95,40,136280
20221130,15:26:22,73.85,120,136280
20221130,15:26:26,73.70,120,136280
20221130,15:26:28,73.05,40,136280
20221130,15:26:29,73.80,480,136280
20221130,15:26:31,73.50,160,136280
20221130,15:26:32,74.00,200,136280
20221130,15:26:33,74.00,1000,136280
20221130,15:26:34,74.25,40,136280
20221130,15:26:36,74.20,160,136280
20221130,15:26:41,73.80,320,136280
20221130,15:26:43,73.10,40,136280
20221130,15:26:48,73.80,520,136280
20221130,15:26:49,73.40,840,136280
20221130,15:26:50,73.05,40,136280
20221130,15:26:52,73.55,120,136280
20221130,15:26:53,73.60,120,136280
20221130,15:26:57,72.80,1200,136280
20221130,15:26:58,72.70,1120,136280
20221130,15:27:01,72.60,80,136280
20221130,15:27:02,72.50,120,136280
20221130,15:27:03,72.50,80,136280
20221130,15:27:04,72.50,160,136280
20221130,15:27:05,72.50,80,136280
20221130,15:27:06,72.35,320,136280
20221130,15:27:07,72.35,400,136280
20221130,15:27:08,72.20,880,136280
20221130,15:27:09,72.45,80,136280
20221130,15:27:10,72.45,40,136280
20221130,15:27:11,72.50,280,136280
20221130,15:27:12,72.00,1240,136280
20221130,15:27:16,72.25,200,136280
20221130,15:27:17,72.10,240,136280
20221130,15:27:19,72.00,160,136280
20221130,15:27:20,71.95,320,136280
20221130,15:27:21,72.35,360,136280
20221130,15:27:25,72.00,360,136280
20221130,15:27:27,72.00,200,136280
20221130,15:27:28,72.25,200,136280
20221130,15:27:29,72.00,240,136280
20221130,15:27:30,72.00,120,136280
20221130,15:27:35,72.20,280,132960
20221130,15:27:36,72.10,40,132960
20221130,15:27:37,72.95,360,132960
20221130,15:27:39,72.25,40,132960
20221130,15:27:43,71.80,240,132960
20221130,15:27:44,71.50,80,132960
20221130,15:27:46,71.40,360,132960
20221130,15:27:47,71.20,400,132960
20221130,15:27:48,71.20,80,132960
20221130,15:27:49,71.20,1280,132960
20221130,15:27:50,71.00,600,132960
20221130,15:27:51,71.00,640,132960
20221130,15:27:52,70.00,760,132960
20221130,15:27:56,70.25,280,132960
20221130,15:27:57,70.75,40,132960
20221130,15:28:00,70.90,1360,132960
20221130,15:28:01,69.80,9240,132960
20221130,15:28:02,69.80,160,132960
20221130,15:28:03,69.05,2440,132960
20221130,15:28:04,69.95,680,132960
20221130,15:28:06,68.55,2160,132960
20221130,15:28:07,70.60,120,132960
20221130,15:28:08,72.10,360,132960
20221130,15:28:09,72.15,480,132960
20221130,15:28:10,71.00,440,132960
20221130,15:28:11,69.60,1400,132960
20221130,15:28:12,71.45,640,132960
20221130,15:28:14,72.00,40,132960
20221130,15:28:15,70.20,80,132960
20221130,15:28:17,70.85,280,132960
20221130,15:28:18,72.95,240,132960
20221130,15:28:19,72.30,280,132960
20221130,15:28:20,72.75,80,132960
20221130,15:28:21,72.05,120,132960
20221130,15:28:22,73.00,480,132960
20221130,15:28:25,71.80,320,132960
20221130,15:28:26,72.85,40,132960
20221130,15:28:32,72.00,120,132960
20221130,15:28:34,69.70,600,132960
20221130,15:28:36,72.65,40,132960
20221130,15:28:37,74.90,320,132960
20221130,15:28:38,73.50,280,132960
20221130,15:28:40,72.30,1360,132960
20221130,15:28:41,73.55,40,132960
20221130,15:28:47,73.50,80,132960
20221130,15:28:48,70.40,1280,132960
20221130,15:28:49,73.45,200,132960
20221130,15:28:51,73.40,80,132960
20221130,15:28:51,72.05,120,132960
20221130,15:28:54,73.95,40,132960
20221130,15:28:55,73.35,120,132960
20221130,15:28:57,73.70,80,132960
20221130,15:28:59,73.70,560,132960
20221130,15:29:00,73.75,80,132960
20221130,15:29:01,73.60,120,132960
20221130,15:29:02,73.30,1160,132960
20221130,15:29:03,72.80,160,132960
20221130,15:29:04,69.20,280,132960
20221130,15:29:05,71.05,120,132960
20221130,15:29:06,73.40,40,132960
20221130,15:29:07,73.65,80,132960
20221130,15:29:08,73.70,200,132960
20221130,15:29:09,73.70,400,132960
20221130,15:29:10,73.00,80,132960
20221130,15:29:11,73.00,120,132960
20221130,15:29:13,70.00,840,132960
20221130,15:29:14,72.30,80,132960
20221130,15:29:15,71.85,600,132960
20221130,15:29:17,71.05,80,132960
20221130,15:29:18,70.60,160,132960
20221130,15:29:19,73.00,280,132960
20221130,15:29:22,70.00,400,132960
20221130,15:29:25,73.00,520,132960
20221130,15:29:25,73.00,40,132960
20221130,15:29:26,73.00,40,132960
20221130,15:29:27,73.00,360,132960
20221130,15:29:28,73.00,120,132960
20221130,15:29:29,73.00,160,132960
20221130,15:29:31,73.00,120,132960
20221130,15:29:31,73.00,160,132960
20221130,15:29:32,73.00,40,132960
20221130,15:29:33,70.25,640,132960
20221130,15:29:34,72.25,200,132960
20221130,15:29:35,70.05,40,132960
20221130,15:29:37,70.05,80,132960
20221130,15:29:38,70.00,640,132960
20221130,15:29:39,71.55,120,132960
20221130,15:29:40,71.15,40,132960
20221130,15:29:41,71.90,40,132960
20221130,15:29:43,70.40,80,132960
20221130,15:29:43,70.45,40,132960
20221130,15:29:46,70.05,1120,132960
20221130,15:29:48,72.00,120,132960
20221130,15:29:49,72.00,280,132960
20221130,15:29:50,72.00,240,132960
20221130,15:29:51,72.00,1320,132960
20221130,15:29:53,70.05,320,132960
20221130,15:29:55,73.00,80,132960
20221130,15:29:56,73.00,40,132960
20221130,15:30:00,70.00,120,132960
